data_local,temperatura_media_c,temperatura_maxima_c,temperatura_minima_c,precipitacao_total_mm,observacoes_temperatura,observacoes_precipitacao,ano,mes,dia,valido_temperatura,valido_precipitacao,dia_chuvoso
2002-01-01,23.104166666666668,27.6,21.5,17.0,24,24,2002,1,1,True,True,1.0
2002-01-02,24.729166666666668,31.7,20.6,0.0,24,24,2002,1,2,True,True,0.0
2002-01-03,25.166666666666668,32.5,17.9,0.0,24,24,2002,1,3,True,True,0.0
2002-01-04,25.104166666666668,31.4,19.9,0.0,24,24,2002,1,4,True,True,0.0
2002-01-05,25.349999999999998,31.9,19.7,0.0,24,24,2002,1,5,True,True,0.0
2002-01-06,25.795833333333334,33.3,19.7,0.0,24,24,2002,1,6,True,True,0.0
2002-01-07,23.395833333333332,27.0,21.2,0.6000000000000001,24,24,2002,1,7,True,True,0.0
2002-01-08,24.099999999999998,30.4,19.8,55.4,24,24,2002,1,8,True,True,1.0
2002-01-09,22.075,26.7,18.3,4.2,24,24,2002,1,9,True,True,1.0
2002-01-10,,,,,20,20,2002,1,10,False,False,
2002-01-11,,,,,12,12,2002,1,11,False,False,
2002-01-12,,,,,21,21,2002,1,12,False,False,
2002-01-13,21.620833333333334,27.1,19.6,39.0,24,24,2002,1,13,True,True,1.0
2002-01-14,20.333333333333332,21.6,18.7,72.6,24,24,2002,1,14,True,True,1.0
2002-01-15,22.3875,30.2,18.6,24.0,24,24,2002,1,15,True,True,1.0
2002-01-16,21.0,26.6,17.4,0.0,24,24,2002,1,16,True,True,0.0
2002-01-17,20.35833333333333,28.3,12.7,0.0,24,24,2002,1,17,True,True,0.0
2002-01-18,20.166666666666668,27.8,14.5,0.0,24,24,2002,1,18,True,True,0.0
2002-01-19,21.8,28.2,17.0,0.0,24,24,2002,1,19,True,True,0.0
2002-01-20,21.40833333333333,28.7,18.5,18.4,24,24,2002,1,20,True,True,1.0
2002-01-21,24.304166666666664,30.2,20.2,0.2,24,24,2002,1,21,True,True,0.0
2002-01-22,25.587500000000002,32.7,20.9,4.6,24,24,2002,1,22,True,True,1.0
2002-01-23,23.5,29.8,19.5,0.4,24,24,2002,1,23,True,True,0.0
2002-01-24,25.7,32.4,20.1,0.0,24,24,2002,1,24,True,True,0.0
2002-01-25,23.474999999999998,32.3,19.8,11.600000000000001,24,24,2002,1,25,True,True,1.0
2002-01-26,24.96666666666667,32.9,19.5,0.2,24,24,2002,1,26,True,True,0.0
2002-01-27,23.212500000000002,31.2,20.0,28.599999999999998,24,24,2002,1,27,True,True,1.0
2002-01-28,23.608695652173914,32.1,20.4,10.199999999999998,23,23,2002,1,28,True,True,1.0
2002-01-29,,,,,3,3,2002,1,29,False,False,
2002-01-30,,,,,0,0,2002,1,30,False,False,
2002-01-31,,,,,0,0,2002,1,31,False,False,
2002-02-01,,,,,0,0,2002,2,1,False,False,
2002-02-02,,,,,0,0,2002,2,2,False,False,
2002-02-03,,,,,0,0,2002,2,3,False,False,
2002-02-04,,,,,0,0,2002,2,4,False,False,
2002-02-05,,,,,0,0,2002,2,5,False,False,
2002-02-06,,,,,0,0,2002,2,6,False,False,
2002-02-07,,,,,0,0,2002,2,7,False,False,
2002-02-08,,,,,13,13,2002,2,8,False,False,
2002-02-09,,,,,9,9,2002,2,9,False,False,
2002-02-10,,,,,0,0,2002,2,10,False,False,
2002-02-11,,,,,0,0,2002,2,11,False,False,
2002-02-12,,,,,0,0,2002,2,12,False,False,
2002-02-13,,,,,0,0,2002,2,13,False,False,
2002-02-14,,,,,0,0,2002,2,14,False,False,
2002-02-15,,,,,0,0,2002,2,15,False,False,
2002-02-16,,,,,0,0,2002,2,16,False,False,
2002-02-17,,,,,0,0,2002,2,17,False,False,
2002-02-18,,,,,0,0,2002,2,18,False,False,
2002-02-19,,,,,0,0,2002,2,19,False,False,
2002-02-20,,,,,0,0,2002,2,20,False,False,
2002-02-21,,,,,0,0,2002,2,21,False,False,
2002-02-22,,,,,0,0,2002,2,22,False,False,
2002-02-23,,,,,0,0,2002,2,23,False,False,
2002-02-24,,,,,0,0,2002,2,24,False,False,
2002-02-25,,,,,13,13,2002,2,25,False,False,
2002-02-26,22.991666666666664,28.0,18.1,0.0,24,24,2002,2,26,True,True,0.0
2002-02-27,21.40416666666667,23.4,19.6,7.6000000000000005,24,24,2002,2,27,True,True,1.0
2002-02-28,21.141666666666666,25.9,18.9,41.6,24,24,2002,2,28,True,True,1.0
2002-03-01,24.454166666666666,32.7,18.5,0.0,24,24,2002,3,1,True,True,0.0
2002-03-02,24.1375,31.3,19.8,0.0,24,24,2002,3,2,True,True,0.0
2002-03-03,24.03478260869565,31.6,19.6,0.0,23,23,2002,3,3,True,True,0.0
2002-03-04,23.854166666666668,32.6,19.5,0.0,24,24,2002,3,4,True,True,0.0
2002-03-05,25.15833333333333,32.1,19.5,0.0,24,24,2002,3,5,True,True,0.0
2002-03-06,,,,,8,8,2002,3,6,False,False,
2002-03-07,,,,,0,0,2002,3,7,False,False,
2002-03-08,,,,,0,0,2002,3,8,False,False,
2002-03-09,,,,,0,0,2002,3,9,False,False,
2002-03-10,,,,,0,0,2002,3,10,False,False,
2002-03-11,,,,,0,0,2002,3,11,False,False,
2002-03-12,,,,,9,9,2002,3,12,False,False,
2002-03-13,26.962500000000002,34.3,21.2,0.0,24,24,2002,3,13,True,True,0.0
2002-03-14,24.90416666666667,32.8,19.9,0.0,24,24,2002,3,14,True,True,0.0
2002-03-15,25.258333333333336,33.3,19.2,0.0,24,24,2002,3,15,True,True,0.0
2002-03-16,26.0,33.9,18.9,0.0,24,24,2002,3,16,True,True,0.0
2002-03-17,25.808333333333334,33.2,21.3,0.0,24,24,2002,3,17,True,True,0.0
2002-03-18,25.599999999999998,32.5,21.2,0.0,24,24,2002,3,18,True,True,0.0
2002-03-19,26.183333333333334,33.7,21.1,0.0,24,24,2002,3,19,True,True,0.0
2002-03-20,25.266666666666666,32.7,21.0,0.4,24,24,2002,3,20,True,True,0.0
2002-03-21,23.629166666666666,28.1,20.2,5.6000000000000005,24,24,2002,3,21,True,True,1.0
2002-03-22,23.745833333333334,30.6,18.6,0.0,24,24,2002,3,22,True,True,0.0
2002-03-23,23.03333333333333,30.4,18.3,4.4,24,24,2002,3,23,True,True,1.0
2002-03-24,21.954166666666666,25.1,20.5,13.0,24,24,2002,3,24,True,True,1.0
2002-03-25,23.691666666666666,30.3,20.7,1.6,24,24,2002,3,25,True,True,1.0
2002-03-26,23.983333333333334,31.1,18.5,0.0,24,24,2002,3,26,True,True,0.0
2002-03-27,24.004166666666666,31.4,19.0,0.2,24,24,2002,3,27,True,True,0.0
2002-03-28,23.983333333333334,31.2,19.1,0.0,24,24,2002,3,28,True,True,0.0
2002-03-29,25.474999999999998,32.5,21.0,0.0,24,24,2002,3,29,True,True,0.0
2002-03-30,,,,,16,16,2002,3,30,False,False,
2002-03-31,,,,,13,13,2002,3,31,False,False,
2002-04-01,,,,,21,21,2002,4,1,False,False,
2002-04-02,26.179166666666664,33.8,20.0,0.0,24,24,2002,4,2,True,True,0.0
2002-04-03,,,,,0,0,2002,4,3,False,False,
2002-04-04,,,,,0,0,2002,4,4,False,False,
2002-04-05,,,,,0,0,2002,4,5,False,False,
2002-04-06,,,,,0,0,2002,4,6,False,False,
2002-04-07,,,,,0,0,2002,4,7,False,False,
2002-04-08,,,,,0,0,2002,4,8,False,False,
2002-04-09,,,,,0,0,2002,4,9,False,False,
2002-04-10,,,,,0,0,2002,4,10,False,False,
2002-04-11,,,,,0,0,2002,4,11,False,False,
2002-04-12,,,,,0,0,2002,4,12,False,False,
2002-04-13,,,,,0,0,2002,4,13,False,False,
2002-04-14,,,,,0,0,2002,4,14,False,False,
2002-04-15,,,,,0,0,2002,4,15,False,False,
2002-04-16,,,,,0,0,2002,4,16,False,False,
2002-04-17,,,,,0,0,2002,4,17,False,False,
2002-04-18,,,,,0,0,2002,4,18,False,False,
2002-04-19,,,,,0,0,2002,4,19,False,False,
2002-04-20,,,,,0,0,2002,4,20,False,False,
2002-04-21,,,,,0,0,2002,4,21,False,False,
2002-04-22,,,,,0,0,2002,4,22,False,False,
2002-04-23,,,,,0,0,2002,4,23,False,False,
2002-04-24,,,,,0,0,2002,4,24,False,False,
2002-04-25,,,,,0,0,2002,4,25,False,False,
2002-04-26,,,,,0,0,2002,4,26,False,False,
2002-04-27,,,,,0,0,2002,4,27,False,False,
2002-04-28,,,,,0,0,2002,4,28,False,False,
2002-04-29,,,,,0,0,2002,4,29,False,False,
2002-04-30,,,,,0,0,2002,4,30,False,False,
2002-05-01,,,,,0,0,2002,5,1,False,False,
2002-05-02,,,,,7,8,2002,5,2,False,False,
2002-05-03,21.099999999999998,29.3,17.6,24.2,22,22,2002,5,3,True,True,1.0
2002-05-04,21.1875,25.9,19.2,0.4,24,24,2002,5,4,True,True,0.0
2002-05-05,21.6875,27.3,18.4,0.2,24,24,2002,5,5,True,True,0.0
2002-05-06,22.195833333333336,29.7,17.2,8.2,24,24,2002,5,6,True,True,1.0
2002-05-07,22.15416666666667,29.0,17.9,0.0,24,24,2002,5,7,True,True,0.0
2002-05-08,20.908333333333335,29.8,17.1,1.0,24,24,2002,5,8,True,True,1.0
2002-05-09,19.974999999999998,26.6,16.3,0.4,24,24,2002,5,9,True,True,0.0
2002-05-10,20.900000000000002,28.7,15.8,0.0,24,24,2002,5,10,True,True,0.0
2002-05-11,21.820833333333336,29.0,17.3,0.0,24,24,2002,5,11,True,True,0.0
2002-05-12,22.416666666666668,28.9,18.2,0.0,24,24,2002,5,12,True,True,0.0
2002-05-13,,,,,21,21,2002,5,13,False,False,
2002-05-14,,,,,14,14,2002,5,14,False,False,
2002-05-15,23.15833333333333,30.3,18.5,0.0,24,24,2002,5,15,True,True,0.0
2002-05-16,19.416666666666668,25.3,16.9,3.8000000000000003,24,24,2002,5,16,True,True,1.0
2002-05-17,21.833333333333332,29.7,16.7,0.0,24,24,2002,5,17,True,True,0.0
2002-05-18,20.341666666666665,25.8,17.6,0.0,24,24,2002,5,18,True,True,0.0
2002-05-19,18.220833333333335,21.0,16.4,28.000000000000004,24,24,2002,5,19,True,True,1.0
2002-05-20,18.879166666666666,22.6,16.0,16.2,24,24,2002,5,20,True,True,1.0
2002-05-21,17.849999999999998,20.9,16.1,12.0,24,24,2002,5,21,True,True,1.0
2002-05-22,17.575,22.9,14.5,0.0,24,24,2002,5,22,True,True,0.0
2002-05-23,17.4375,22.8,14.3,0.0,24,24,2002,5,23,True,True,0.0
2002-05-24,16.8625,22.6,13.1,0.0,24,24,2002,5,24,True,True,0.0
2002-05-25,16.279166666666665,23.4,11.7,0.0,24,24,2002,5,25,True,True,0.0
2002-05-26,16.541666666666668,24.2,11.8,0.0,24,24,2002,5,26,True,True,0.0
2002-05-27,17.041666666666668,25.1,11.5,0.0,24,24,2002,5,27,True,True,0.0
2002-05-28,17.55217391304348,25.5,12.1,0.0,23,23,2002,5,28,True,True,0.0
2002-05-29,18.633333333333333,25.7,14.3,0.0,24,24,2002,5,29,True,True,0.0
2002-05-30,19.287499999999998,26.2,14.4,0.0,24,24,2002,5,30,True,True,0.0
2002-05-31,18.587500000000002,22.6,15.9,0.0,24,24,2002,5,31,True,True,0.0
2002-06-01,19.541666666666668,26.2,14.9,0.0,24,24,2002,6,1,True,True,0.0
2002-06-02,20.666666666666668,27.0,16.0,0.0,24,24,2002,6,2,True,True,0.0
2002-06-03,20.266666666666666,27.0,14.7,0.0,24,24,2002,6,3,True,True,0.0
2002-06-04,20.6125,27.3,15.4,0.0,24,24,2002,6,4,True,True,0.0
2002-06-05,21.395833333333332,28.9,16.4,0.0,24,24,2002,6,5,True,True,0.0
2002-06-06,20.925,28.1,16.3,0.0,24,24,2002,6,6,True,True,0.0
2002-06-07,21.9375,28.9,16.6,0.0,24,24,2002,6,7,True,True,0.0
2002-06-08,21.416666666666668,29.1,16.8,0.0,24,24,2002,6,8,True,True,0.0
2002-06-09,22.070833333333336,29.3,16.3,0.0,24,24,2002,6,9,True,True,0.0
2002-06-10,22.0,28.7,17.5,0.0,24,24,2002,6,10,True,True,0.0
2002-06-11,21.833333333333332,29.0,17.3,0.0,24,24,2002,6,11,True,True,0.0
2002-06-12,22.495833333333334,30.0,17.5,0.0,24,24,2002,6,12,True,True,0.0
2002-06-13,22.291666666666668,30.1,18.0,0.0,24,24,2002,6,13,True,True,0.0
2002-06-14,22.358333333333334,29.6,18.3,0.0,24,24,2002,6,14,True,True,0.0
2002-06-15,19.98333333333333,25.6,16.0,0.0,24,24,2002,6,15,True,True,0.0
2002-06-16,19.3,26.3,14.9,0.0,24,24,2002,6,16,True,True,0.0
2002-06-17,20.0,26.7,15.7,0.0,24,24,2002,6,17,True,True,0.0
2002-06-18,,,,,21,21,2002,6,18,False,False,
2002-06-19,,,,,3,3,2002,6,19,False,False,
2002-06-20,,,,,13,13,2002,6,20,False,False,
2002-06-21,20.3875,27.4,15.4,0.0,24,24,2002,6,21,True,True,0.0
2002-06-22,18.75,25.4,14.3,0.0,24,24,2002,6,22,True,True,0.0
2002-06-23,,,,,16,16,2002,6,23,False,False,
2002-06-24,,,,,11,11,2002,6,24,False,False,
2002-06-25,17.675,26.0,12.9,0.0,24,24,2002,6,25,True,True,0.0
2002-06-26,17.066666666666666,25.2,11.5,0.0,24,24,2002,6,26,True,True,0.0
2002-06-27,18.845833333333335,27.8,12.9,0.0,24,24,2002,6,27,True,True,0.0
2002-06-28,20.245833333333334,28.4,14.7,0.0,24,24,2002,6,28,True,True,0.0
2002-06-29,21.170833333333334,28.4,16.5,0.0,24,24,2002,6,29,True,True,0.0
2002-06-30,21.462500000000002,29.4,16.2,0.0,24,24,2002,6,30,True,True,0.0
2002-07-01,21.9375,29.5,16.0,0.0,24,24,2002,7,1,True,True,0.0
2002-07-02,,,,,16,16,2002,7,2,False,False,
2002-07-03,19.941666666666666,27.3,14.0,0.0,24,24,2002,7,3,True,True,0.0
2002-07-04,19.570833333333333,26.4,14.9,0.0,24,24,2002,7,4,True,True,0.0
2002-07-05,,,,,21,21,2002,7,5,False,False,
2002-07-06,,,,,8,8,2002,7,6,False,False,
2002-07-07,,,,,17,17,2002,7,7,False,False,
2002-07-08,12.35,19.5,7.3,0.0,24,24,2002,7,8,True,True,0.0
2002-07-09,12.75,21.1,7.2,0.0,24,24,2002,7,9,True,True,0.0
2002-07-10,,,,,21,21,2002,7,10,False,False,
2002-07-11,14.166666666666666,15.9,11.8,4.4,24,24,2002,7,11,True,True,1.0
2002-07-12,,,,,21,21,2002,7,12,False,False,
2002-07-13,14.954166666666666,22.1,10.8,0.2,24,24,2002,7,13,True,True,0.0
2002-07-14,14.420833333333334,23.1,9.4,0.2,24,24,2002,7,14,True,True,0.0
2002-07-15,15.845454545454546,25.5,9.7,0.0,22,22,2002,7,15,True,True,0.0
2002-07-16,17.117391304347827,27.0,9.5,0.0,23,23,2002,7,16,True,True,0.0
2002-07-17,16.8125,25.0,10.4,0.0,24,24,2002,7,17,True,True,0.0
2002-07-18,15.091666666666667,22.4,9.2,0.0,24,24,2002,7,18,True,True,0.0
2002-07-19,17.070833333333333,25.0,11.3,0.0,24,24,2002,7,19,True,True,0.0
2002-07-20,19.695833333333333,27.8,13.7,0.0,24,24,2002,7,20,True,True,0.0
2002-07-21,17.825,20.9,16.0,6.8,24,24,2002,7,21,True,True,1.0
2002-07-22,16.345454545454547,17.7,15.2,20.200000000000003,22,22,2002,7,22,True,True,1.0
2002-07-23,18.195833333333333,25.3,13.3,0.0,24,24,2002,7,23,True,True,0.0
2002-07-24,19.754166666666666,28.2,13.5,0.0,24,24,2002,7,24,True,True,0.0
2002-07-25,22.179166666666664,30.9,16.1,0.0,24,24,2002,7,25,True,True,0.0
2002-07-26,20.741666666666667,29.1,15.1,0.0,24,24,2002,7,26,True,True,0.0
2002-07-27,20.986363636363635,30.2,14.2,0.0,22,22,2002,7,27,True,True,0.0
2002-07-28,,,,,15,15,2002,7,28,False,False,
2002-07-29,,,,,10,10,2002,7,29,False,False,
2002-07-30,19.120833333333334,29.5,11.8,0.0,24,24,2002,7,30,True,True,0.0
2002-07-31,20.520833333333332,29.1,17.5,1.6,24,24,2002,7,31,True,True,1.0
2002-08-01,18.495833333333334,22.3,16.0,14.4,24,24,2002,8,1,True,True,1.0
2002-08-02,16.754166666666666,18.6,15.7,25.800000000000004,24,24,2002,8,2,True,True,1.0
2002-08-03,,,,,21,21,2002,8,3,False,False,
2002-08-04,,,,,21,21,2002,8,4,False,False,
2002-08-05,23.370833333333334,31.6,16.8,0.0,24,24,2002,8,5,True,True,0.0
2002-08-06,23.5,31.3,17.9,0.0,24,24,2002,8,6,True,True,0.0
2002-08-07,,,,,18,18,2002,8,7,False,False,
2002-08-08,24.349999999999998,32.0,18.8,0.0,24,24,2002,8,8,True,True,0.0
2002-08-09,24.45,31.5,18.2,0.0,24,24,2002,8,9,True,True,0.0
2002-08-10,21.433333333333334,29.6,16.5,0.0,24,24,2002,8,10,True,True,0.0
2002-08-11,19.808333333333334,30.1,12.7,0.0,24,24,2002,8,11,True,True,0.0
2002-08-12,22.825,30.9,16.6,0.0,24,24,2002,8,12,True,True,0.0
2002-08-13,23.770833333333332,31.3,17.2,0.0,24,24,2002,8,13,True,True,0.0
2002-08-14,23.925,32.0,19.3,0.0,24,24,2002,8,14,True,True,0.0
2002-08-15,21.745833333333334,29.9,16.4,0.0,24,24,2002,8,15,True,True,0.0
2002-08-16,21.8125,30.1,16.0,0.0,24,24,2002,8,16,True,True,0.0
2002-08-17,21.741666666666664,28.8,15.4,0.0,24,24,2002,8,17,True,True,0.0
2002-08-18,22.27916666666667,30.2,15.9,0.0,24,24,2002,8,18,True,True,0.0
2002-08-19,21.962500000000002,29.6,15.9,0.0,24,24,2002,8,19,True,True,0.0
2002-08-20,22.2625,29.6,16.4,0.0,24,24,2002,8,20,True,True,0.0
2002-08-21,,,,,10,10,2002,8,21,False,False,
2002-08-22,,,,,14,14,2002,8,22,False,False,
2002-08-23,23.083333333333332,32.0,16.8,0.0,24,24,2002,8,23,True,True,0.0
2002-08-24,23.84166666666667,31.7,18.1,0.0,24,24,2002,8,24,True,True,0.0
2002-08-25,23.058333333333334,31.7,17.2,0.0,24,24,2002,8,25,True,True,0.0
2002-08-26,21.724999999999998,30.6,14.8,0.0,24,24,2002,8,26,True,True,0.0
2002-08-27,21.120833333333334,28.8,14.5,0.0,24,24,2002,8,27,True,True,0.0
2002-08-28,21.96666666666667,30.4,14.8,0.0,24,24,2002,8,28,True,True,0.0
2002-08-29,18.170833333333334,22.5,16.7,15.200000000000001,24,24,2002,8,29,True,True,1.0
2002-08-30,18.491666666666667,22.6,15.7,0.2,24,24,2002,8,30,True,True,0.0
2002-08-31,18.1125,23.5,15.3,3.2,24,24,2002,8,31,True,True,1.0
2002-09-01,15.475,21.7,10.1,0.0,24,24,2002,9,1,True,True,0.0
2002-09-02,11.3125,19.0,4.5,0.0,24,24,2002,9,2,True,True,0.0
2002-09-03,14.6,25.0,6.4,0.0,24,24,2002,9,3,True,True,0.0
2002-09-04,17.962500000000002,28.2,10.0,0.0,24,24,2002,9,4,True,True,0.0
2002-09-05,18.30909090909091,25.0,12.5,0.0,22,22,2002,9,5,True,True,0.0
2002-09-06,,,,,18,18,2002,9,6,False,False,
2002-09-07,19.691666666666666,25.6,15.2,18.0,24,24,2002,9,7,True,True,1.0
2002-09-08,16.570833333333333,23.0,13.4,0.0,24,24,2002,9,8,True,True,0.0
2002-09-09,18.970833333333335,27.1,13.4,0.0,24,24,2002,9,9,True,True,0.0
2002-09-10,21.604166666666668,30.4,15.0,0.0,24,24,2002,9,10,True,True,0.0
2002-09-11,22.8875,31.2,16.6,0.0,24,24,2002,9,11,True,True,0.0
2002-09-12,25.0,32.3,18.2,0.0,24,24,2002,9,12,True,True,0.0
2002-09-13,23.2,27.9,20.2,0.0,24,24,2002,9,13,True,True,0.0
2002-09-14,22.28333333333333,28.2,18.2,6.199999999999999,24,24,2002,9,14,True,True,1.0
2002-09-15,21.604166666666668,29.7,15.2,0.2,24,24,2002,9,15,True,True,0.0
2002-09-16,20.224999999999998,26.9,15.7,1.4,24,24,2002,9,16,True,True,1.0
2002-09-17,23.28333333333333,31.6,16.7,0.0,24,24,2002,9,17,True,True,0.0
2002-09-18,24.233333333333334,32.0,17.9,0.0,24,24,2002,9,18,True,True,0.0
2002-09-19,25.65833333333333,33.1,18.6,0.0,24,24,2002,9,19,True,True,0.0
2002-09-20,20.766666666666666,25.7,18.3,11.6,24,24,2002,9,20,True,True,1.0
2002-09-21,,,,,14,14,2002,9,21,False,False,
2002-09-22,,,,,11,11,2002,9,22,False,False,
2002-09-23,,,,,6,6,2002,9,23,False,False,
2002-09-24,,,,,0,0,2002,9,24,False,False,
2002-09-25,,,,,0,0,2002,9,25,False,False,
2002-09-26,,,,,0,0,2002,9,26,False,False,
2002-09-27,,,,,0,0,2002,9,27,False,False,
2002-09-28,,,,,0,0,2002,9,28,False,False,
2002-09-29,,,,,0,0,2002,9,29,False,False,
2002-09-30,,,,,0,0,2002,9,30,False,False,
2002-10-01,,,,,0,0,2002,10,1,False,False,
2002-10-02,,,,,0,0,2002,10,2,False,False,
2002-10-03,,,,,0,0,2002,10,3,False,False,
2002-10-04,,,,,0,0,2002,10,4,False,False,
2002-10-05,,,,,0,0,2002,10,5,False,False,
2002-10-06,,,,,0,0,2002,10,6,False,False,
2002-10-07,,,,,6,6,2002,10,7,False,False,
2002-10-08,,,,,16,16,2002,10,8,False,False,
2002-10-09,,,,,0,0,2002,10,9,False,False,
2002-10-10,,,,,6,6,2002,10,10,False,False,
2002-10-11,29.5,38.4,22.1,0.0,24,23,2002,10,11,True,True,0.0
2002-10-12,27.5125,38.7,20.6,4.2,24,24,2002,10,12,True,True,1.0
2002-10-13,,,,,14,14,2002,10,13,False,False,
2002-10-14,28.256521739130434,37.2,20.5,0.0,23,23,2002,10,14,True,True,0.0
2002-10-15,28.683333333333334,37.2,21.0,0.0,24,24,2002,10,15,True,True,0.0
2002-10-16,28.208333333333332,37.2,21.1,0.0,24,24,2002,10,16,True,True,0.0
2002-10-17,25.791666666666668,33.8,20.3,0.0,24,24,2002,10,17,True,True,0.0
2002-10-18,24.71666666666667,32.8,20.0,0.0,24,24,2002,10,18,True,True,0.0
2002-10-19,24.816666666666666,30.9,20.4,0.0,24,24,2002,10,19,True,True,0.0
2002-10-20,28.537499999999998,36.8,21.8,0.0,24,24,2002,10,20,True,True,0.0
2002-10-21,27.9,37.2,22.5,0.0,22,22,2002,10,21,True,True,0.0
2002-10-22,24.354166666666668,33.6,17.4,0.0,24,24,2002,10,22,True,True,0.0
2002-10-23,21.829166666666666,30.6,15.5,0.0,24,24,2002,10,23,True,True,0.0
2002-10-24,,,,,0,0,2002,10,24,False,False,
2002-10-25,,,,,0,0,2002,10,25,False,False,
2002-10-26,,,,,0,0,2002,10,26,False,False,
2002-10-27,,,,,0,0,2002,10,27,False,False,
2002-10-28,,,,,0,0,2002,10,28,False,False,
2002-10-29,,,,,0,0,2002,10,29,False,False,
2002-10-30,,,,,0,0,2002,10,30,False,False,
2002-10-31,,,,,0,0,2002,10,31,False,False,
2002-11-01,,,,,0,0,2002,11,1,False,False,
2002-11-02,,,,,0,0,2002,11,2,False,False,
2002-11-03,,,,,0,0,2002,11,3,False,False,
2002-11-04,,,,,0,0,2002,11,4,False,False,
2002-11-05,,,,,0,0,2002,11,5,False,False,
2002-11-06,,,,,0,0,2002,11,6,False,False,
2002-11-07,,,,,0,0,2002,11,7,False,False,
2002-11-08,,,,,0,0,2002,11,8,False,False,
2002-11-09,,,,,0,0,2002,11,9,False,False,
2002-11-10,,,,,0,0,2002,11,10,False,False,
2002-11-11,,,,,0,0,2002,11,11,False,False,
2002-11-12,,,,,15,15,2002,11,12,False,False,
2002-11-13,19.154166666666665,26.9,17.1,0.8,24,24,2002,11,13,True,True,0.0
2002-11-14,21.45217391304348,30.1,16.5,10.000000000000002,23,23,2002,11,14,True,True,1.0
2002-11-15,,,,,12,12,2002,11,15,False,False,
2002-11-16,,,,,12,12,2002,11,16,False,False,
2002-11-17,,,,,15,15,2002,11,17,False,False,
2002-11-18,,,,,12,12,2002,11,18,False,False,
2002-11-19,,,,,12,12,2002,11,19,False,False,
2002-11-20,,,,,20,20,2002,11,20,False,False,
2002-11-21,27.59583333333333,35.5,22.2,0.4,24,24,2002,11,21,True,True,0.0
2002-11-22,24.421739130434784,30.5,20.5,0.0,23,22,2002,11,22,True,True,0.0
2002-11-23,25.266666666666666,31.5,20.3,0.0,24,24,2002,11,23,True,True,0.0
2002-11-24,25.52173913043478,30.7,22.0,0.0,23,23,2002,11,24,True,True,0.0
2002-11-25,,,,,16,16,2002,11,25,False,False,
2002-11-26,,,,,14,14,2002,11,26,False,False,
2002-11-27,,,,,18,18,2002,11,27,False,False,
2002-11-28,,,,,0,0,2002,11,28,False,False,
2002-11-29,,,,,0,0,2002,11,29,False,False,
2002-11-30,,,,,0,0,2002,11,30,False,False,
2002-12-01,,,,,0,0,2002,12,1,False,False,
2002-12-02,,,,,0,0,2002,12,2,False,False,
2002-12-03,,,,,0,0,2002,12,3,False,False,
2002-12-04,,,,,0,0,2002,12,4,False,False,
2002-12-05,,,,,0,0,2002,12,5,False,False,
2002-12-06,,,,,0,0,2002,12,6,False,False,
2002-12-07,,,,,0,0,2002,12,7,False,False,
2002-12-08,,,,,0,0,2002,12,8,False,False,
2002-12-09,,,,,11,11,2002,12,9,False,False,
2002-12-10,22.495454545454546,27.9,19.0,0.0,22,22,2002,12,10,True,True,0.0
2002-12-11,23.629166666666666,29.3,19.9,0.0,24,24,2002,12,11,True,True,0.0
2002-12-12,24.90416666666667,31.5,19.8,0.0,24,24,2002,12,12,True,True,0.0
2002-12-13,23.6125,31.1,19.4,1.5999999999999999,24,24,2002,12,13,True,True,1.0
2002-12-14,24.09166666666667,31.9,17.9,14.8,24,24,2002,12,14,True,True,1.0
2002-12-15,22.813636363636363,28.4,18.9,8.399999999999999,22,22,2002,12,15,True,True,1.0
2002-12-16,22.412499999999998,28.7,17.6,76.0,24,24,2002,12,16,True,True,1.0
2002-12-17,,,,,17,17,2002,12,17,False,False,
2002-12-18,,,,,17,17,2002,12,18,False,False,
2002-12-19,24.97391304347826,34.1,17.8,0.0,23,23,2002,12,19,True,True,0.0
2002-12-20,27.05,32.5,21.6,0.0,22,22,2002,12,20,True,True,0.0
2002-12-21,24.430434782608696,31.5,19.2,39.0,23,22,2002,12,21,True,True,1.0
2002-12-22,24.808695652173913,31.4,20.1,0.2,23,22,2002,12,22,True,True,0.0
2002-12-23,23.491666666666664,32.8,20.3,13.0,24,24,2002,12,23,True,True,1.0
2002-12-24,24.78333333333333,32.8,20.4,0.4,24,24,2002,12,24,True,True,0.0
2002-12-25,23.960869565217394,29.8,20.7,8.4,23,23,2002,12,25,True,True,1.0
2002-12-26,22.650000000000002,29.7,18.3,0.0,24,23,2002,12,26,True,True,0.0
2002-12-27,23.3,31.4,16.9,0.0,24,24,2002,12,27,True,True,0.0
2002-12-28,24.277272727272727,32.5,17.4,0.0,22,22,2002,12,28,True,True,0.0
2002-12-29,26.495454545454546,34.2,20.0,0.0,22,22,2002,12,29,True,True,0.0
2002-12-30,26.56086956521739,34.6,19.2,0.0,23,23,2002,12,30,True,True,0.0
2002-12-31,26.53333333333333,33.6,18.4,0.0,24,24,2002,12,31,True,True,0.0
2003-01-01,27.1375,33.6,21.3,1.4000000000000001,24,24,2003,1,1,True,True,1.0
2003-01-02,,,,,18,18,2003,1,2,False,False,
2003-01-03,23.67391304347826,28.7,21.3,17.8,23,23,2003,1,3,True,True,1.0
2003-01-04,22.808333333333334,27.0,21.0,43.400000000000006,24,24,2003,1,4,True,True,1.0
2003-01-05,22.270833333333332,24.2,21.4,16.599999999999998,24,24,2003,1,5,True,True,1.0
2003-01-06,23.930434782608696,31.4,21.1,5.0,23,23,2003,1,6,True,True,1.0
2003-01-07,24.400000000000002,32.3,16.6,0.0,24,24,2003,1,7,True,True,0.0
2003-01-08,25.662499999999998,33.0,19.2,0.0,24,24,2003,1,8,True,True,0.0
2003-01-09,25.395833333333332,31.3,20.5,0.0,24,24,2003,1,9,True,True,0.0
2003-01-10,26.843478260869563,33.8,23.2,3.6,23,23,2003,1,10,True,True,1.0
2003-01-11,24.182608695652174,31.8,19.2,23.8,23,23,2003,1,11,True,True,1.0
2003-01-12,23.165217391304346,29.2,20.6,25.4,23,23,2003,1,12,True,True,1.0
2003-01-13,21.7,25.6,19.7,5.4,24,24,2003,1,13,True,True,1.0
2003-01-14,22.991666666666664,28.7,19.0,0.0,24,24,2003,1,14,True,True,0.0
2003-01-15,24.183333333333334,30.8,19.4,0.0,24,24,2003,1,15,True,True,0.0
2003-01-16,24.22083333333333,31.9,20.3,7.8,24,24,2003,1,16,True,True,1.0
2003-01-17,23.125,29.8,19.6,12.4,24,24,2003,1,17,True,True,1.0
2003-01-18,24.354166666666668,30.8,20.2,0.2,24,24,2003,1,18,True,True,0.0
2003-01-19,,,,,20,20,2003,1,19,False,False,
2003-01-20,24.254545454545454,30.9,21.2,7.0,22,22,2003,1,20,True,True,1.0
2003-01-21,24.15416666666667,31.2,21.6,37.0,24,24,2003,1,21,True,True,1.0
2003-01-22,22.037499999999998,25.5,20.7,24.0,24,23,2003,1,22,True,True,1.0
2003-01-23,22.337500000000002,26.1,20.4,27.8,24,24,2003,1,23,True,True,1.0
2003-01-24,23.175,30.5,20.1,51.0,24,24,2003,1,24,True,True,1.0
2003-01-25,,,,,1,1,2003,1,25,False,False,
2003-01-26,,,,,0,0,2003,1,26,False,False,
2003-01-27,,,,,0,0,2003,1,27,False,False,
2003-01-28,,,,,0,0,2003,1,28,False,False,
2003-01-29,,,,,0,0,2003,1,29,False,False,
2003-01-30,,,,,0,0,2003,1,30,False,False,
2003-01-31,,,,,0,0,2003,1,31,False,False,
2003-02-01,,,,,0,0,2003,2,1,False,False,
2003-02-02,,,,,0,0,2003,2,2,False,False,
2003-02-03,,,,,0,0,2003,2,3,False,False,
2003-02-04,,,,,0,0,2003,2,4,False,False,
2003-02-05,,,,,0,0,2003,2,5,False,False,
2003-02-06,,,,,0,0,2003,2,6,False,False,
2003-02-07,,,,,0,0,2003,2,7,False,False,
2003-02-08,,,,,0,0,2003,2,8,False,False,
2003-02-09,,,,,0,0,2003,2,9,False,False,
2003-02-10,,,,,0,0,2003,2,10,False,False,
2003-02-11,,,,,11,11,2003,2,11,False,False,
2003-02-12,25.104166666666668,33.4,20.0,0.0,24,24,2003,2,12,True,True,0.0
2003-02-13,24.791666666666668,31.2,20.1,0.0,24,24,2003,2,13,True,True,0.0
2003-02-14,21.1875,24.1,19.0,21.8,24,24,2003,2,14,True,True,1.0
2003-02-15,21.424,25.9,19.4,7.4,25,25,2003,2,15,True,True,1.0
2003-02-16,23.125,28.1,20.4,0.2,24,24,2003,2,16,True,True,0.0
2003-02-17,22.258333333333336,25.2,20.4,47.6,24,24,2003,2,17,True,True,1.0
2003-02-18,23.454166666666666,28.6,19.7,1.0,24,24,2003,2,18,True,True,1.0
2003-02-19,24.483333333333334,31.2,19.0,0.0,24,24,2003,2,19,True,True,0.0
2003-02-20,25.5,32.3,21.6,6.799999999999999,23,23,2003,2,20,True,True,1.0
2003-02-21,24.22083333333333,31.0,20.2,11.799999999999999,24,24,2003,2,21,True,True,1.0
2003-02-22,24.9875,31.3,19.4,1.2,24,24,2003,2,22,True,True,1.0
2003-02-23,25.587500000000002,32.4,20.1,37.6,24,24,2003,2,23,True,True,1.0
2003-02-24,26.058333333333334,32.8,20.9,0.0,24,24,2003,2,24,True,True,0.0
2003-02-25,26.508333333333336,33.2,21.0,0.0,24,24,2003,2,25,True,True,0.0
2003-02-26,27.258333333333336,35.0,21.4,0.0,24,24,2003,2,26,True,True,0.0
2003-02-27,27.3125,34.4,21.9,0.0,24,24,2003,2,27,True,True,0.0
2003-02-28,27.88181818181818,36.3,21.5,0.0,22,22,2003,2,28,True,True,0.0
2003-03-01,27.537499999999998,35.2,21.6,0.0,24,24,2003,3,1,True,True,0.0
2003-03-02,26.291666666666668,32.5,19.2,0.0,24,24,2003,3,2,True,True,0.0
2003-03-03,25.0625,33.1,19.4,0.6,24,24,2003,3,3,True,True,0.0
2003-03-04,25.083333333333332,32.7,19.0,0.0,24,24,2003,3,4,True,True,0.0
2003-03-05,24.858333333333334,32.8,20.6,3.2,24,24,2003,3,5,True,True,1.0
2003-03-06,24.495833333333334,33.1,20.2,0.6000000000000001,24,24,2003,3,6,True,True,0.0
2003-03-07,23.370833333333334,30.7,19.2,22.599999999999998,24,24,2003,3,7,True,True,1.0
2003-03-08,22.641666666666666,27.3,19.8,7.8,24,24,2003,3,8,True,True,1.0
2003-03-09,22.858333333333334,26.3,20.8,0.0,24,24,2003,3,9,True,True,0.0
2003-03-10,22.183333333333334,26.7,20.6,10.2,24,24,2003,3,10,True,True,1.0
2003-03-11,23.087500000000002,28.3,20.5,1.0,24,24,2003,3,11,True,True,1.0
2003-03-12,24.177272727272726,28.8,21.4,4.800000000000001,22,22,2003,3,12,True,True,1.0
2003-03-13,,,,,20,20,2003,3,13,False,False,
2003-03-14,24.041666666666668,31.2,18.9,0.0,24,24,2003,3,14,True,True,0.0
2003-03-15,25.09130434782609,32.1,19.8,0.0,23,23,2003,3,15,True,True,0.0
2003-03-16,24.870833333333334,30.8,20.3,0.0,24,24,2003,3,16,True,True,0.0
2003-03-17,23.5,28.7,19.0,0.0,23,23,2003,3,17,True,True,0.0
2003-03-18,21.854166666666668,27.0,18.1,0.0,24,24,2003,3,18,True,True,0.0
2003-03-19,23.21818181818182,30.1,18.3,0.0,22,22,2003,3,19,True,True,0.0
2003-03-20,24.586363636363636,31.5,19.1,0.0,22,22,2003,3,20,True,True,0.0
2003-03-21,22.825,27.9,19.9,19.400000000000002,24,24,2003,3,21,True,True,1.0
2003-03-22,21.329166666666666,27.3,18.1,0.0,24,24,2003,3,22,True,True,0.0
2003-03-23,21.525000000000002,28.5,16.6,0.0,24,24,2003,3,23,True,True,0.0
2003-03-24,21.65416666666667,28.5,17.9,0.0,24,24,2003,3,24,True,True,0.0
2003-03-25,22.008333333333336,28.2,18.3,0.0,24,24,2003,3,25,True,True,0.0
2003-03-26,,,,,0,0,2003,3,26,False,False,
2003-03-27,,,,,0,0,2003,3,27,False,False,
2003-03-28,,,,,0,0,2003,3,28,False,False,
2003-03-29,,,,,0,0,2003,3,29,False,False,
2003-03-30,,,,,0,0,2003,3,30,False,False,
2003-03-31,,,,,0,0,2003,3,31,False,False,
2003-04-01,,,,,0,0,2003,4,1,False,False,
2003-04-02,,,,,0,0,2003,4,2,False,False,
2003-04-03,,,,,0,0,2003,4,3,False,False,
2003-04-04,,,,,0,0,2003,4,4,False,False,
2003-04-05,,,,,0,0,2003,4,5,False,False,
2003-04-06,,,,,0,0,2003,4,6,False,False,
2003-04-07,,,,,0,0,2003,4,7,False,False,
2003-04-08,,,,,0,0,2003,4,8,False,False,
2003-04-09,,,,,9,9,2003,4,9,False,False,
2003-04-10,21.462500000000002,25.9,19.7,2.8000000000000003,24,24,2003,4,10,True,True,1.0
2003-04-11,21.587500000000002,27.6,15.8,0.2,24,24,2003,4,11,True,True,0.0
2003-04-12,17.3875,25.5,10.1,0.0,24,24,2003,4,12,True,True,0.0
2003-04-13,17.129166666666666,24.9,11.8,0.0,24,24,2003,4,13,True,True,0.0
2003-04-14,19.516666666666666,27.3,14.0,0.0,24,24,2003,4,14,True,True,0.0
2003-04-15,20.2375,27.0,15.5,0.0,24,24,2003,4,15,True,True,0.0
2003-04-16,21.20909090909091,28.8,16.8,0.0,22,22,2003,4,16,True,True,0.0
2003-04-17,21.960869565217394,29.6,16.2,0.0,23,23,2003,4,17,True,True,0.0
2003-04-18,23.37391304347826,30.1,17.5,0.0,23,23,2003,4,18,True,True,0.0
2003-04-19,22.77916666666667,30.0,18.1,49.400000000000006,24,24,2003,4,19,True,True,1.0
2003-04-20,20.516666666666666,24.2,18.3,3.1999999999999997,24,24,2003,4,20,True,True,1.0
2003-04-21,21.733333333333334,26.5,18.3,0.0,24,24,2003,4,21,True,True,0.0
2003-04-22,23.133333333333336,29.9,19.3,1.4,24,24,2003,4,22,True,True,1.0
2003-04-23,23.095454545454547,30.0,19.2,0.0,22,22,2003,4,23,True,True,0.0
2003-04-24,22.741666666666664,30.1,17.8,0.0,24,24,2003,4,24,True,True,0.0
2003-04-25,23.083333333333332,30.3,18.3,0.0,24,24,2003,4,25,True,True,0.0
2003-04-26,23.78333333333333,31.1,19.0,0.0,24,24,2003,4,26,True,True,0.0
2003-04-27,24.09166666666667,30.8,19.6,0.0,24,24,2003,4,27,True,True,0.0
2003-04-28,23.599999999999998,30.6,18.3,0.0,24,24,2003,4,28,True,True,0.0
2003-04-29,24.008333333333336,30.5,19.1,0.0,24,24,2003,4,29,True,True,0.0
2003-04-30,24.429166666666664,31.9,19.8,0.0,24,24,2003,4,30,True,True,0.0
2003-05-01,24.456521739130434,30.6,18.4,0.0,23,23,2003,5,1,True,True,0.0
2003-05-02,,,,,13,13,2003,5,2,False,False,
2003-05-03,16.620833333333334,22.6,11.8,1.0,24,24,2003,5,3,True,True,1.0
2003-05-04,17.245833333333334,24.3,11.9,0.0,24,24,2003,5,4,True,True,0.0
2003-05-05,17.404166666666665,20.7,14.9,7.800000000000001,24,24,2003,5,5,True,True,1.0
2003-05-06,,,,,21,21,2003,5,6,False,False,
2003-05-07,13.68695652173913,21.0,8.7,0.0,23,23,2003,5,7,True,True,0.0
2003-05-08,13.424999999999999,22.2,6.3,0.2,24,24,2003,5,8,True,True,0.0
2003-05-09,15.2,22.7,10.0,0.0,22,22,2003,5,9,True,True,0.0
2003-05-10,16.587500000000002,23.5,11.8,0.0,24,24,2003,5,10,True,True,0.0
2003-05-11,18.125,24.7,13.8,0.0,24,24,2003,5,11,True,True,0.0
2003-05-12,18.530434782608694,25.7,13.3,0.0,23,23,2003,5,12,True,True,0.0
2003-05-13,19.308695652173913,26.0,14.4,0.0,23,23,2003,5,13,True,True,0.0
2003-05-14,19.7625,25.9,15.0,0.0,24,24,2003,5,14,True,True,0.0
2003-05-15,20.258333333333333,27.2,15.1,0.0,24,24,2003,5,15,True,True,0.0
2003-05-16,21.0125,27.7,16.2,0.0,24,24,2003,5,16,True,True,0.0
2003-05-17,21.2375,27.8,17.1,0.0,24,24,2003,5,17,True,True,0.0
2003-05-18,20.2375,27.2,15.7,0.0,24,24,2003,5,18,True,True,0.0
2003-05-19,19.604166666666668,26.4,14.0,0.0,24,24,2003,5,19,True,True,0.0
2003-05-20,20.208333333333332,27.5,14.8,0.0,24,24,2003,5,20,True,True,0.0
2003-05-21,22.15833333333333,29.4,17.3,0.0,24,24,2003,5,21,True,True,0.0
2003-05-22,22.954166666666666,29.6,18.2,0.0,24,24,2003,5,22,True,True,0.0
2003-05-23,19.825,25.9,16.2,17.6,24,24,2003,5,23,True,True,1.0
2003-05-24,16.325,22.0,11.8,0.2,24,24,2003,5,24,True,True,0.0
2003-05-25,14.200000000000001,21.8,7.7,0.0,24,24,2003,5,25,True,True,0.0
2003-05-26,15.058333333333332,22.9,9.5,0.0,24,24,2003,5,26,True,True,0.0
2003-05-27,14.3125,21.3,9.6,0.0,24,24,2003,5,27,True,True,0.0
2003-05-28,,,,,21,21,2003,5,28,False,False,
2003-05-29,15.80909090909091,24.7,10.2,0.0,22,22,2003,5,29,True,True,0.0
2003-05-30,18.329166666666666,26.2,13.9,0.0,24,24,2003,5,30,True,True,0.0
2003-05-31,20.491666666666667,28.1,15.4,0.0,24,24,2003,5,31,True,True,0.0
2003-06-01,20.64782608695652,26.8,16.5,0.0,23,23,2003,6,1,True,True,0.0
2003-06-02,20.595833333333335,28.1,14.8,0.0,24,24,2003,6,2,True,True,0.0
2003-06-03,21.017391304347825,28.2,16.6,4.2,23,23,2003,6,3,True,True,1.0
2003-06-04,19.236363636363635,24.0,16.7,14.4,22,22,2003,6,4,True,True,1.0
2003-06-05,17.195454545454545,20.8,15.4,14.8,22,22,2003,6,5,True,True,1.0
2003-06-06,,,,,21,21,2003,6,6,False,False,
2003-06-07,22.13478260869565,29.4,17.7,0.0,23,23,2003,6,7,True,True,0.0
2003-06-08,20.770833333333332,26.7,17.0,0.0,24,24,2003,6,8,True,True,0.0
2003-06-09,20.169565217391302,28.0,15.6,0.0,23,23,2003,6,9,True,True,0.0
2003-06-10,20.641666666666666,27.8,16.2,0.0,24,24,2003,6,10,True,True,0.0
2003-06-11,21.191304347826087,27.4,14.8,0.0,23,23,2003,6,11,True,True,0.0
2003-06-12,21.204166666666666,28.1,16.7,0.0,24,24,2003,6,12,True,True,0.0
2003-06-13,20.983333333333334,28.9,16.0,0.0,24,24,2003,6,13,True,True,0.0
2003-06-14,20.695833333333333,28.5,15.2,0.0,24,24,2003,6,14,True,True,0.0
2003-06-15,19.895833333333332,27.6,15.1,0.0,24,24,2003,6,15,True,True,0.0
2003-06-16,20.579166666666666,27.7,15.9,0.0,24,24,2003,6,16,True,True,0.0
2003-06-17,20.670833333333334,28.4,16.2,0.0,24,24,2003,6,17,True,True,0.0
2003-06-18,20.691666666666666,27.7,17.0,0.0,24,24,2003,6,18,True,True,0.0
2003-06-19,20.408333333333335,27.6,15.5,0.0,24,24,2003,6,19,True,True,0.0
2003-06-20,18.75,26.0,14.8,0.0,24,24,2003,6,20,True,True,0.0
2003-06-21,17.854166666666668,25.3,13.3,0.0,24,24,2003,6,21,True,True,0.0
2003-06-22,18.766666666666666,27.1,12.4,0.0,24,24,2003,6,22,True,True,0.0
2003-06-23,18.929166666666667,26.7,14.0,0.0,24,24,2003,6,23,True,True,0.0
2003-06-24,18.995833333333334,27.6,13.5,0.0,24,24,2003,6,24,True,True,0.0
2003-06-25,19.05,27.5,13.2,0.0,24,24,2003,6,25,True,True,0.0
2003-06-26,18.662499999999998,27.6,12.8,0.0,24,24,2003,6,26,True,True,0.0
2003-06-27,18.858333333333334,27.2,13.3,0.0,24,24,2003,6,27,True,True,0.0
2003-06-28,20.191666666666666,28.2,15.1,0.0,24,24,2003,6,28,True,True,0.0
2003-06-29,19.345833333333335,28.1,12.8,0.0,24,24,2003,6,29,True,True,0.0
2003-06-30,16.358333333333334,23.0,10.5,0.0,24,24,2003,6,30,True,True,0.0
2003-07-01,17.1625,25.9,11.9,0.0,24,24,2003,7,1,True,True,0.0
2003-07-02,18.2625,26.1,12.8,0.0,24,24,2003,7,2,True,True,0.0
2003-07-03,16.756521739130434,25.4,11.8,0.0,23,23,2003,7,3,True,True,0.0
2003-07-04,17.730434782608697,26.3,11.6,0.0,23,23,2003,7,4,True,True,0.0
2003-07-05,19.5625,27.5,12.3,0.0,24,24,2003,7,5,True,True,0.0
2003-07-06,20.145833333333332,27.8,12.5,0.0,24,24,2003,7,6,True,True,0.0
2003-07-07,20.1125,27.0,16.2,0.0,24,24,2003,7,7,True,True,0.0
2003-07-08,20.683333333333334,29.2,14.0,0.0,24,24,2003,7,8,True,True,0.0
2003-07-09,20.795833333333334,29.1,13.6,0.0,24,24,2003,7,9,True,True,0.0
2003-07-10,16.979166666666668,18.6,15.7,12.8,24,24,2003,7,10,True,True,1.0
2003-07-11,15.454166666666666,21.4,11.6,1.0,24,24,2003,7,11,True,True,1.0
2003-07-12,13.333333333333334,20.0,8.2,0.2,24,24,2003,7,12,True,True,0.0
2003-07-13,14.658333333333333,21.4,9.5,0.0,24,24,2003,7,13,True,True,0.0
2003-07-14,17.454166666666666,24.5,12.2,0.0,24,24,2003,7,14,True,True,0.0
2003-07-15,18.1375,25.3,13.5,0.0,24,24,2003,7,15,True,True,0.0
2003-07-16,18.929166666666667,27.0,14.0,0.0,24,24,2003,7,16,True,True,0.0
2003-07-17,18.23913043478261,24.9,14.1,0.0,23,23,2003,7,17,True,True,0.0
2003-07-18,,,,,21,21,2003,7,18,False,False,
2003-07-19,20.091666666666665,28.5,14.6,0.0,24,24,2003,7,19,True,True,0.0
2003-07-20,20.845833333333335,29.2,15.2,0.0,24,24,2003,7,20,True,True,0.0
2003-07-21,21.269565217391303,29.6,14.6,0.0,23,23,2003,7,21,True,True,0.0
2003-07-22,21.400000000000002,29.1,16.5,0.0,24,24,2003,7,22,True,True,0.0
2003-07-23,20.599999999999998,29.4,14.3,0.0,24,24,2003,7,23,True,True,0.0
2003-07-24,20.6375,28.0,15.3,0.0,24,24,2003,7,24,True,True,0.0
2003-07-25,21.083333333333332,28.4,16.0,0.0,24,24,2003,7,25,True,True,0.0
2003-07-26,21.136363636363637,25.6,17.4,0.0,22,22,2003,7,26,True,True,0.0
2003-07-27,18.4,25.1,14.6,0.0,23,23,2003,7,27,True,True,0.0
2003-07-28,19.345833333333335,25.4,15.1,0.0,24,24,2003,7,28,True,True,0.0
2003-07-29,19.116666666666667,27.5,14.1,0.0,24,24,2003,7,29,True,True,0.0
2003-07-30,21.991666666666664,29.0,16.6,0.0,24,24,2003,7,30,True,True,0.0
2003-07-31,20.595833333333335,28.7,14.9,0.0,24,24,2003,7,31,True,True,0.0
2003-08-01,19.469565217391306,27.6,14.0,0.0,23,23,2003,8,1,True,True,0.0
2003-08-02,20.287499999999998,28.2,14.9,0.0,24,24,2003,8,2,True,True,0.0
2003-08-03,20.133333333333333,28.9,13.9,0.0,24,24,2003,8,3,True,True,0.0
2003-08-04,20.266666666666666,28.6,14.2,0.0,24,24,2003,8,4,True,True,0.0
2003-08-05,23.37391304347826,30.4,16.7,0.0,23,23,2003,8,5,True,True,0.0
2003-08-06,20.279166666666665,23.9,15.9,0.4,24,24,2003,8,6,True,True,0.0
2003-08-07,17.620833333333334,20.9,15.9,19.4,24,24,2003,8,7,True,True,1.0
2003-08-08,19.095833333333335,25.1,14.6,0.2,24,24,2003,8,8,True,True,0.0
2003-08-09,17.458333333333332,20.3,13.7,9.6,24,24,2003,8,9,True,True,1.0
2003-08-10,13.741666666666667,20.1,9.8,0.0,24,24,2003,8,10,True,True,0.0
2003-08-11,12.799999999999999,21.3,6.4,0.0,24,24,2003,8,11,True,True,0.0
2003-08-12,15.341666666666667,24.7,8.7,0.0,24,24,2003,8,12,True,True,0.0
2003-08-13,,,,,19,19,2003,8,13,False,False,
2003-08-14,,,,,18,18,2003,8,14,False,False,
2003-08-15,19.287499999999998,26.3,12.6,0.8,24,24,2003,8,15,True,True,0.0
2003-08-16,17.917391304347827,25.2,12.4,0.0,23,23,2003,8,16,True,True,0.0
2003-08-17,13.345833333333333,22.0,6.4,0.0,24,24,2003,8,17,True,True,0.0
2003-08-18,14.945833333333333,24.6,7.7,0.0,24,24,2003,8,18,True,True,0.0
2003-08-19,18.154166666666665,28.9,9.7,0.0,24,24,2003,8,19,True,True,0.0
2003-08-20,20.825,30.3,13.7,0.0,24,24,2003,8,20,True,True,0.0
2003-08-21,21.266666666666666,30.0,14.1,0.0,24,24,2003,8,21,True,True,0.0
2003-08-22,22.241666666666664,31.7,13.7,0.0,24,24,2003,8,22,True,True,0.0
2003-08-23,22.791666666666668,32.4,14.9,0.0,24,24,2003,8,23,True,True,0.0
2003-08-24,24.733333333333334,33.0,17.5,0.0,24,24,2003,8,24,True,True,0.0
2003-08-25,16.121739130434783,21.7,14.4,3.6,23,23,2003,8,25,True,True,1.0
2003-08-26,15.058333333333332,22.8,9.7,0.0,24,24,2003,8,26,True,True,0.0
2003-08-27,15.481818181818182,23.9,8.8,0.2,22,22,2003,8,27,True,True,0.0
2003-08-28,16.117391304347827,23.2,11.4,0.0,23,23,2003,8,28,True,True,0.0
2003-08-29,15.0625,22.1,10.3,0.0,24,24,2003,8,29,True,True,0.0
2003-08-30,16.724999999999998,26.1,10.2,0.0,24,24,2003,8,30,True,True,0.0
2003-08-31,16.94090909090909,25.8,11.7,0.0,22,22,2003,8,31,True,True,0.0
2003-09-01,18.729166666666668,28.7,11.4,0.0,24,24,2003,9,1,True,True,0.0
2003-09-02,19.570833333333333,29.0,12.7,0.0,24,24,2003,9,2,True,True,0.0
2003-09-03,18.470833333333335,27.9,11.5,0.0,24,24,2003,9,3,True,True,0.0
2003-09-04,20.745833333333334,29.5,13.7,0.0,24,24,2003,9,4,True,True,0.0
2003-09-05,22.358333333333334,31.4,14.8,0.0,24,24,2003,9,5,True,True,0.0
2003-09-06,22.6875,30.5,16.0,0.0,24,24,2003,9,6,True,True,0.0
2003-09-07,23.791666666666668,31.6,16.8,0.0,24,24,2003,9,7,True,True,0.0
2003-09-08,22.643478260869564,27.2,19.1,0.0,23,23,2003,9,8,True,True,0.0
2003-09-09,19.608333333333334,24.1,17.4,3.8000000000000003,24,24,2003,9,9,True,True,1.0
2003-09-10,16.816666666666666,20.0,13.2,5.4,24,24,2003,9,10,True,True,1.0
2003-09-11,14.679166666666667,21.2,10.2,0.2,24,24,2003,9,11,True,True,0.0
2003-09-12,17.095833333333335,27.7,8.8,0.0,24,24,2003,9,12,True,True,0.0
2003-09-13,18.125,24.5,14.4,0.0,24,24,2003,9,13,True,True,0.0
2003-09-14,17.745833333333334,26.4,12.1,0.0,24,24,2003,9,14,True,True,0.0
2003-09-15,20.0625,30.3,12.5,0.0,24,24,2003,9,15,True,True,0.0
2003-09-16,18.2,22.5,15.3,6.800000000000001,24,24,2003,9,16,True,True,1.0
2003-09-17,18.849999999999998,26.2,13.5,0.0,24,24,2003,9,17,True,True,0.0
2003-09-18,19.541666666666668,29.5,12.2,0.0,24,24,2003,9,18,True,True,0.0
2003-09-19,21.941666666666666,32.4,14.0,0.0,24,24,2003,9,19,True,True,0.0
2003-09-20,25.641666666666666,34.7,19.1,0.0,24,24,2003,9,20,True,True,0.0
2003-09-21,23.979166666666668,33.5,15.4,0.0,24,24,2003,9,21,True,True,0.0
2003-09-22,24.625,35.1,16.1,0.0,24,24,2003,9,22,True,True,0.0
2003-09-23,26.170833333333334,36.2,17.7,0.0,24,24,2003,9,23,True,True,0.0
2003-09-24,28.479166666666668,37.6,19.0,0.0,24,24,2003,9,24,True,True,0.0
2003-09-25,24.266666666666666,33.7,18.2,0.0,24,24,2003,9,25,True,True,0.0
2003-09-26,20.212500000000002,25.3,17.8,0.0,24,24,2003,9,26,True,True,0.0
2003-09-27,20.849999999999998,28.6,16.7,0.0,24,24,2003,9,27,True,True,0.0
2003-09-28,24.125,32.9,17.0,0.0,24,24,2003,9,28,True,True,0.0
2003-09-29,23.400000000000002,31.3,17.4,0.0,24,24,2003,9,29,True,True,0.0
2003-09-30,21.77916666666667,31.6,15.0,0.0,24,24,2003,9,30,True,True,0.0
2003-10-01,22.458333333333332,32.3,15.1,0.0,24,24,2003,10,1,True,True,0.0
2003-10-02,23.6375,34.3,15.4,0.0,24,24,2003,10,2,True,True,0.0
2003-10-03,25.145833333333332,35.4,16.8,0.0,24,24,2003,10,3,True,True,0.0
2003-10-04,25.670833333333334,35.6,17.3,0.0,24,24,2003,10,4,True,True,0.0
2003-10-05,,,,,20,20,2003,10,5,False,False,
2003-10-06,24.426086956521736,30.7,18.7,0.0,23,23,2003,10,6,True,True,0.0
2003-10-07,20.830434782608698,23.4,17.9,5.6000000000000005,23,23,2003,10,7,True,True,1.0
2003-10-08,22.21666666666667,29.2,17.5,0.8,24,24,2003,10,8,True,True,0.0
2003-10-09,22.09166666666667,32.5,17.6,6.4,24,24,2003,10,9,True,True,1.0
2003-10-10,20.820833333333333,27.2,16.6,1.0,24,24,2003,10,10,True,True,1.0
2003-10-11,16.104166666666668,19.1,13.6,31.6,24,24,2003,10,11,True,True,1.0
2003-10-12,18.145833333333332,25.9,12.4,0.0,24,24,2003,10,12,True,True,0.0
2003-10-13,19.287499999999998,27.7,13.8,0.0,24,24,2003,10,13,True,True,0.0
2003-10-14,19.158333333333335,27.4,13.5,0.0,24,24,2003,10,14,True,True,0.0
2003-10-15,19.45,29.2,11.8,0.0,24,24,2003,10,15,True,True,0.0
2003-10-16,20.081818181818182,29.6,12.0,0.0,22,22,2003,10,16,True,True,0.0
2003-10-17,21.120833333333334,32.6,10.7,0.0,24,24,2003,10,17,True,True,0.0
2003-10-18,24.833333333333332,34.2,16.2,0.0,24,24,2003,10,18,True,True,0.0
2003-10-19,27.291304347826088,36.2,20.1,0.0,23,23,2003,10,19,True,True,0.0
2003-10-20,24.145833333333332,30.0,20.4,0.4,24,24,2003,10,20,True,True,0.0
2003-10-21,20.55,24.8,16.2,4.6,24,24,2003,10,21,True,True,1.0
2003-10-22,21.008333333333333,27.4,16.3,0.4,24,24,2003,10,22,True,True,0.0
2003-10-23,22.675,31.0,17.7,0.0,24,24,2003,10,23,True,True,0.0
2003-10-24,23.795833333333334,33.2,16.2,0.0,24,24,2003,10,24,True,True,0.0
2003-10-25,25.616666666666664,34.1,18.0,0.0,24,24,2003,10,25,True,True,0.0
2003-10-26,26.712500000000002,32.7,21.3,1.2,24,24,2003,10,26,True,True,1.0
2003-10-27,20.525000000000002,23.6,18.8,27.8,24,24,2003,10,27,True,True,1.0
2003-10-28,19.045833333333334,21.7,17.7,17.8,24,24,2003,10,28,True,True,1.0
2003-10-29,20.777272727272727,26.3,16.5,0.8,22,22,2003,10,29,True,True,0.0
2003-10-30,23.3125,30.7,17.2,0.0,24,24,2003,10,30,True,True,0.0
2003-10-31,23.6875,31.4,17.6,0.0,24,24,2003,10,31,True,True,0.0
2003-11-01,22.570833333333336,29.4,19.1,0.6000000000000001,24,24,2003,11,1,True,True,0.0
2003-11-02,17.900000000000002,21.2,14.7,0.8,24,24,2003,11,2,True,True,0.0
2003-11-03,18.466666666666665,25.9,14.2,0.0,24,24,2003,11,3,True,True,0.0
2003-11-04,18.5625,26.4,11.1,0.0,24,24,2003,11,4,True,True,0.0
2003-11-05,17.9375,24.2,14.1,5.4,24,24,2003,11,5,True,True,1.0
2003-11-06,20.61304347826087,29.5,15.3,0.0,23,23,2003,11,6,True,True,0.0
2003-11-07,21.745833333333334,30.9,16.8,0.0,24,24,2003,11,7,True,True,0.0
2003-11-08,23.337500000000002,32.5,15.1,0.0,24,24,2003,11,8,True,True,0.0
2003-11-09,25.541666666666668,34.5,17.4,0.0,24,24,2003,11,9,True,True,0.0
2003-11-10,26.9875,35.2,19.0,0.0,24,24,2003,11,10,True,True,0.0
2003-11-11,27.208333333333332,36.3,20.0,0.0,24,24,2003,11,11,True,True,0.0
2003-11-12,27.545833333333334,35.4,22.4,0.0,24,24,2003,11,12,True,True,0.0
2003-11-13,22.630434782608695,26.0,19.1,20.599999999999998,23,23,2003,11,13,True,True,1.0
2003-11-14,22.712500000000002,28.5,18.3,0.0,24,24,2003,11,14,True,True,0.0
2003-11-15,22.958333333333332,31.1,16.8,0.0,24,24,2003,11,15,True,True,0.0
2003-11-16,24.724999999999998,31.8,19.8,16.6,24,24,2003,11,16,True,True,1.0
2003-11-17,21.829166666666666,28.5,19.7,9.0,24,24,2003,11,17,True,True,1.0
2003-11-18,22.708333333333332,29.8,19.3,4.2,24,24,2003,11,18,True,True,1.0
2003-11-19,20.591666666666665,25.1,17.6,0.2,24,24,2003,11,19,True,True,0.0
2003-11-20,22.979166666666668,30.3,16.2,0.2,24,24,2003,11,20,True,True,0.0
2003-11-21,22.425,28.7,18.2,0.0,24,24,2003,11,21,True,True,0.0
2003-11-22,23.458333333333332,30.9,17.5,0.0,24,24,2003,11,22,True,True,0.0
2003-11-23,22.21666666666667,27.9,18.1,3.2,24,24,2003,11,23,True,True,1.0
2003-11-24,21.866666666666664,27.9,17.6,1.5999999999999999,24,24,2003,11,24,True,True,1.0
2003-11-25,24.849999999999998,31.4,19.4,0.0,24,24,2003,11,25,True,True,0.0
2003-11-26,22.770833333333332,28.6,20.3,65.8,24,24,2003,11,26,True,True,1.0
2003-11-27,23.28333333333333,29.7,19.6,8.0,24,24,2003,11,27,True,True,1.0
2003-11-28,22.370833333333334,27.7,18.3,0.2,24,24,2003,11,28,True,True,0.0
2003-11-29,22.15833333333333,29.4,17.3,0.0,24,24,2003,11,29,True,True,0.0
2003-11-30,22.891666666666666,32.9,17.2,10.799999999999999,24,24,2003,11,30,True,True,1.0
2003-12-01,22.316666666666666,28.4,19.4,32.4,24,24,2003,12,1,True,True,1.0
2003-12-02,25.1375,32.5,21.0,7.6000000000000005,24,24,2003,12,2,True,True,1.0
2003-12-03,25.304166666666664,31.5,20.3,14.200000000000001,24,24,2003,12,3,True,True,1.0
2003-12-04,22.683333333333334,28.6,19.6,35.0,24,24,2003,12,4,True,True,1.0
2003-12-05,23.452173913043477,30.3,21.0,16.8,23,23,2003,12,5,True,True,1.0
2003-12-06,23.366666666666664,30.7,19.4,1.5999999999999999,24,24,2003,12,6,True,True,1.0
2003-12-07,22.708333333333332,28.7,18.8,0.8,24,24,2003,12,7,True,True,0.0
2003-12-08,24.495833333333334,30.7,19.9,0.0,24,24,2003,12,8,True,True,0.0
2003-12-09,20.729166666666668,24.3,18.6,25.6,24,24,2003,12,9,True,True,1.0
2003-12-10,22.282608695652176,27.8,16.5,0.0,23,23,2003,12,10,True,True,0.0
2003-12-11,26.854166666666668,33.9,21.4,0.0,24,24,2003,12,11,True,True,0.0
2003-12-12,23.008333333333336,27.2,17.9,5.8,24,24,2003,12,12,True,True,1.0
2003-12-13,24.462500000000002,32.0,19.2,0.0,24,24,2003,12,13,True,True,0.0
2003-12-14,,,,,7,7,2003,12,14,False,False,
2003-12-15,,,,,13,13,2003,12,15,False,False,
2003-12-16,,,,,13,13,2003,12,16,False,False,
2003-12-17,23.429166666666664,28.3,20.4,0.0,24,24,2003,12,17,True,True,0.0
2003-12-18,,,,,10,10,2003,12,18,False,False,
2003-12-19,24.7625,32.3,18.6,0.0,24,24,2003,12,19,True,True,0.0
2003-12-20,26.0,33.0,19.8,0.0,24,24,2003,12,20,True,True,0.0
2003-12-21,25.40909090909091,34.4,19.4,3.4,22,22,2003,12,21,True,True,1.0
2003-12-22,23.90416666666667,31.6,18.9,43.2,24,24,2003,12,22,True,True,1.0
2003-12-23,22.84166666666667,29.9,19.3,2.8000000000000003,24,24,2003,12,23,True,True,1.0
2003-12-24,22.334782608695654,28.1,18.0,0.0,23,23,2003,12,24,True,True,0.0
2003-12-25,22.604166666666668,29.6,17.3,0.0,24,24,2003,12,25,True,True,0.0
2003-12-26,23.2625,30.5,17.8,0.0,24,24,2003,12,26,True,True,0.0
2003-12-27,24.145454545454548,32.3,18.7,0.0,22,22,2003,12,27,True,True,0.0
2003-12-28,23.979166666666668,30.5,19.2,4.0,24,24,2003,12,28,True,True,1.0
2003-12-29,24.308333333333334,29.2,20.3,0.0,24,24,2003,12,29,True,True,0.0
2003-12-30,24.0125,30.3,20.2,17.4,24,24,2003,12,30,True,True,1.0
2003-12-31,,,,,21,21,2003,12,31,False,False,
2004-01-01,21.183333333333334,24.5,19.2,7.0,24,24,2004,1,1,True,True,1.0
2004-01-02,20.1125,24.6,17.3,0.0,24,24,2004,1,2,True,True,0.0
2004-01-03,20.704166666666666,26.8,15.8,0.0,24,24,2004,1,3,True,True,0.0
2004-01-04,22.883333333333336,30.2,17.7,0.0,24,24,2004,1,4,True,True,0.0
2004-01-05,24.145833333333332,31.6,17.9,0.0,24,24,2004,1,5,True,True,0.0
2004-01-06,23.286956521739132,29.1,18.9,24.8,23,23,2004,1,6,True,True,1.0
2004-01-07,21.962500000000002,27.3,19.5,7.2,24,24,2004,1,7,True,True,1.0
2004-01-08,22.474999999999998,26.6,20.1,7.800000000000001,24,24,2004,1,8,True,True,1.0
2004-01-09,23.536363636363635,30.6,20.7,7.2,22,22,2004,1,9,True,True,1.0
2004-01-10,23.604166666666668,30.4,19.5,2.6000000000000005,24,24,2004,1,10,True,True,1.0
2004-01-11,25.462500000000002,32.8,19.4,0.0,24,24,2004,1,11,True,True,0.0
2004-01-12,25.712500000000002,33.3,20.0,6.2,24,24,2004,1,12,True,True,1.0
2004-01-13,24.47826086956522,31.7,18.6,0.0,23,23,2004,1,13,True,True,0.0
2004-01-14,24.575,31.7,19.5,0.0,24,24,2004,1,14,True,True,0.0
2004-01-15,24.837500000000002,32.3,20.3,0.0,24,24,2004,1,15,True,True,0.0
2004-01-16,24.541666666666668,31.9,19.0,0.0,24,24,2004,1,16,True,True,0.0
2004-01-17,23.22083333333333,30.9,17.6,0.0,24,24,2004,1,17,True,True,0.0
2004-01-18,23.120833333333334,30.7,16.7,0.0,24,24,2004,1,18,True,True,0.0
2004-01-19,23.34166666666667,31.5,16.8,0.0,24,24,2004,1,19,True,True,0.0
2004-01-20,23.054166666666664,28.7,19.1,0.0,24,24,2004,1,20,True,True,0.0
2004-01-21,23.2,28.2,20.7,0.0,24,24,2004,1,21,True,True,0.0
2004-01-22,23.3125,29.3,19.6,0.2,24,24,2004,1,22,True,True,0.0
2004-01-23,23.962500000000002,30.5,19.9,8.0,24,24,2004,1,23,True,True,1.0
2004-01-24,22.058333333333334,28.2,20.1,22.799999999999997,24,24,2004,1,24,True,True,1.0
2004-01-25,21.416666666666668,23.4,20.4,35.6,24,24,2004,1,25,True,True,1.0
2004-01-26,20.412499999999998,23.5,17.5,57.8,24,24,2004,1,26,True,True,1.0
2004-01-27,21.075,25.7,17.6,20.799999999999997,24,24,2004,1,27,True,True,1.0
2004-01-28,22.333333333333332,28.4,20.2,26.6,24,24,2004,1,28,True,True,1.0
2004-01-29,23.683333333333334,30.8,20.1,0.0,24,24,2004,1,29,True,True,0.0
2004-01-30,23.175,31.7,19.6,29.6,24,24,2004,1,30,True,True,1.0
2004-01-31,24.004347826086956,30.4,19.3,0.2,23,23,2004,1,31,True,True,0.0
2004-02-01,23.912499999999998,31.3,19.7,0.0,24,24,2004,2,1,True,True,0.0
2004-02-02,23.912499999999998,30.5,19.6,2.0,24,24,2004,2,2,True,True,1.0
2004-02-03,23.46666666666667,30.7,19.9,9.0,24,24,2004,2,3,True,True,1.0
2004-02-04,25.15416666666667,32.6,20.8,0.0,24,24,2004,2,4,True,True,0.0
2004-02-05,24.912499999999998,31.6,21.7,5.6,24,24,2004,2,5,True,True,1.0
2004-02-06,23.55,28.8,19.4,35.4,24,24,2004,2,6,True,True,1.0
2004-02-07,21.816666666666666,28.0,18.8,0.0,24,24,2004,2,7,True,True,0.0
2004-02-08,21.458333333333332,28.5,16.4,0.0,24,24,2004,2,8,True,True,0.0
2004-02-09,,,,,21,21,2004,2,9,False,False,
2004-02-10,22.5,29.3,16.5,0.0,24,24,2004,2,10,True,True,0.0
2004-02-11,23.445833333333336,30.5,18.2,0.0,24,24,2004,2,11,True,True,0.0
2004-02-12,23.4875,30.8,18.2,0.4,24,24,2004,2,12,True,True,0.0
2004-02-13,24.26521739130435,31.0,18.7,0.0,23,23,2004,2,13,True,True,0.0
2004-02-14,21.16086956521739,22.9,19.7,31.0,23,23,2004,2,14,True,True,1.0
2004-02-15,24.004166666666666,30.5,20.3,3.0,24,24,2004,2,15,True,True,1.0
2004-02-16,24.34166666666667,31.3,19.1,0.0,24,24,2004,2,16,True,True,0.0
2004-02-17,,,,,21,21,2004,2,17,False,False,
2004-02-18,25.2,31.9,19.9,0.0,24,24,2004,2,18,True,True,0.0
2004-02-19,25.974999999999998,32.5,21.3,0.0,24,24,2004,2,19,True,True,0.0
2004-02-20,23.3875,31.3,19.6,14.0,24,24,2004,2,20,True,True,1.0
2004-02-21,23.429166666666664,30.8,19.2,0.0,24,24,2004,2,21,True,True,0.0
2004-02-22,22.433333333333334,27.9,19.4,8.0,24,24,2004,2,22,True,True,1.0
2004-02-23,,,,,11,11,2004,2,23,False,False,
2004-02-24,19.979166666666668,22.8,18.2,27.599999999999998,24,24,2004,2,24,True,True,1.0
2004-02-25,20.366666666666667,24.9,18.3,5.4,24,24,2004,2,25,True,True,1.0
2004-02-26,22.8125,30.4,16.3,0.0,24,24,2004,2,26,True,True,0.0
2004-02-27,23.125,31.7,17.9,7.0,24,24,2004,2,27,True,True,1.0
2004-02-28,21.94090909090909,30.1,15.8,0.0,22,22,2004,2,28,True,True,0.0
2004-02-29,24.03333333333333,31.6,18.3,0.0,24,24,2004,2,29,True,True,0.0
2004-03-01,23.63478260869565,31.0,18.6,0.0,23,23,2004,3,1,True,True,0.0
2004-03-02,24.677272727272726,32.8,19.0,2.8,22,22,2004,3,2,True,True,1.0
2004-03-03,24.3875,31.2,19.5,15.799999999999999,24,24,2004,3,3,True,True,1.0
2004-03-04,22.404545454545453,27.6,18.9,0.0,22,22,2004,3,4,True,True,0.0
2004-03-05,22.45,27.8,19.3,0.0,24,24,2004,3,5,True,True,0.0
2004-03-06,21.8625,27.9,17.9,9.2,24,24,2004,3,6,True,True,1.0
2004-03-07,,,,,10,10,2004,3,7,False,False,
2004-03-08,,,,,0,0,2004,3,8,False,False,
2004-03-09,,,,,0,0,2004,3,9,False,False,
2004-03-10,,,,,0,0,2004,3,10,False,False,
2004-03-11,,,,,0,0,2004,3,11,False,False,
2004-03-12,,,,,0,0,2004,3,12,False,False,
2004-03-13,,,,,0,0,2004,3,13,False,False,
2004-03-14,,,,,0,0,2004,3,14,False,False,
2004-03-15,,,,,0,0,2004,3,15,False,False,
2004-03-16,,,,,0,0,2004,3,16,False,False,
2004-03-17,,,,,0,0,2004,3,17,False,False,
2004-03-18,,,,,0,0,2004,3,18,False,False,
2004-03-19,,,,,0,0,2004,3,19,False,False,
2004-03-20,,,,,0,0,2004,3,20,False,False,
2004-03-21,,,,,0,0,2004,3,21,False,False,
2004-03-22,,,,,0,0,2004,3,22,False,False,
2004-03-23,,,,,0,0,2004,3,23,False,False,
2004-03-24,,,,,0,0,2004,3,24,False,False,
2004-03-25,,,,,0,0,2004,3,25,False,False,
2004-03-26,,,,,0,0,2004,3,26,False,False,
2004-03-27,,,,,0,0,2004,3,27,False,False,
2004-03-28,,,,,1,1,2004,3,28,False,False,
2004-03-29,,,,,0,0,2004,3,29,False,False,
2004-03-30,,,,,0,0,2004,3,30,False,False,
2004-03-31,,,,,0,0,2004,3,31,False,False,
2004-04-01,,,,,0,0,2004,4,1,False,False,
2004-04-02,,,,,0,0,2004,4,2,False,False,
2004-04-03,,,,,0,0,2004,4,3,False,False,
2004-04-04,,,,,0,0,2004,4,4,False,False,
2004-04-05,,,,,0,0,2004,4,5,False,False,
2004-04-06,,,,,0,0,2004,4,6,False,False,
2004-04-07,,,,,0,0,2004,4,7,False,False,
2004-04-08,,,,,0,0,2004,4,8,False,False,
2004-04-09,,,,,0,0,2004,4,9,False,False,
2004-04-10,,,,,0,0,2004,4,10,False,False,
2004-04-11,,,,,0,0,2004,4,11,False,False,
2004-04-12,,,,,0,0,2004,4,12,False,False,
2004-04-13,,,,,0,0,2004,4,13,False,False,
2004-04-14,,,,,0,0,2004,4,14,False,False,
2004-04-15,,,,,0,0,2004,4,15,False,False,
2004-04-16,,,,,0,0,2004,4,16,False,False,
2004-04-17,,,,,0,0,2004,4,17,False,False,
2004-04-18,,,,,0,0,2004,4,18,False,False,
2004-04-19,,,,,0,0,2004,4,19,False,False,
2004-04-20,,,,,0,0,2004,4,20,False,False,
2004-04-21,,,,,0,0,2004,4,21,False,False,
2004-04-22,,,,,0,0,2004,4,22,False,False,
2004-04-23,,,,,0,0,2004,4,23,False,False,
2004-04-24,,,,,0,0,2004,4,24,False,False,
2004-04-25,,,,,0,0,2004,4,25,False,False,
2004-04-26,,,,,0,0,2004,4,26,False,False,
2004-04-27,,,,,0,0,2004,4,27,False,False,
2004-04-28,,,,,0,0,2004,4,28,False,False,
2004-04-29,,,,,0,0,2004,4,29,False,False,
2004-04-30,,,,,0,0,2004,4,30,False,False,
2004-05-01,,,,,0,0,2004,5,1,False,False,
2004-05-02,,,,,0,0,2004,5,2,False,False,
2004-05-03,,,,,0,0,2004,5,3,False,False,
2004-05-04,,,,,0,0,2004,5,4,False,False,
2004-05-05,,,,,0,0,2004,5,5,False,False,
2004-05-06,,,,,0,0,2004,5,6,False,False,
2004-05-07,,,,,0,0,2004,5,7,False,False,
2004-05-08,,,,,0,0,2004,5,8,False,False,
2004-05-09,,,,,0,0,2004,5,9,False,False,
2004-05-10,,,,,0,0,2004,5,10,False,False,
2004-05-11,,,,,0,0,2004,5,11,False,False,
2004-05-12,,,,,0,0,2004,5,12,False,False,
2004-05-13,,,,,0,0,2004,5,13,False,False,
2004-05-14,,,,,0,0,2004,5,14,False,False,
2004-05-15,,,,,0,0,2004,5,15,False,False,
2004-05-16,,,,,0,0,2004,5,16,False,False,
2004-05-17,,,,,0,0,2004,5,17,False,False,
2004-05-18,,,,,0,0,2004,5,18,False,False,
2004-05-19,,,,,0,0,2004,5,19,False,False,
2004-05-20,,,,,0,0,2004,5,20,False,False,
2004-05-21,,,,,0,0,2004,5,21,False,False,
2004-05-22,,,,,0,0,2004,5,22,False,False,
2004-05-23,,,,,0,0,2004,5,23,False,False,
2004-05-24,,,,,0,0,2004,5,24,False,False,
2004-05-25,,,,,0,0,2004,5,25,False,False,
2004-05-26,,,,,0,0,2004,5,26,False,False,
2004-05-27,,,,,0,0,2004,5,27,False,False,
2004-05-28,,,,,0,0,2004,5,28,False,False,
2004-05-29,,,,,0,0,2004,5,29,False,False,
2004-05-30,,,,,0,0,2004,5,30,False,False,
2004-05-31,,,,,0,0,2004,5,31,False,False,
2004-06-01,,,,,0,0,2004,6,1,False,False,
2004-06-02,,,,,0,0,2004,6,2,False,False,
2004-06-03,,,,,0,0,2004,6,3,False,False,
2004-06-04,,,,,0,0,2004,6,4,False,False,
2004-06-05,,,,,0,0,2004,6,5,False,False,
2004-06-06,,,,,0,0,2004,6,6,False,False,
2004-06-07,,,,,0,0,2004,6,7,False,False,
2004-06-08,,,,,0,0,2004,6,8,False,False,
2004-06-09,,,,,0,0,2004,6,9,False,False,
2004-06-10,,,,,0,0,2004,6,10,False,False,
2004-06-11,,,,,0,0,2004,6,11,False,False,
2004-06-12,,,,,0,0,2004,6,12,False,False,
2004-06-13,,,,,0,0,2004,6,13,False,False,
2004-06-14,,,,,0,0,2004,6,14,False,False,
2004-06-15,,,,,0,0,2004,6,15,False,False,
2004-06-16,,,,,0,0,2004,6,16,False,False,
2004-06-17,,,,,0,0,2004,6,17,False,False,
2004-06-18,,,,,0,0,2004,6,18,False,False,
2004-06-19,,,,,0,0,2004,6,19,False,False,
2004-06-20,,,,,0,0,2004,6,20,False,False,
2004-06-21,,,,,0,0,2004,6,21,False,False,
2004-06-22,,,,,0,0,2004,6,22,False,False,
2004-06-23,,,,,0,0,2004,6,23,False,False,
2004-06-24,,,,,0,0,2004,6,24,False,False,
2004-06-25,,,,,0,0,2004,6,25,False,False,
2004-06-26,,,,,0,0,2004,6,26,False,False,
2004-06-27,,,,,0,0,2004,6,27,False,False,
2004-06-28,,,,,0,0,2004,6,28,False,False,
2004-06-29,,,,,0,0,2004,6,29,False,False,
2004-06-30,,,,,0,0,2004,6,30,False,False,
2004-07-01,,,,,0,0,2004,7,1,False,False,
2004-07-02,,,,,0,0,2004,7,2,False,False,
2004-07-03,,,,,0,0,2004,7,3,False,False,
2004-07-04,,,,,0,0,2004,7,4,False,False,
2004-07-05,,,,,0,0,2004,7,5,False,False,
2004-07-06,,,,,0,0,2004,7,6,False,False,
2004-07-07,,,,,0,0,2004,7,7,False,False,
2004-07-08,,,,,0,0,2004,7,8,False,False,
2004-07-09,,,,,0,0,2004,7,9,False,False,
2004-07-10,,,,,0,0,2004,7,10,False,False,
2004-07-11,,,,,0,0,2004,7,11,False,False,
2004-07-12,,,,,0,0,2004,7,12,False,False,
2004-07-13,,,,,0,0,2004,7,13,False,False,
2004-07-14,,,,,0,0,2004,7,14,False,False,
2004-07-15,,,,,0,0,2004,7,15,False,False,
2004-07-16,,,,,0,0,2004,7,16,False,False,
2004-07-17,,,,,0,0,2004,7,17,False,False,
2004-07-18,,,,,0,0,2004,7,18,False,False,
2004-07-19,,,,,0,0,2004,7,19,False,False,
2004-07-20,,,,,0,0,2004,7,20,False,False,
2004-07-21,,,,,0,0,2004,7,21,False,False,
2004-07-22,,,,,0,0,2004,7,22,False,False,
2004-07-23,,,,,0,0,2004,7,23,False,False,
2004-07-24,,,,,0,0,2004,7,24,False,False,
2004-07-25,,,,,0,0,2004,7,25,False,False,
2004-07-26,,,,,0,0,2004,7,26,False,False,
2004-07-27,,,,,0,0,2004,7,27,False,False,
2004-07-28,,,,,0,0,2004,7,28,False,False,
2004-07-29,,,,,0,0,2004,7,29,False,False,
2004-07-30,,,,,0,0,2004,7,30,False,False,
2004-07-31,,,,,0,0,2004,7,31,False,False,
2004-08-01,,,,,0,0,2004,8,1,False,False,
2004-08-02,,,,,0,0,2004,8,2,False,False,
2004-08-03,,,,,0,0,2004,8,3,False,False,
2004-08-04,,,,,0,0,2004,8,4,False,False,
2004-08-05,,,,,0,0,2004,8,5,False,False,
2004-08-06,,,,,0,0,2004,8,6,False,False,
2004-08-07,,,,,0,0,2004,8,7,False,False,
2004-08-08,,,,,0,0,2004,8,8,False,False,
2004-08-09,,,,,0,0,2004,8,9,False,False,
2004-08-10,,,,,0,0,2004,8,10,False,False,
2004-08-11,,,,,0,0,2004,8,11,False,False,
2004-08-12,,,,,0,0,2004,8,12,False,False,
2004-08-13,,,,,0,0,2004,8,13,False,False,
2004-08-14,,,,,0,0,2004,8,14,False,False,
2004-08-15,,,,,0,0,2004,8,15,False,False,
2004-08-16,,,,,0,0,2004,8,16,False,False,
2004-08-17,,,,,0,0,2004,8,17,False,False,
2004-08-18,,,,,0,0,2004,8,18,False,False,
2004-08-19,,,,,0,0,2004,8,19,False,False,
2004-08-20,,,,,0,0,2004,8,20,False,False,
2004-08-21,,,,,0,0,2004,8,21,False,False,
2004-08-22,,,,,0,0,2004,8,22,False,False,
2004-08-23,,,,,0,0,2004,8,23,False,False,
2004-08-24,,,,,0,0,2004,8,24,False,False,
2004-08-25,,,,,0,0,2004,8,25,False,False,
2004-08-26,,,,,0,0,2004,8,26,False,False,
2004-08-27,,,,,0,0,2004,8,27,False,False,
2004-08-28,,,,,0,0,2004,8,28,False,False,
2004-08-29,,,,,0,0,2004,8,29,False,False,
2004-08-30,,,,,0,0,2004,8,30,False,False,
2004-08-31,,,,,0,0,2004,8,31,False,False,
2004-09-01,,,,,0,0,2004,9,1,False,False,
2004-09-02,,,,,0,0,2004,9,2,False,False,
2004-09-03,,,,,0,0,2004,9,3,False,False,
2004-09-04,,,,,0,0,2004,9,4,False,False,
2004-09-05,,,,,0,0,2004,9,5,False,False,
2004-09-06,,,,,0,0,2004,9,6,False,False,
2004-09-07,,,,,0,0,2004,9,7,False,False,
2004-09-08,,,,,0,0,2004,9,8,False,False,
2004-09-09,,,,,0,0,2004,9,9,False,False,
2004-09-10,,,,,0,0,2004,9,10,False,False,
2004-09-11,,,,,0,0,2004,9,11,False,False,
2004-09-12,,,,,0,0,2004,9,12,False,False,
2004-09-13,,,,,0,0,2004,9,13,False,False,
2004-09-14,,,,,0,0,2004,9,14,False,False,
2004-09-15,,,,,0,0,2004,9,15,False,False,
2004-09-16,,,,,0,0,2004,9,16,False,False,
2004-09-17,,,,,0,0,2004,9,17,False,False,
2004-09-18,,,,,0,0,2004,9,18,False,False,
2004-09-19,,,,,0,0,2004,9,19,False,False,
2004-09-20,,,,,0,0,2004,9,20,False,False,
2004-09-21,,,,,0,0,2004,9,21,False,False,
2004-09-22,,,,,0,0,2004,9,22,False,False,
2004-09-23,,,,,0,0,2004,9,23,False,False,
2004-09-24,,,,,0,0,2004,9,24,False,False,
2004-09-25,,,,,0,0,2004,9,25,False,False,
2004-09-26,,,,,0,0,2004,9,26,False,False,
2004-09-27,,,,,0,0,2004,9,27,False,False,
2004-09-28,,,,,0,0,2004,9,28,False,False,
2004-09-29,,,,,0,0,2004,9,29,False,False,
2004-09-30,,,,,0,0,2004,9,30,False,False,
2004-10-01,,,,,0,0,2004,10,1,False,False,
2004-10-02,,,,,0,0,2004,10,2,False,False,
2004-10-03,,,,,0,0,2004,10,3,False,False,
2004-10-04,,,,,0,0,2004,10,4,False,False,
2004-10-05,,,,,0,0,2004,10,5,False,False,
2004-10-06,,,,,0,0,2004,10,6,False,False,
2004-10-07,,,,,0,0,2004,10,7,False,False,
2004-10-08,,,,,0,0,2004,10,8,False,False,
2004-10-09,,,,,0,0,2004,10,9,False,False,
2004-10-10,,,,,0,0,2004,10,10,False,False,
2004-10-11,,,,,0,0,2004,10,11,False,False,
2004-10-12,,,,,0,0,2004,10,12,False,False,
2004-10-13,,,,,0,0,2004,10,13,False,False,
2004-10-14,,,,,0,0,2004,10,14,False,False,
2004-10-15,,,,,0,0,2004,10,15,False,False,
2004-10-16,,,,,0,0,2004,10,16,False,False,
2004-10-17,,,,,0,0,2004,10,17,False,False,
2004-10-18,,,,,0,0,2004,10,18,False,False,
2004-10-19,,,,,0,0,2004,10,19,False,False,
2004-10-20,,,,,0,0,2004,10,20,False,False,
2004-10-21,,,,,0,0,2004,10,21,False,False,
2004-10-22,,,,,0,0,2004,10,22,False,False,
2004-10-23,,,,,0,0,2004,10,23,False,False,
2004-10-24,,,,,0,0,2004,10,24,False,False,
2004-10-25,,,,,0,0,2004,10,25,False,False,
2004-10-26,,,,,0,0,2004,10,26,False,False,
2004-10-27,,,,,0,0,2004,10,27,False,False,
2004-10-28,,,,,0,0,2004,10,28,False,False,
2004-10-29,,,,,0,0,2004,10,29,False,False,
2004-10-30,,,,,0,0,2004,10,30,False,False,
2004-10-31,,,,,0,0,2004,10,31,False,False,
2004-11-01,,,,,0,0,2004,11,1,False,False,
2004-11-02,,,,,0,0,2004,11,2,False,False,
2004-11-03,,,,,0,0,2004,11,3,False,False,
2004-11-04,,,,,0,0,2004,11,4,False,False,
2004-11-05,,,,,0,0,2004,11,5,False,False,
2004-11-06,,,,,0,0,2004,11,6,False,False,
2004-11-07,,,,,0,0,2004,11,7,False,False,
2004-11-08,,,,,0,0,2004,11,8,False,False,
2004-11-09,,,,,0,0,2004,11,9,False,False,
2004-11-10,,,,,0,0,2004,11,10,False,False,
2004-11-11,,,,,0,0,2004,11,11,False,False,
2004-11-12,,,,,0,0,2004,11,12,False,False,
2004-11-13,,,,,0,0,2004,11,13,False,False,
2004-11-14,,,,,0,0,2004,11,14,False,False,
2004-11-15,,,,,0,0,2004,11,15,False,False,
2004-11-16,,,,,0,0,2004,11,16,False,False,
2004-11-17,,,,,0,0,2004,11,17,False,False,
2004-11-18,,,,,0,0,2004,11,18,False,False,
2004-11-19,,,,,7,7,2004,11,19,False,False,
2004-11-20,21.837500000000002,28.8,16.7,0.0,24,24,2004,11,20,True,True,0.0
2004-11-21,20.933333333333334,28.2,14.7,0.0,24,24,2004,11,21,True,True,0.0
2004-11-22,20.841666666666665,29.2,13.8,0.0,24,24,2004,11,22,True,True,0.0
2004-11-23,23.008333333333336,31.7,16.1,0.0,24,24,2004,11,23,True,True,0.0
2004-11-24,24.495833333333334,32.5,17.5,0.0,24,24,2004,11,24,True,True,0.0
2004-11-25,25.991666666666664,34.1,19.4,0.0,24,24,2004,11,25,True,True,0.0
2004-11-26,27.21666666666667,35.2,20.2,0.0,24,24,2004,11,26,True,True,0.0
2004-11-27,24.695833333333336,31.9,20.1,5.8,24,24,2004,11,27,True,True,1.0
2004-11-28,22.083333333333332,29.1,20.0,6.4,24,24,2004,11,28,True,True,1.0
2004-11-29,23.543478260869566,30.0,19.6,0.0,23,23,2004,11,29,True,True,0.0
2004-11-30,22.6375,30.6,16.4,0.0,24,24,2004,11,30,True,True,0.0
2004-12-01,22.84166666666667,30.1,16.4,0.0,24,24,2004,12,1,True,True,0.0
2004-12-02,23.025000000000002,30.5,18.0,0.0,24,24,2004,12,2,True,True,0.0
2004-12-03,22.204166666666666,29.0,18.2,0.0,24,24,2004,12,3,True,True,0.0
2004-12-04,25.266666666666666,33.3,18.7,0.0,24,24,2004,12,4,True,True,0.0
2004-12-05,24.316666666666666,30.6,17.8,4.8,24,22,2004,12,5,True,True,1.0
2004-12-06,24.849999999999998,33.0,19.9,,24,0,2004,12,6,True,False,
2004-12-07,23.583333333333332,29.2,19.5,,24,0,2004,12,7,True,False,
2004-12-08,23.34583333333333,29.9,18.9,,24,2,2004,12,8,True,False,
2004-12-09,21.333333333333332,28.0,18.8,13.8,24,24,2004,12,9,True,True,1.0
2004-12-10,21.491666666666664,26.2,18.2,0.0,24,24,2004,12,10,True,True,0.0
2004-12-11,20.516666666666666,27.2,15.9,12.2,24,24,2004,12,11,True,True,1.0
2004-12-12,20.720833333333335,28.1,14.4,0.0,24,24,2004,12,12,True,True,0.0
2004-12-13,21.90416666666667,30.4,14.7,0.0,24,24,2004,12,13,True,True,0.0
2004-12-14,23.829166666666666,31.3,16.9,0.0,24,24,2004,12,14,True,True,0.0
2004-12-15,24.366666666666664,34.3,17.4,0.0,24,24,2004,12,15,True,True,0.0
2004-12-16,24.21666666666667,32.5,18.7,0.2,24,24,2004,12,16,True,True,0.0
2004-12-17,24.821739130434782,31.8,20.4,0.0,23,23,2004,12,17,True,True,0.0
2004-12-18,22.875,30.3,19.8,4.2,24,24,2004,12,18,True,True,1.0
2004-12-19,24.3875,30.7,20.0,0.0,24,24,2004,12,19,True,True,0.0
2004-12-20,23.462500000000002,29.7,19.0,58.599999999999994,24,24,2004,12,20,True,True,1.0
2004-12-21,20.416666666666668,23.3,19.2,11.6,24,24,2004,12,21,True,True,1.0
2004-12-22,18.224999999999998,22.6,16.2,4.800000000000001,24,24,2004,12,22,True,True,1.0
2004-12-23,19.104166666666668,24.3,15.8,0.8,24,24,2004,12,23,True,True,0.0
2004-12-24,21.395833333333332,29.5,16.1,0.0,24,24,2004,12,24,True,True,0.0
2004-12-25,22.287499999999998,31.9,17.3,6.0,24,24,2004,12,25,True,True,1.0
2004-12-26,20.6875,25.9,18.8,14.400000000000002,24,24,2004,12,26,True,True,1.0
2004-12-27,21.920833333333334,27.4,18.9,5.4,24,24,2004,12,27,True,True,1.0
2004-12-28,23.954166666666666,31.3,18.7,0.2,24,24,2004,12,28,True,True,0.0
2004-12-29,24.741666666666664,32.7,18.1,0.0,24,24,2004,12,29,True,True,0.0
2004-12-30,25.349999999999998,32.6,18.5,0.0,24,24,2004,12,30,True,True,0.0
2004-12-31,25.8625,32.9,19.6,0.0,24,24,2004,12,31,True,True,0.0
2005-01-01,24.979166666666668,33.6,20.6,0.0,24,24,2005,1,1,True,True,0.0
2005-01-02,24.400000000000002,31.8,19.2,0.0,24,24,2005,1,2,True,True,0.0
2005-01-03,21.583333333333332,26.7,19.5,29.2,24,24,2005,1,3,True,True,1.0
2005-01-04,20.495833333333334,22.8,19.3,15.0,24,24,2005,1,4,True,True,1.0
2005-01-05,22.166666666666668,27.4,20.0,10.200000000000001,24,24,2005,1,5,True,True,1.0
2005-01-06,23.21666666666667,28.2,20.6,3.8,24,24,2005,1,6,True,True,1.0
2005-01-07,24.974999999999998,32.6,20.7,0.0,24,24,2005,1,7,True,True,0.0
2005-01-08,24.974999999999998,32.7,20.2,33.6,24,24,2005,1,8,True,True,1.0
2005-01-09,23.275000000000002,29.0,19.9,5.8,24,24,2005,1,9,True,True,1.0
2005-01-10,24.6875,30.3,21.8,0.0,24,24,2005,1,10,True,True,0.0
2005-01-11,24.191666666666666,29.2,21.2,2.6,24,24,2005,1,11,True,True,1.0
2005-01-12,23.67391304347826,28.3,20.8,0.0,23,23,2005,1,12,True,True,0.0
2005-01-13,23.575,29.9,17.9,0.0,24,24,2005,1,13,True,True,0.0
2005-01-14,24.758333333333336,31.9,18.8,0.0,24,24,2005,1,14,True,True,0.0
2005-01-15,26.05,32.5,20.8,0.0,24,24,2005,1,15,True,True,0.0
2005-01-16,23.754166666666666,30.1,20.1,25.400000000000002,24,24,2005,1,16,True,True,1.0
2005-01-17,22.40416666666667,27.8,19.5,0.6000000000000001,24,24,2005,1,17,True,True,0.0
2005-01-18,23.3,28.7,20.0,13.600000000000001,24,24,2005,1,18,True,True,1.0
2005-01-19,22.349999999999998,24.1,21.1,131.4,24,24,2005,1,19,True,True,1.0
2005-01-20,21.991666666666664,25.8,21.0,58.99999999999999,24,24,2005,1,20,True,True,1.0
2005-01-21,24.008333333333336,29.0,21.0,0.8,24,24,2005,1,21,True,True,0.0
2005-01-22,22.65833333333333,25.5,21.5,36.8,24,24,2005,1,22,True,True,1.0
2005-01-23,24.3625,30.2,21.2,0.2,24,24,2005,1,23,True,True,0.0
2005-01-24,25.066666666666666,31.1,21.2,0.2,24,24,2005,1,24,True,True,0.0
2005-01-25,23.09166666666667,26.0,21.4,25.4,24,24,2005,1,25,True,True,1.0
2005-01-26,20.033333333333335,23.2,18.5,5.199999999999999,24,24,2005,1,26,True,True,1.0
2005-01-27,18.275000000000002,20.1,16.4,18.4,24,24,2005,1,27,True,True,1.0
2005-01-28,20.795833333333334,27.6,17.8,7.199999999999999,24,24,2005,1,28,True,True,1.0
2005-01-29,22.008333333333336,25.9,20.2,4.4,24,24,2005,1,29,True,True,1.0
2005-01-30,22.945833333333336,28.8,20.4,13.8,24,24,2005,1,30,True,True,1.0
2005-01-31,23.891666666666666,31.2,18.1,0.0,24,24,2005,1,31,True,True,0.0
2005-02-01,23.316666666666666,30.4,18.1,0.0,24,24,2005,2,1,True,True,0.0
2005-02-02,22.95,29.5,18.3,1.5999999999999999,24,24,2005,2,2,True,True,1.0
2005-02-03,23.6125,28.9,20.3,0.0,24,24,2005,2,3,True,True,0.0
2005-02-04,23.3875,31.3,19.8,30.6,24,24,2005,2,4,True,True,1.0
2005-02-05,22.84166666666667,29.6,18.1,8.6,24,24,2005,2,5,True,True,1.0
2005-02-06,21.787499999999998,27.6,17.5,0.0,24,24,2005,2,6,True,True,0.0
2005-02-07,21.46666666666667,29.2,15.4,0.0,24,24,2005,2,7,True,True,0.0
2005-02-08,21.483333333333334,28.7,15.9,0.0,24,24,2005,2,8,True,True,0.0
2005-02-09,21.579166666666666,29.4,15.5,0.0,24,24,2005,2,9,True,True,0.0
2005-02-10,22.625,30.7,17.0,0.0,24,24,2005,2,10,True,True,0.0
2005-02-11,24.38695652173913,31.4,18.0,0.2,23,23,2005,2,11,True,True,0.0
2005-02-12,24.291666666666668,31.4,17.9,0.2,24,24,2005,2,12,True,True,0.0
2005-02-13,23.666666666666668,31.4,17.7,0.0,24,24,2005,2,13,True,True,0.0
2005-02-14,23.758333333333336,31.0,17.9,0.0,24,24,2005,2,14,True,True,0.0
2005-02-15,23.204166666666666,30.6,17.5,0.0,24,24,2005,2,15,True,True,0.0
2005-02-16,24.366666666666664,32.9,17.5,0.0,24,24,2005,2,16,True,True,0.0
2005-02-17,25.795833333333334,34.2,19.2,0.0,24,24,2005,2,17,True,True,0.0
2005-02-18,26.583333333333332,34.7,20.6,0.0,24,24,2005,2,18,True,True,0.0
2005-02-19,24.724,33.4,19.7,1.6,25,25,2005,2,19,True,True,1.0
2005-02-20,24.90833333333333,33.2,19.5,0.0,24,24,2005,2,20,True,True,0.0
2005-02-21,23.90416666666667,31.6,17.8,0.0,24,24,2005,2,21,True,True,0.0
2005-02-22,24.8625,34.1,17.8,0.0,24,24,2005,2,22,True,True,0.0
2005-02-23,27.3625,35.5,20.4,0.0,24,24,2005,2,23,True,True,0.0
2005-02-24,27.670833333333334,36.2,21.2,0.0,24,24,2005,2,24,True,True,0.0
2005-02-25,25.212500000000002,34.3,20.3,65.00000000000001,24,24,2005,2,25,True,True,1.0
2005-02-26,23.349999999999998,29.1,19.8,5.0,24,24,2005,2,26,True,True,1.0
2005-02-27,22.820833333333336,29.5,20.2,20.0,24,24,2005,2,27,True,True,1.0
2005-02-28,23.583333333333332,30.1,20.0,0.2,24,24,2005,2,28,True,True,0.0
2005-03-01,24.7375,31.5,19.7,0.0,24,24,2005,3,1,True,True,0.0
2005-03-02,22.616666666666664,28.5,18.6,0.0,24,24,2005,3,2,True,True,0.0
2005-03-03,20.95,27.2,17.6,0.0,24,24,2005,3,3,True,True,0.0
2005-03-04,21.645833333333332,29.2,16.4,0.0,24,24,2005,3,4,True,True,0.0
2005-03-05,21.7625,29.1,15.6,0.0,24,24,2005,3,5,True,True,0.0
2005-03-06,21.962500000000002,29.2,16.2,0.0,24,24,2005,3,6,True,True,0.0
2005-03-07,23.616666666666664,31.7,17.9,0.0,24,24,2005,3,7,True,True,0.0
2005-03-08,25.258333333333336,33.5,19.3,0.0,24,24,2005,3,8,True,True,0.0
2005-03-09,26.429166666666664,34.1,20.8,0.0,24,24,2005,3,9,True,True,0.0
2005-03-10,25.8875,33.3,20.2,0.0,24,24,2005,3,10,True,True,0.0
2005-03-11,27.1375,35.3,20.3,0.0,24,24,2005,3,11,True,True,0.0
2005-03-12,24.97083333333333,28.8,22.4,0.0,24,24,2005,3,12,True,True,0.0
2005-03-13,25.791304347826088,33.0,20.9,0.0,23,23,2005,3,13,True,True,0.0
2005-03-14,23.708333333333332,29.4,19.9,78.6,24,24,2005,3,14,True,True,1.0
2005-03-15,21.962500000000002,27.9,20.5,56.4,24,24,2005,3,15,True,True,1.0
2005-03-16,22.233333333333334,27.2,19.9,12.600000000000001,24,24,2005,3,16,True,True,1.0
2005-03-17,23.02916666666667,27.4,21.1,1.2,24,24,2005,3,17,True,True,1.0
2005-03-18,23.679166666666664,31.1,20.2,0.2,24,24,2005,3,18,True,True,0.0
2005-03-19,24.395833333333332,31.9,19.6,0.0,24,24,2005,3,19,True,True,0.0
2005-03-20,22.599999999999998,28.4,18.8,2.0,24,24,2005,3,20,True,True,1.0
2005-03-21,22.25,24.6,20.4,0.6000000000000001,24,24,2005,3,21,True,True,0.0
2005-03-22,23.287499999999998,28.7,20.3,9.0,24,24,2005,3,22,True,True,1.0
2005-03-23,24.295833333333334,30.3,21.2,1.0,24,24,2005,3,23,True,True,1.0
2005-03-24,22.09166666666667,26.2,20.3,,24,21,2005,3,24,True,False,
2005-03-25,22.133333333333336,28.2,18.6,,24,0,2005,3,25,True,False,
2005-03-26,21.525000000000002,28.5,16.7,,24,0,2005,3,26,True,False,
2005-03-27,21.40434782608696,30.3,15.1,,23,0,2005,3,27,True,False,
2005-03-28,22.879166666666666,29.9,18.4,,24,0,2005,3,28,True,False,
2005-03-29,23.1125,30.8,17.7,,24,0,2005,3,29,True,False,
2005-03-30,24.633333333333336,32.0,19.7,,24,0,2005,3,30,True,False,
2005-03-31,23.920833333333334,30.3,19.8,,24,3,2005,3,31,True,False,
2005-04-01,24.25,31.4,19.9,0.0,24,24,2005,4,1,True,True,0.0
2005-04-02,25.679166666666664,31.7,21.2,0.0,24,24,2005,4,2,True,True,0.0
2005-04-03,25.425,31.6,20.6,0.0,24,24,2005,4,3,True,True,0.0
2005-04-04,23.233333333333334,30.8,20.2,0.8,24,24,2005,4,4,True,True,0.0
2005-04-05,23.212500000000002,30.2,19.3,0.6000000000000001,24,24,2005,4,5,True,True,0.0
2005-04-06,24.833333333333332,33.2,20.4,0.0,24,24,2005,4,6,True,True,0.0
2005-04-07,25.787499999999998,32.3,21.1,0.0,24,24,2005,4,7,True,True,0.0
2005-04-08,25.325,33.3,21.2,1.4,24,24,2005,4,8,True,True,1.0
2005-04-09,25.245833333333334,33.3,19.9,0.0,24,24,2005,4,9,True,True,0.0
2005-04-10,24.962500000000002,32.7,20.4,0.0,24,24,2005,4,10,True,True,0.0
2005-04-11,25.079166666666666,32.3,20.9,0.0,24,24,2005,4,11,True,True,0.0
2005-04-12,24.7375,32.2,20.1,0.0,24,24,2005,4,12,True,True,0.0
2005-04-13,24.566666666666666,30.6,19.6,0.0,24,24,2005,4,13,True,True,0.0
2005-04-14,24.333333333333332,32.2,19.2,0.0,24,24,2005,4,14,True,True,0.0
2005-04-15,25.254166666666666,33.4,20.7,0.0,24,24,2005,4,15,True,True,0.0
2005-04-16,25.825000000000003,33.0,20.1,0.0,24,24,2005,4,16,True,True,0.0
2005-04-17,24.491666666666664,32.4,19.9,0.0,24,24,2005,4,17,True,True,0.0
2005-04-18,22.849999999999998,31.4,18.5,0.0,24,24,2005,4,18,True,True,0.0
2005-04-19,22.8,30.9,17.7,0.0,24,24,2005,4,19,True,True,0.0
2005-04-20,23.474999999999998,31.7,17.2,6.0,24,24,2005,4,20,True,True,1.0
2005-04-21,21.875,28.9,17.2,9.6,24,24,2005,4,21,True,True,1.0
2005-04-22,21.537499999999998,28.8,17.0,0.0,24,24,2005,4,22,True,True,0.0
2005-04-23,21.525000000000002,28.7,17.0,0.0,24,24,2005,4,23,True,True,0.0
2005-04-24,21.7,29.6,16.4,0.0,24,24,2005,4,24,True,True,0.0
2005-04-25,20.808333333333334,23.8,19.1,3.8000000000000003,24,24,2005,4,25,True,True,1.0
2005-04-26,18.195833333333333,22.0,15.9,0.0,24,24,2005,4,26,True,True,0.0
2005-04-27,17.941666666666666,22.9,15.1,0.0,24,24,2005,4,27,True,True,0.0
2005-04-28,17.252173913043478,21.5,14.2,1.6,23,23,2005,4,28,True,True,1.0
2005-04-29,18.658333333333335,24.9,14.7,2.2,24,24,2005,4,29,True,True,1.0
2005-04-30,18.541666666666668,24.6,14.1,0.0,24,24,2005,4,30,True,True,0.0
2005-05-01,17.408333333333335,24.4,13.0,0.0,24,24,2005,5,1,True,True,0.0
2005-05-02,17.416666666666668,24.3,12.1,0.0,24,24,2005,5,2,True,True,0.0
2005-05-03,18.1875,25.9,13.2,0.0,24,24,2005,5,3,True,True,0.0
2005-05-04,18.808333333333334,26.7,13.7,0.0,24,24,2005,5,4,True,True,0.0
2005-05-05,19.204166666666666,27.0,13.4,0.0,24,24,2005,5,5,True,True,0.0
2005-05-06,19.191666666666666,26.3,14.1,0.0,24,24,2005,5,6,True,True,0.0
2005-05-07,19.904166666666665,28.0,14.6,0.0,24,24,2005,5,7,True,True,0.0
2005-05-08,20.583333333333332,28.3,14.2,0.0,24,24,2005,5,8,True,True,0.0
2005-05-09,20.416666666666668,26.6,16.5,0.0,24,24,2005,5,9,True,True,0.0
2005-05-10,20.6875,27.9,16.7,0.0,24,24,2005,5,10,True,True,0.0
2005-05-11,21.900000000000002,29.8,16.3,0.0,24,24,2005,5,11,True,True,0.0
2005-05-12,22.224999999999998,29.8,16.1,0.0,24,24,2005,5,12,True,True,0.0
2005-05-13,22.929166666666664,30.2,17.6,0.0,24,24,2005,5,13,True,True,0.0
2005-05-14,22.683333333333334,29.6,18.3,0.0,24,24,2005,5,14,True,True,0.0
2005-05-15,22.208333333333332,29.4,17.9,0.0,24,24,2005,5,15,True,True,0.0
2005-05-16,22.95,30.2,17.8,0.0,24,24,2005,5,16,True,True,0.0
2005-05-17,22.875,30.9,16.6,0.0,24,24,2005,5,17,True,True,0.0
2005-05-18,23.662499999999998,30.6,18.3,0.0,24,24,2005,5,18,True,True,0.0
2005-05-19,23.754166666666666,31.5,17.9,0.0,24,24,2005,5,19,True,True,0.0
2005-05-20,24.1125,30.8,19.2,0.0,24,24,2005,5,20,True,True,0.0
2005-05-21,22.191666666666666,27.8,18.7,0.4,24,24,2005,5,21,True,True,0.0
2005-05-22,17.1875,19.2,15.9,19.599999999999998,24,24,2005,5,22,True,True,1.0
2005-05-23,18.579166666666666,23.0,14.5,0.0,24,24,2005,5,23,True,True,0.0
2005-05-24,20.8625,25.3,18.5,27.4,24,24,2005,5,24,True,True,1.0
2005-05-25,18.745833333333334,23.5,15.4,29.400000000000002,24,24,2005,5,25,True,True,1.0
2005-05-26,16.770833333333332,23.7,12.6,0.2,24,24,2005,5,26,True,True,0.0
2005-05-27,17.308333333333334,24.0,12.0,0.2,24,24,2005,5,27,True,True,0.0
2005-05-28,18.724999999999998,27.0,13.5,0.0,24,24,2005,5,28,True,True,0.0
2005-05-29,19.683333333333334,26.4,13.6,0.0,24,24,2005,5,29,True,True,0.0
2005-05-30,19.191666666666666,23.4,17.3,2.6,24,24,2005,5,30,True,True,1.0
2005-05-31,20.575,26.6,16.2,0.0,24,24,2005,5,31,True,True,0.0
2005-06-01,19.816666666666666,23.9,16.3,0.2,24,24,2005,6,1,True,True,0.0
2005-06-02,20.849999999999998,26.2,17.7,0.0,24,24,2005,6,2,True,True,0.0
2005-06-03,21.120833333333334,28.2,16.8,0.0,24,24,2005,6,3,True,True,0.0
2005-06-04,20.233333333333334,26.5,15.5,0.0,24,24,2005,6,4,True,True,0.0
2005-06-05,20.066666666666666,26.5,16.0,0.0,24,24,2005,6,5,True,True,0.0
2005-06-06,19.375,26.9,15.1,0.0,24,24,2005,6,6,True,True,0.0
2005-06-07,18.983333333333334,26.2,13.4,0.0,24,24,2005,6,7,True,True,0.0
2005-06-08,19.645833333333332,27.1,15.0,0.0,24,24,2005,6,8,True,True,0.0
2005-06-09,19.983333333333334,26.7,14.8,0.0,24,24,2005,6,9,True,True,0.0
2005-06-10,20.029166666666665,26.4,16.3,2.8,24,24,2005,6,10,True,True,1.0
2005-06-11,19.995833333333334,26.9,15.6,0.0,24,24,2005,6,11,True,True,0.0
2005-06-12,20.0125,27.5,15.0,0.0,24,24,2005,6,12,True,True,0.0
2005-06-13,20.454166666666666,27.4,16.0,0.0,24,24,2005,6,13,True,True,0.0
2005-06-14,20.675,28.1,15.7,0.0,24,24,2005,6,14,True,True,0.0
2005-06-15,20.662499999999998,27.2,16.5,0.0,24,24,2005,6,15,True,True,0.0
2005-06-16,19.775000000000002,27.2,15.7,0.0,24,24,2005,6,16,True,True,0.0
2005-06-17,21.224999999999998,28.0,15.9,0.0,24,24,2005,6,17,True,True,0.0
2005-06-18,18.491666666666667,22.0,16.3,0.0,24,24,2005,6,18,True,True,0.0
2005-06-19,19.004166666666666,25.0,15.6,0.2,24,24,2005,6,19,True,True,0.0
2005-06-20,18.412499999999998,20.3,15.9,24.200000000000003,24,24,2005,6,20,True,True,1.0
2005-06-21,15.549999999999999,17.6,14.2,15.999999999999998,24,24,2005,6,21,True,True,1.0
2005-06-22,16.733333333333334,21.6,13.5,0.0,24,24,2005,6,22,True,True,0.0
2005-06-23,17.066666666666666,24.6,12.5,0.0,24,24,2005,6,23,True,True,0.0
2005-06-24,17.675,24.8,13.6,0.0,24,24,2005,6,24,True,True,0.0
2005-06-25,16.979166666666668,23.2,13.0,0.2,24,24,2005,6,25,True,True,0.0
2005-06-26,17.379166666666666,25.0,12.8,0.0,24,24,2005,6,26,True,True,0.0
2005-06-27,18.724999999999998,24.7,14.0,0.0,24,24,2005,6,27,True,True,0.0
2005-06-28,18.416666666666668,21.0,16.8,0.6,24,24,2005,6,28,True,True,0.0
2005-06-29,19.866666666666667,25.3,15.8,11.4,24,24,2005,6,29,True,True,1.0
2005-06-30,21.912499999999998,28.5,17.7,0.0,24,24,2005,6,30,True,True,0.0
2005-07-01,20.158333333333335,26.4,17.0,0.0,24,24,2005,7,1,True,True,0.0
2005-07-02,20.808333333333334,27.9,16.3,0.0,24,24,2005,7,2,True,True,0.0
2005-07-03,20.929166666666667,27.9,15.7,0.0,24,24,2005,7,3,True,True,0.0
2005-07-04,21.212500000000002,28.4,14.8,0.0,24,24,2005,7,4,True,True,0.0
2005-07-05,19.6875,26.2,16.0,0.4,24,24,2005,7,5,True,True,0.0
2005-07-06,17.479166666666668,23.1,12.9,0.0,24,24,2005,7,6,True,True,0.0
2005-07-07,13.741666666666667,18.8,11.6,0.0,24,24,2005,7,7,True,True,0.0
2005-07-08,15.108333333333334,20.7,11.6,0.0,24,24,2005,7,8,True,True,0.0
2005-07-09,14.325000000000001,20.6,9.9,0.0,24,24,2005,7,9,True,True,0.0
2005-07-10,15.137500000000001,20.9,10.2,0.0,24,24,2005,7,10,True,True,0.0
2005-07-11,17.258333333333333,24.0,12.6,0.0,24,24,2005,7,11,True,True,0.0
2005-07-12,18.212500000000002,25.3,12.9,0.0,24,24,2005,7,12,True,True,0.0
2005-07-13,17.883333333333333,25.4,12.8,0.0,24,24,2005,7,13,True,True,0.0
2005-07-14,17.1125,24.4,11.7,0.0,24,24,2005,7,14,True,True,0.0
2005-07-15,17.808333333333334,25.8,12.5,0.0,24,24,2005,7,15,True,True,0.0
2005-07-16,19.929166666666667,27.5,13.4,0.0,24,24,2005,7,16,True,True,0.0
2005-07-17,16.683333333333334,22.0,11.9,0.8,24,24,2005,7,17,True,True,0.0
2005-07-18,12.808333333333332,15.7,10.3,0.0,24,24,2005,7,18,True,True,0.0
2005-07-19,13.775,19.9,8.9,0.0,24,24,2005,7,19,True,True,0.0
2005-07-20,15.070833333333333,21.8,8.6,0.0,24,24,2005,7,20,True,True,0.0
2005-07-21,17.666666666666668,24.8,12.3,1.6,24,24,2005,7,21,True,True,1.0
2005-07-22,21.004166666666666,28.6,15.9,0.0,24,24,2005,7,22,True,True,0.0
2005-07-23,21.729166666666668,28.7,16.1,0.0,24,24,2005,7,23,True,True,0.0
2005-07-24,18.23478260869565,23.9,14.6,1.6,23,23,2005,7,24,True,True,1.0
2005-07-25,15.2125,20.8,10.0,3.8000000000000003,24,24,2005,7,25,True,True,1.0
2005-07-26,14.116666666666667,23.7,6.9,0.0,24,24,2005,7,26,True,True,0.0
2005-07-27,15.570833333333333,22.1,11.6,0.0,24,24,2005,7,27,True,True,0.0
2005-07-28,19.2,28.7,12.9,0.0,24,24,2005,7,28,True,True,0.0
2005-07-29,21.241666666666667,29.6,15.4,0.0,24,24,2005,7,29,True,True,0.0
2005-07-30,20.741666666666667,28.0,15.0,0.0,24,24,2005,7,30,True,True,0.0
2005-07-31,20.216666666666665,28.5,15.0,0.0,24,24,2005,7,31,True,True,0.0
2005-08-01,20.958333333333332,28.6,16.3,0.0,24,24,2005,8,1,True,True,0.0
2005-08-02,20.183333333333334,27.7,14.4,0.0,24,24,2005,8,2,True,True,0.0
2005-08-03,20.183333333333334,27.9,15.0,0.0,24,24,2005,8,3,True,True,0.0
2005-08-04,20.1875,28.6,13.7,0.0,24,24,2005,8,4,True,True,0.0
2005-08-05,21.158333333333335,28.8,15.4,0.0,24,24,2005,8,5,True,True,0.0
2005-08-06,20.916666666666668,29.0,13.8,0.0,24,24,2005,8,6,True,True,0.0
2005-08-07,20.716666666666665,29.1,13.9,0.0,24,24,2005,8,7,True,True,0.0
2005-08-08,20.104166666666668,28.2,15.8,0.0,24,24,2005,8,8,True,True,0.0
2005-08-09,16.404166666666665,23.7,10.5,0.0,24,24,2005,8,9,True,True,0.0
2005-08-10,13.216666666666667,22.4,5.2,0.0,24,24,2005,8,10,True,True,0.0
2005-08-11,16.6125,24.4,10.0,0.0,24,24,2005,8,11,True,True,0.0
2005-08-12,17.104166666666668,26.2,10.9,0.0,24,24,2005,8,12,True,True,0.0
2005-08-13,18.170833333333334,27.7,11.6,0.0,24,24,2005,8,13,True,True,0.0
2005-08-14,19.983333333333334,30.4,12.3,0.0,24,24,2005,8,14,True,True,0.0
2005-08-15,22.141666666666666,31.5,14.6,0.0,24,24,2005,8,15,True,True,0.0
2005-08-16,22.21666666666667,30.2,16.3,0.0,24,24,2005,8,16,True,True,0.0
2005-08-17,22.96666666666667,30.7,17.0,0.0,24,24,2005,8,17,True,True,0.0
2005-08-18,22.116666666666664,28.5,17.9,0.0,24,24,2005,8,18,True,True,0.0
2005-08-19,21.25,29.5,16.1,0.0,24,24,2005,8,19,True,True,0.0
2005-08-20,21.65416666666667,29.5,16.2,0.0,24,24,2005,8,20,True,True,0.0
2005-08-21,21.420833333333334,29.7,15.3,0.0,24,24,2005,8,21,True,True,0.0
2005-08-22,21.983333333333334,30.4,15.9,0.0,24,24,2005,8,22,True,True,0.0
2005-08-23,24.45,31.9,17.8,0.0,24,24,2005,8,23,True,True,0.0
2005-08-24,21.78333333333333,30.2,15.9,0.4,24,24,2005,8,24,True,True,0.0
2005-08-25,18.837500000000002,27.6,13.4,0.2,24,24,2005,8,25,True,True,0.0
2005-08-26,18.962500000000002,28.8,11.1,0.0,24,24,2005,8,26,True,True,0.0
2005-08-27,20.329166666666666,28.2,13.6,12.8,24,24,2005,8,27,True,True,1.0
2005-08-28,25.0,33.2,18.1,0.0,24,24,2005,8,28,True,True,0.0
2005-08-29,26.708333333333332,34.2,20.2,0.0,24,24,2005,8,29,True,True,0.0
2005-08-30,25.229166666666668,30.3,21.5,0.0,24,24,2005,8,30,True,True,0.0
2005-08-31,24.34583333333333,29.9,20.8,0.0,24,24,2005,8,31,True,True,0.0
2005-09-01,21.025000000000002,29.3,16.1,5.2,24,24,2005,9,1,True,True,1.0
2005-09-02,15.85,22.1,12.3,3.4000000000000004,24,24,2005,9,2,True,True,1.0
2005-09-03,19.0125,27.9,11.7,0.0,24,24,2005,9,3,True,True,0.0
2005-09-04,22.212500000000002,30.7,15.4,0.0,24,24,2005,9,4,True,True,0.0
2005-09-05,21.891666666666666,30.1,16.2,13.6,24,24,2005,9,5,True,True,1.0
2005-09-06,22.275000000000002,28.6,17.2,0.0,24,24,2005,9,6,True,True,0.0
2005-09-07,20.054166666666667,27.0,15.4,0.0,24,24,2005,9,7,True,True,0.0
2005-09-08,20.125,27.1,15.2,0.0,24,24,2005,9,8,True,True,0.0
2005-09-09,23.095652173913045,30.4,17.1,0.0,23,23,2005,9,9,True,True,0.0
2005-09-10,25.154545454545453,31.5,19.2,0.0,22,22,2005,9,10,True,True,0.0
2005-09-11,24.813636363636363,32.2,20.0,0.0,22,22,2005,9,11,True,True,0.0
2005-09-12,21.09565217391304,27.0,15.4,1.0,23,23,2005,9,12,True,True,1.0
2005-09-13,,,,,20,20,2005,9,13,False,False,
2005-09-14,19.099999999999998,23.1,15.7,0.0,24,24,2005,9,14,True,True,0.0
2005-09-15,24.082608695652173,32.0,17.1,0.0,23,23,2005,9,15,True,True,0.0
2005-09-16,25.22083333333333,31.8,20.0,0.0,24,24,2005,9,16,True,True,0.0
2005-09-17,22.14782608695652,28.6,17.2,0.0,23,23,2005,9,17,True,True,0.0
2005-09-18,21.52173913043478,27.0,17.2,0.2,23,23,2005,9,18,True,True,0.0
2005-09-19,23.05652173913043,27.7,18.5,0.0,23,23,2005,9,19,True,True,0.0
2005-09-20,22.130434782608695,29.6,16.2,0.0,23,23,2005,9,20,True,True,0.0
2005-09-21,,,,,19,19,2005,9,21,False,False,
2005-09-22,20.039130434782606,22.2,18.2,0.6,23,23,2005,9,22,True,True,0.0
2005-09-23,,,,,21,21,2005,9,23,False,False,
2005-09-24,,,,,21,21,2005,9,24,False,False,
2005-09-25,21.44782608695652,23.5,19.5,20.4,23,23,2005,9,25,True,True,1.0
2005-09-26,19.87272727272727,22.4,16.8,2.4000000000000004,22,22,2005,9,26,True,True,1.0
2005-09-27,19.313636363636363,24.1,15.2,0.0,22,22,2005,9,27,True,True,0.0
2005-09-28,20.530434782608694,27.2,14.4,0.0,23,23,2005,9,28,True,True,0.0
2005-09-29,22.3625,28.2,16.9,0.0,24,24,2005,9,29,True,True,0.0
2005-09-30,,,,,20,20,2005,9,30,False,False,
2005-10-01,24.30454545454546,29.8,21.0,0.6000000000000001,22,22,2005,10,1,True,True,0.0
2005-10-02,23.929166666666664,27.4,21.3,0.0,24,24,2005,10,2,True,True,0.0
2005-10-03,25.727272727272727,31.2,20.7,0.0,22,22,2005,10,3,True,True,0.0
2005-10-04,27.35909090909091,32.9,21.4,0.0,22,22,2005,10,4,True,True,0.0
2005-10-05,25.104166666666668,26.8,23.9,0.2,24,24,2005,10,5,True,True,0.0
2005-10-06,25.530434782608697,29.6,23.1,0.0,23,23,2005,10,6,True,True,0.0
2005-10-07,26.06086956521739,32.4,21.6,0.0,23,23,2005,10,7,True,True,0.0
2005-10-08,27.11304347826087,32.6,22.7,0.0,23,23,2005,10,8,True,True,0.0
2005-10-09,27.03333333333333,32.4,23.0,0.2,24,24,2005,10,9,True,True,0.0
2005-10-10,26.595652173913045,32.9,21.2,0.0,23,23,2005,10,10,True,True,0.0
2005-10-11,,,,,21,21,2005,10,11,False,False,
2005-10-12,26.5,32.4,22.4,3.1999999999999997,23,23,2005,10,12,True,True,1.0
2005-10-13,27.925,33.1,23.4,0.0,24,24,2005,10,13,True,True,0.0
2005-10-14,28.14090909090909,32.7,23.9,0.4,22,22,2005,10,14,True,True,0.0
2005-10-15,25.068181818181817,29.6,22.7,3.2,22,22,2005,10,15,True,True,1.0
2005-10-16,,,,,20,20,2005,10,16,False,False,
2005-10-17,26.256521739130434,32.0,23.5,0.4,23,23,2005,10,17,True,True,0.0
2005-10-18,24.566666666666666,27.2,22.6,13.400000000000002,24,24,2005,10,18,True,True,1.0
2005-10-19,22.791666666666668,25.2,20.6,12.2,24,24,2005,10,19,True,True,1.0
2005-10-20,,,,,19,19,2005,10,20,False,False,
2005-10-21,26.2,31.3,22.9,8.0,24,24,2005,10,21,True,True,1.0
2005-10-22,24.539130434782606,27.8,22.8,31.999999999999996,23,23,2005,10,22,True,True,1.0
2005-10-23,,,,,21,21,2005,10,23,False,False,
2005-10-24,25.933333333333334,31.6,21.0,0.0,24,24,2005,10,24,True,True,0.0
2005-10-25,26.456521739130434,30.5,22.7,0.0,23,23,2005,10,25,True,True,0.0
2005-10-26,27.282608695652176,32.0,24.0,4.4,23,23,2005,10,26,True,True,1.0
2005-10-27,,,,,21,21,2005,10,27,False,False,
2005-10-28,26.43913043478261,31.9,24.1,27.799999999999997,23,23,2005,10,28,True,True,1.0
2005-10-29,,,,,21,21,2005,10,29,False,False,
2005-10-30,,,,,19,19,2005,10,30,False,False,
2005-10-31,,,,,0,0,2005,10,31,False,False,
2005-11-01,,,,,0,0,2005,11,1,False,False,
2005-11-02,,,,,0,0,2005,11,2,False,False,
2005-11-03,,,,,5,5,2005,11,3,False,False,
2005-11-04,27.45,30.4,25.6,0.0,24,24,2005,11,4,True,True,0.0
2005-11-05,25.691666666666666,31.1,20.7,0.0,24,24,2005,11,5,True,True,0.0
2005-11-06,25.320833333333336,31.9,19.6,0.0,24,24,2005,11,6,True,True,0.0
2005-11-07,24.343478260869563,31.1,18.8,0.0,23,24,2005,11,7,True,True,0.0
2005-11-08,21.337500000000002,28.4,16.9,0.0,24,24,2005,11,8,True,True,0.0
2005-11-09,,,,,21,21,2005,11,9,False,False,
2005-11-10,,,,,21,21,2005,11,10,False,False,
2005-11-11,,,,,20,20,2005,11,11,False,False,
2005-11-12,,,,,18,18,2005,11,12,False,False,
2005-11-13,,,,,21,21,2005,11,13,False,False,
2005-11-14,23.745454545454546,32.1,17.5,0.0,22,22,2005,11,14,True,True,0.0
2005-11-15,25.204545454545453,32.3,18.8,0.0,22,22,2005,11,15,True,True,0.0
2005-11-16,,,,,21,21,2005,11,16,False,False,
2005-11-17,25.354545454545452,33.3,21.5,0.0,22,22,2005,11,17,True,True,0.0
2005-11-18,,,,,21,21,2005,11,18,False,False,
2005-11-19,,,,,20,20,2005,11,19,False,False,
2005-11-20,,,,,19,19,2005,11,20,False,False,
2005-11-21,,,,,20,20,2005,11,21,False,False,
2005-11-22,,,,,21,21,2005,11,22,False,False,
2005-11-23,24.008695652173916,29.7,20.5,0.0,23,23,2005,11,23,True,True,0.0
2005-11-24,23.349999999999998,28.8,20.6,20.8,24,24,2005,11,24,True,True,1.0
2005-11-25,,,,,20,20,2005,11,25,False,False,
2005-11-26,19.682608695652174,24.0,16.7,0.2,23,23,2005,11,26,True,True,0.0
2005-11-27,,,,,5,5,2005,11,27,False,False,
2005-11-28,,,,,20,20,2005,11,28,False,False,
2005-11-29,,,,,0,0,2005,11,29,False,False,
2005-11-30,,,,,2,2,2005,11,30,False,False,
2005-12-01,21.745833333333334,24.7,19.9,10.4,24,24,2005,12,1,True,True,1.0
2005-12-02,20.604166666666668,23.0,18.2,65.4,24,24,2005,12,2,True,True,1.0
2005-12-03,20.224999999999998,26.5,16.4,0.0,24,24,2005,12,3,True,True,0.0
2005-12-04,21.666666666666668,28.2,14.5,0.0,24,24,2005,12,4,True,True,0.0
2005-12-05,22.09166666666667,26.8,20.0,31.2,24,24,2005,12,5,True,True,1.0
2005-12-06,21.675,24.5,20.0,11.200000000000003,24,24,2005,12,6,True,True,1.0
2005-12-07,20.979166666666668,26.4,17.5,0.0,24,24,2005,12,7,True,True,0.0
2005-12-08,20.570833333333333,25.3,16.1,0.0,24,24,2005,12,8,True,True,0.0
2005-12-09,22.474999999999998,28.8,16.7,0.0,24,24,2005,12,9,True,True,0.0
2005-12-10,25.099999999999998,31.8,20.3,0.0,24,24,2005,12,10,True,True,0.0
2005-12-11,21.754166666666666,26.5,19.1,0.0,24,24,2005,12,11,True,True,0.0
2005-12-12,21.054545454545455,26.8,17.4,0.0,22,22,2005,12,12,True,True,0.0
2005-12-13,,,,,0,0,2005,12,13,False,False,
2005-12-14,,,,,0,0,2005,12,14,False,False,
2005-12-15,,,,,0,0,2005,12,15,False,False,
2005-12-16,,,,,2,2,2005,12,16,False,False,
2005-12-17,23.625,28.2,19.9,0.0,24,24,2005,12,17,True,True,0.0
2005-12-18,21.275000000000002,28.1,18.5,31.4,24,24,2005,12,18,True,True,1.0
2005-12-19,21.866666666666664,26.5,18.7,0.2,24,24,2005,12,19,True,True,0.0
2005-12-20,23.09583333333333,30.7,18.7,8.4,24,24,2005,12,20,True,True,1.0
2005-12-21,23.129166666666666,30.5,19.1,0.4,24,24,2005,12,21,True,True,0.0
2005-12-22,24.058333333333334,30.7,19.6,0.0,24,24,2005,12,22,True,True,0.0
2005-12-23,24.991666666666664,32.0,19.1,0.0,24,24,2005,12,23,True,True,0.0
2005-12-24,23.9875,30.3,20.5,1.0,24,24,2005,12,24,True,True,1.0
2005-12-25,23.3125,30.0,18.9,0.0,24,24,2005,12,25,True,True,0.0
2005-12-26,22.97083333333333,30.3,17.8,0.0,24,24,2005,12,26,True,True,0.0
2005-12-27,23.1375,30.2,17.7,0.0,24,24,2005,12,27,True,True,0.0
2005-12-28,22.983333333333334,30.8,16.9,0.0,24,24,2005,12,28,True,True,0.0
2005-12-29,22.795833333333334,31.0,16.4,0.0,24,24,2005,12,29,True,True,0.0
2005-12-30,24.541666666666668,32.0,19.0,0.0,24,24,2005,12,30,True,True,0.0
2005-12-31,22.920833333333334,28.9,17.7,26.2,24,24,2005,12,31,True,True,1.0
2006-01-01,21.462500000000002,24.7,19.9,25.0,24,24,2006,1,1,True,True,1.0
2006-01-02,21.900000000000002,27.1,19.5,16.6,24,24,2006,1,2,True,True,1.0
2006-01-03,23.425,28.6,20.8,1.0,24,24,2006,1,3,True,True,1.0
2006-01-04,21.920833333333334,27.6,19.0,1.0,24,24,2006,1,4,True,True,1.0
2006-01-05,20.095833333333335,22.2,18.7,8.000000000000002,24,24,2006,1,5,True,True,1.0
2006-01-06,21.46666666666667,24.8,19.2,0.0,24,24,2006,1,6,True,True,0.0
2006-01-07,23.650000000000002,30.0,20.0,0.2,24,24,2006,1,7,True,True,0.0
2006-01-08,23.666666666666668,31.7,19.7,48.8,24,24,2006,1,8,True,True,1.0
2006-01-09,23.3875,31.5,19.9,0.0,24,24,2006,1,9,True,True,0.0
2006-01-10,25.054166666666664,31.4,20.0,0.0,24,24,2006,1,10,True,True,0.0
2006-01-11,24.633333333333336,32.1,19.4,13.4,24,24,2006,1,11,True,True,1.0
2006-01-12,23.8875,29.7,19.4,0.0,24,24,2006,1,12,True,True,0.0
2006-01-13,24.420833333333334,31.3,19.2,0.0,24,24,2006,1,13,True,True,0.0
2006-01-14,25.3875,31.7,21.5,0.0,24,24,2006,1,14,True,True,0.0
2006-01-15,26.412499999999998,33.0,20.5,0.0,24,24,2006,1,15,True,True,0.0
2006-01-16,27.320833333333336,35.1,20.7,0.0,24,24,2006,1,16,True,True,0.0
2006-01-17,27.166666666666668,35.4,19.8,0.0,24,24,2006,1,17,True,True,0.0
2006-01-18,24.650000000000002,32.2,18.5,0.0,24,24,2006,1,18,True,True,0.0
2006-01-19,24.25,31.2,20.1,10.399999999999999,24,24,2006,1,19,True,True,1.0
2006-01-20,23.208333333333332,31.2,18.3,25.8,24,24,2006,1,20,True,True,1.0
2006-01-21,26.037499999999998,32.4,20.9,0.0,24,24,2006,1,21,True,True,0.0
2006-01-22,26.383333333333336,32.9,21.2,0.0,24,24,2006,1,22,True,True,0.0
2006-01-23,25.391666666666666,33.4,20.7,0.0,24,24,2006,1,23,True,True,0.0
2006-01-24,26.379166666666666,32.9,20.6,0.0,24,24,2006,1,24,True,True,0.0
2006-01-25,26.287499999999998,35.1,20.8,0.0,24,24,2006,1,25,True,True,0.0
2006-01-26,25.1125,31.4,20.5,0.2,24,24,2006,1,26,True,True,0.0
2006-01-27,22.1875,26.0,19.7,28.199999999999996,24,24,2006,1,27,True,True,1.0
2006-01-28,22.825,27.6,19.5,0.4,24,24,2006,1,28,True,True,0.0
2006-01-29,21.616666666666664,25.2,20.3,18.2,24,24,2006,1,29,True,True,1.0
2006-01-30,22.666666666666668,30.8,19.5,0.4,24,24,2006,1,30,True,True,0.0
2006-01-31,22.895833333333332,30.7,17.8,0.4,24,24,2006,1,31,True,True,0.0
2006-02-01,24.2,31.8,17.9,0.0,24,24,2006,2,1,True,True,0.0
2006-02-02,24.34583333333333,31.6,18.7,0.0,24,24,2006,2,2,True,True,0.0
2006-02-03,24.379166666666666,30.9,19.7,0.0,24,24,2006,2,3,True,True,0.0
2006-02-04,25.625,32.9,19.3,0.0,24,24,2006,2,4,True,True,0.0
2006-02-05,25.516666666666666,33.6,20.8,0.0,24,24,2006,2,5,True,True,0.0
2006-02-06,25.895833333333332,34.6,20.5,4.2,24,24,2006,2,6,True,True,1.0
2006-02-07,25.27916666666667,32.7,20.9,4.6,24,24,2006,2,7,True,True,1.0
2006-02-08,24.108333333333334,30.9,21.3,0.0,24,24,2006,2,8,True,True,0.0
2006-02-09,23.358333333333334,29.1,20.2,1.4,24,24,2006,2,9,True,True,1.0
2006-02-10,22.41304347826087,26.0,20.8,29.4,23,23,2006,2,10,True,True,1.0
2006-02-11,,,,,16,16,2006,2,11,False,False,
2006-02-12,20.808333333333334,26.0,18.9,49.8,24,24,2006,2,12,True,True,1.0
2006-02-13,22.954166666666666,29.8,19.7,22.6,24,24,2006,2,13,True,True,1.0
2006-02-14,23.833333333333332,30.9,19.9,0.4,24,24,2006,2,14,True,True,0.0
2006-02-15,24.429166666666664,32.6,19.9,63.6,24,24,2006,2,15,True,True,1.0
2006-02-16,21.6875,25.8,19.6,22.200000000000003,24,24,2006,2,16,True,True,1.0
2006-02-17,22.379166666666666,26.0,19.0,2.4,24,24,2006,2,17,True,True,1.0
2006-02-18,22.752,27.7,20.7,1.7999999999999998,25,25,2006,2,18,True,True,1.0
2006-02-19,23.2375,29.3,19.0,0.2,24,24,2006,2,19,True,True,0.0
2006-02-20,23.425,28.8,20.9,0.0,24,24,2006,2,20,True,True,0.0
2006-02-21,23.98695652173913,29.7,18.6,34.6,23,23,2006,2,21,True,True,1.0
2006-02-22,22.429166666666664,28.5,18.5,3.4000000000000004,24,24,2006,2,22,True,True,1.0
2006-02-23,24.130434782608695,31.2,19.2,13.6,23,23,2006,2,23,True,True,1.0
2006-02-24,21.258333333333333,25.5,19.0,4.4,24,24,2006,2,24,True,True,1.0
2006-02-25,23.170833333333334,28.8,20.0,0.2,24,24,2006,2,25,True,True,0.0
2006-02-26,,,,,19,19,2006,2,26,False,False,
2006-02-27,,,,,11,11,2006,2,27,False,False,
2006-02-28,,,,,12,12,2006,2,28,False,False,
2006-03-01,25.5,33.4,20.5,0.0,24,24,2006,3,1,True,True,0.0
2006-03-02,25.925,33.1,20.9,0.0,24,24,2006,3,2,True,True,0.0
2006-03-03,26.77916666666667,33.7,20.9,0.0,24,24,2006,3,3,True,True,0.0
2006-03-04,25.395833333333332,33.2,20.9,9.8,24,24,2006,3,4,True,True,1.0
2006-03-05,23.545833333333334,29.2,20.5,0.0,24,24,2006,3,5,True,True,0.0
2006-03-06,24.179166666666664,30.8,19.5,11.2,24,24,2006,3,6,True,True,1.0
2006-03-07,23.104166666666668,30.4,19.3,3.4,24,24,2006,3,7,True,True,1.0
2006-03-08,24.120833333333334,31.1,19.1,0.0,24,24,2006,3,8,True,True,0.0
2006-03-09,25.8,32.2,20.6,0.0,24,24,2006,3,9,True,True,0.0
2006-03-10,25.233333333333334,32.0,20.9,0.0,24,24,2006,3,10,True,True,0.0
2006-03-11,22.675,28.8,18.3,0.0,24,24,2006,3,11,True,True,0.0
2006-03-12,22.8125,29.0,18.2,0.0,24,24,2006,3,12,True,True,0.0
2006-03-13,23.133333333333336,31.0,17.7,0.0,24,24,2006,3,13,True,True,0.0
2006-03-14,23.974999999999998,32.2,18.0,0.0,24,24,2006,3,14,True,True,0.0
2006-03-15,24.266666666666666,31.3,18.7,0.0,24,24,2006,3,15,True,True,0.0
2006-03-16,23.1125,28.8,20.8,16.4,24,24,2006,3,16,True,True,1.0
2006-03-17,23.46666666666667,28.2,21.0,0.4,24,24,2006,3,17,True,True,0.0
2006-03-18,23.59583333333333,29.3,20.7,0.0,24,24,2006,3,18,True,True,0.0
2006-03-19,24.09166666666667,30.4,19.7,0.0,24,24,2006,3,19,True,True,0.0
2006-03-20,24.304166666666664,30.1,20.5,0.6000000000000001,24,24,2006,3,20,True,True,0.0
2006-03-21,22.679166666666664,28.3,21.0,0.2,24,24,2006,3,21,True,True,0.0
2006-03-22,23.804166666666664,31.1,20.5,0.0,24,24,2006,3,22,True,True,0.0
2006-03-23,23.666666666666668,29.2,19.9,0.0,24,24,2006,3,23,True,True,0.0
2006-03-24,23.416666666666668,30.4,20.4,1.2,24,24,2006,3,24,True,True,1.0
2006-03-25,23.0125,29.3,20.2,3.4,24,24,2006,3,25,True,True,1.0
2006-03-26,22.295833333333334,26.2,19.7,0.0,24,24,2006,3,26,True,True,0.0
2006-03-27,23.141666666666666,28.2,19.5,0.2,24,24,2006,3,27,True,True,0.0
2006-03-28,24.020833333333332,30.2,19.3,0.2,24,24,2006,3,28,True,True,0.0
2006-03-29,22.5,27.1,19.6,6.0,24,24,2006,3,29,True,True,1.0
2006-03-30,22.316666666666666,28.6,18.1,1.4,24,24,2006,3,30,True,True,1.0
2006-03-31,,,,,13,13,2006,3,31,False,False,
2006-04-01,,,,,3,3,2006,4,1,False,False,
2006-04-02,22.587500000000002,29.9,17.8,0.0,24,24,2006,4,2,True,True,0.0
2006-04-03,,,,,9,9,2006,4,3,False,False,
2006-04-04,21.008333333333333,28.2,15.7,0.0,24,24,2006,4,4,True,True,0.0
2006-04-05,21.25,26.7,17.1,0.0,24,24,2006,4,5,True,True,0.0
2006-04-06,20.854166666666668,24.3,19.4,8.0,24,24,2006,4,6,True,True,1.0
2006-04-07,21.258333333333333,25.6,18.7,0.4,24,24,2006,4,7,True,True,0.0
2006-04-08,21.179166666666667,25.8,19.2,0.2,24,24,2006,4,8,True,True,0.0
2006-04-09,22.229166666666668,28.6,17.9,3.6,24,24,2006,4,9,True,True,1.0
2006-04-10,20.412499999999998,27.4,15.6,0.2,24,24,2006,4,10,True,True,0.0
2006-04-11,21.0125,27.5,16.0,0.0,24,24,2006,4,11,True,True,0.0
2006-04-12,22.395833333333332,29.4,16.0,0.0,24,24,2006,4,12,True,True,0.0
2006-04-13,22.670833333333334,30.0,16.7,0.0,24,24,2006,4,13,True,True,0.0
2006-04-14,22.629166666666666,30.7,17.3,0.0,24,24,2006,4,14,True,True,0.0
2006-04-15,22.495833333333334,29.2,17.5,0.0,24,24,2006,4,15,True,True,0.0
2006-04-16,,,,,8,8,2006,4,16,False,False,
2006-04-17,,,,,7,7,2006,4,17,False,False,
2006-04-18,18.8875,25.2,15.2,0.0,24,24,2006,4,18,True,True,0.0
2006-04-19,18.816666666666666,26.3,13.5,0.0,24,24,2006,4,19,True,True,0.0
2006-04-20,19.016666666666666,27.1,13.7,0.0,24,24,2006,4,20,True,True,0.0
2006-04-21,20.854166666666668,29.1,13.6,0.0,24,24,2006,4,21,True,True,0.0
2006-04-22,23.40833333333333,30.3,18.2,1.5999999999999999,24,24,2006,4,22,True,True,1.0
2006-04-23,23.087500000000002,30.3,17.6,0.0,24,24,2006,4,23,True,True,0.0
2006-04-24,22.570833333333336,30.8,17.4,0.0,24,24,2006,4,24,True,True,0.0
2006-04-25,22.25,30.8,16.2,0.0,24,24,2006,4,25,True,True,0.0
2006-04-26,22.770833333333332,30.5,15.4,0.0,24,24,2006,4,26,True,True,0.0
2006-04-27,20.958333333333332,28.8,16.2,0.0,24,24,2006,4,27,True,True,0.0
2006-04-28,19.337500000000002,26.9,14.4,0.0,24,24,2006,4,28,True,True,0.0
2006-04-29,19.508333333333333,27.5,13.7,0.0,24,24,2006,4,29,True,True,0.0
2006-04-30,20.345833333333335,28.1,14.0,0.0,24,24,2006,4,30,True,True,0.0
2006-05-01,21.662499999999998,29.1,14.6,0.0,24,24,2006,5,1,True,True,0.0
2006-05-02,19.08695652173913,27.1,14.2,0.0,23,23,2006,5,2,True,True,0.0
2006-05-03,,,,,21,21,2006,5,3,False,False,
2006-05-04,15.904347826086957,23.9,8.1,0.0,23,23,2006,5,4,True,True,0.0
2006-05-05,,,,,5,5,2006,5,5,False,False,
2006-05-06,,,,,3,3,2006,5,6,False,False,
2006-05-07,17.45,23.5,13.3,0.0,24,24,2006,5,7,True,True,0.0
2006-05-08,18.1375,25.2,13.4,0.0,24,24,2006,5,8,True,True,0.0
2006-05-09,17.66086956521739,25.7,12.5,0.2,23,23,2006,5,9,True,True,0.0
2006-05-10,,,,,15,15,2006,5,10,False,False,
2006-05-11,16.683333333333334,23.8,9.7,0.0,24,24,2006,5,11,True,True,0.0
2006-05-12,,,,,12,12,2006,5,12,False,False,
2006-05-13,,,,,0,0,2006,5,13,False,False,
2006-05-14,,,,,3,3,2006,5,14,False,False,
2006-05-15,,,,,19,19,2006,5,15,False,False,
2006-05-16,16.704545454545453,25.2,11.7,0.0,22,22,2006,5,16,True,True,0.0
2006-05-17,17.2625,26.1,11.6,0.0,24,24,2006,5,17,True,True,0.0
2006-05-18,18.63478260869565,27.7,12.7,,23,17,2006,5,18,True,False,
2006-05-19,19.741666666666667,27.5,14.1,,24,5,2006,5,19,True,False,
2006-05-20,,,,,21,21,2006,5,20,False,False,
2006-05-21,,,,,0,0,2006,5,21,False,False,
2006-05-22,,,,,7,0,2006,5,22,False,False,
2006-05-23,,,,,10,3,2006,5,23,False,False,
2006-05-24,16.421739130434784,21.1,12.6,0.0,23,23,2006,5,24,True,True,0.0
2006-05-25,17.358333333333334,25.4,12.6,0.0,24,24,2006,5,25,True,True,0.0
2006-05-26,17.991666666666667,26.9,12.0,0.0,24,24,2006,5,26,True,True,0.0
2006-05-27,20.1375,27.7,15.1,0.0,24,24,2006,5,27,True,True,0.0
2006-05-28,20.304166666666667,28.4,13.6,0.0,24,24,2006,5,28,True,True,0.0
2006-05-29,19.545833333333334,27.3,13.6,0.0,24,24,2006,5,29,True,True,0.0
2006-05-30,20.662499999999998,29.2,14.0,0.0,24,24,2006,5,30,True,True,0.0
2006-05-31,21.495833333333334,29.5,13.8,0.0,24,24,2006,5,31,True,True,0.0
2006-06-01,19.929166666666667,27.6,14.8,0.0,24,24,2006,6,1,True,True,0.0
2006-06-02,17.037499999999998,24.4,11.9,0.0,24,24,2006,6,2,True,True,0.0
2006-06-03,17.266666666666666,25.1,11.6,0.0,24,24,2006,6,3,True,True,0.0
2006-06-04,19.075,26.6,13.3,0.0,24,24,2006,6,4,True,True,0.0
2006-06-05,18.5625,22.8,16.1,0.0,24,24,2006,6,5,True,True,0.0
2006-06-06,19.724999999999998,27.1,15.2,0.0,24,24,2006,6,6,True,True,0.0
2006-06-07,19.416666666666668,27.7,14.9,0.0,24,24,2006,6,7,True,True,0.0
2006-06-08,19.349999999999998,26.6,14.1,0.0,24,24,2006,6,8,True,True,0.0
2006-06-09,18.724999999999998,26.4,13.2,0.0,24,24,2006,6,9,True,True,0.0
2006-06-10,20.4375,27.5,14.9,0.0,24,24,2006,6,10,True,True,0.0
2006-06-11,19.945833333333333,26.2,16.5,0.0,24,24,2006,6,11,True,True,0.0
2006-06-12,18.45,25.0,13.5,0.0,24,24,2006,6,12,True,True,0.0
2006-06-13,18.570833333333333,26.7,13.2,0.0,24,24,2006,6,13,True,True,0.0
2006-06-14,18.966666666666665,26.6,14.7,0.0,24,24,2006,6,14,True,True,0.0
2006-06-15,19.5125,27.7,13.3,0.0,24,24,2006,6,15,True,True,0.0
2006-06-16,18.900000000000002,26.1,13.8,0.0,24,24,2006,6,16,True,True,0.0
2006-06-17,17.108333333333334,25.2,12.5,0.0,24,24,2006,6,17,True,True,0.0
2006-06-18,17.55,26.2,11.9,0.0,24,24,2006,6,18,True,True,0.0
2006-06-19,18.466666666666665,26.0,13.4,0.0,24,24,2006,6,19,True,True,0.0
2006-06-20,19.275000000000002,26.7,14.3,0.0,24,24,2006,6,20,True,True,0.0
2006-06-21,19.858333333333334,27.1,14.1,0.0,24,24,2006,6,21,True,True,0.0
2006-06-22,19.558333333333334,27.5,15.1,0.0,24,24,2006,6,22,True,True,0.0
2006-06-23,,,,,16,16,2006,6,23,False,False,
2006-06-24,20.033333333333335,26.8,15.1,0.0,24,24,2006,6,24,True,True,0.0
2006-06-25,20.224999999999998,27.4,15.5,0.0,24,24,2006,6,25,True,True,0.0
2006-06-26,18.075,21.1,15.2,13.8,24,24,2006,6,26,True,True,1.0
2006-06-27,13.3125,20.4,8.5,0.2,24,24,2006,6,27,True,True,0.0
2006-06-28,12.983333333333334,19.8,8.4,0.0,24,24,2006,6,28,True,True,0.0
2006-06-29,14.299999999999999,22.6,9.5,0.0,24,24,2006,6,29,True,True,0.0
2006-06-30,16.7375,25.9,10.6,0.0,24,24,2006,6,30,True,True,0.0
2006-07-01,17.345833333333335,23.3,13.1,3.6,24,24,2006,7,1,True,True,1.0
2006-07-02,16.520833333333332,18.9,14.8,3.6,24,24,2006,7,2,True,True,1.0
2006-07-03,16.433333333333334,23.2,12.4,0.2,24,24,2006,7,3,True,True,0.0
2006-07-04,17.183333333333334,25.7,11.6,0.0,24,24,2006,7,4,True,True,0.0
2006-07-05,18.73478260869565,26.3,12.6,0.0,23,23,2006,7,5,True,True,0.0
2006-07-06,17.870833333333334,25.5,11.4,0.0,24,24,2006,7,6,True,True,0.0
2006-07-07,18.716666666666665,26.3,13.1,0.0,24,24,2006,7,7,True,True,0.0
2006-07-08,20.620833333333334,28.7,15.2,0.0,24,24,2006,7,8,True,True,0.0
2006-07-09,22.650000000000002,30.2,14.9,0.0,24,24,2006,7,9,True,True,0.0
2006-07-10,20.366666666666667,27.7,16.7,4.4,24,24,2006,7,10,True,True,1.0
2006-07-11,20.0125,27.6,15.4,0.0,24,24,2006,7,11,True,True,0.0
2006-07-12,20.287499999999998,27.9,15.6,0.0,24,24,2006,7,12,True,True,0.0
2006-07-13,19.979166666666668,27.1,15.7,0.0,24,24,2006,7,13,True,True,0.0
2006-07-14,19.849999999999998,28.0,14.7,0.0,24,24,2006,7,14,True,True,0.0
2006-07-15,19.037499999999998,25.8,14.7,0.0,24,24,2006,7,15,True,True,0.0
2006-07-16,17.9375,25.8,12.6,0.0,24,24,2006,7,16,True,True,0.0
2006-07-17,17.791666666666668,26.2,11.8,0.0,24,24,2006,7,17,True,True,0.0
2006-07-18,18.662499999999998,27.3,12.5,0.0,24,24,2006,7,18,True,True,0.0
2006-07-19,20.054166666666667,28.0,14.3,0.0,24,24,2006,7,19,True,True,0.0
2006-07-20,19.708333333333332,27.9,12.5,0.0,24,24,2006,7,20,True,True,0.0
2006-07-21,20.741666666666667,29.4,14.6,0.0,24,24,2006,7,21,True,True,0.0
2006-07-22,21.8125,30.3,15.2,0.0,24,24,2006,7,22,True,True,0.0
2006-07-23,22.09583333333333,30.8,15.5,0.0,24,24,2006,7,23,True,True,0.0
2006-07-24,22.675,30.7,17.5,0.0,24,24,2006,7,24,True,True,0.0
2006-07-25,22.258333333333336,30.4,15.2,0.0,24,24,2006,7,25,True,True,0.0
2006-07-26,21.995833333333334,31.0,16.0,0.0,24,24,2006,7,26,True,True,0.0
2006-07-27,22.804166666666664,31.7,16.6,0.0,24,24,2006,7,27,True,True,0.0
2006-07-28,24.912499999999998,32.5,18.6,0.0,24,24,2006,7,28,True,True,0.0
2006-07-29,19.845833333333335,23.2,18.1,8.8,24,24,2006,7,29,True,True,1.0
2006-07-30,13.066666666666668,18.7,11.1,12.999999999999998,24,24,2006,7,30,True,True,1.0
2006-07-31,12.512500000000001,14.8,10.9,4.2,24,24,2006,7,31,True,True,1.0
2006-08-01,16.337500000000002,24.2,11.7,0.0,24,24,2006,8,1,True,True,0.0
2006-08-02,16.545833333333334,23.1,12.6,0.0,24,24,2006,8,2,True,True,0.0
2006-08-03,17.7,26.8,12.0,0.0,24,24,2006,8,3,True,True,0.0
2006-08-04,19.545833333333334,28.4,13.2,0.2,24,24,2006,8,4,True,True,0.0
2006-08-05,22.40416666666667,30.8,16.3,0.0,24,24,2006,8,5,True,True,0.0
2006-08-06,23.354166666666668,31.7,17.3,0.0,24,24,2006,8,6,True,True,0.0
2006-08-07,22.441666666666666,30.5,15.3,0.0,24,24,2006,8,7,True,True,0.0
2006-08-08,22.541666666666668,29.6,16.5,0.0,24,24,2006,8,8,True,True,0.0
2006-08-09,22.458333333333332,30.2,16.0,0.0,24,24,2006,8,9,True,True,0.0
2006-08-10,23.462500000000002,31.5,17.2,0.0,24,24,2006,8,10,True,True,0.0
2006-08-11,23.816666666666666,31.9,16.9,0.0,24,24,2006,8,11,True,True,0.0
2006-08-12,23.516666666666666,31.5,16.6,0.0,24,24,2006,8,12,True,True,0.0
2006-08-13,23.912499999999998,31.6,16.3,0.0,24,24,2006,8,13,True,True,0.0
2006-08-14,24.641666666666666,32.9,18.5,0.0,24,24,2006,8,14,True,True,0.0
2006-08-15,,,,,21,21,2006,8,15,False,False,
2006-08-16,25.241666666666664,34.2,16.5,0.0,24,24,2006,8,16,True,True,0.0
2006-08-17,24.2625,34.2,17.1,0.0,24,24,2006,8,17,True,True,0.0
2006-08-18,21.458333333333332,30.6,15.2,0.0,24,24,2006,8,18,True,True,0.0
2006-08-19,21.791666666666668,30.1,15.0,0.0,24,24,2006,8,19,True,True,0.0
2006-08-20,20.333333333333332,28.4,14.6,0.0,24,24,2006,8,20,True,True,0.0
2006-08-21,16.329166666666666,24.5,10.2,0.0,24,24,2006,8,21,True,True,0.0
2006-08-22,14.791666666666666,24.7,7.6,0.0,24,24,2006,8,22,True,True,0.0
2006-08-23,17.845833333333335,28.6,8.4,0.0,24,24,2006,8,23,True,True,0.0
2006-08-24,20.766666666666666,31.6,12.5,0.0,24,24,2006,8,24,True,True,0.0
2006-08-25,22.4875,32.7,14.5,0.0,24,24,2006,8,25,True,True,0.0
2006-08-26,23.366666666666664,32.4,16.3,12.8,24,24,2006,8,26,True,True,1.0
2006-08-27,19.058333333333334,25.2,15.8,4.8,24,24,2006,8,27,True,True,1.0
2006-08-28,19.708333333333332,26.2,14.1,0.0,24,24,2006,8,28,True,True,0.0
2006-08-29,16.241666666666667,22.1,10.0,0.0,24,24,2006,8,29,True,True,0.0
2006-08-30,16.104166666666668,24.4,9.0,0.0,24,24,2006,8,30,True,True,0.0
2006-08-31,20.5125,30.3,11.8,0.0,24,24,2006,8,31,True,True,0.0
2006-09-01,19.245833333333334,25.0,16.0,9.400000000000002,24,24,2006,9,1,True,True,1.0
2006-09-02,19.400000000000002,26.8,15.3,20.8,24,24,2006,9,2,True,True,1.0
2006-09-03,17.650000000000002,24.5,11.0,0.0,24,24,2006,9,3,True,True,0.0
2006-09-04,15.404166666666667,21.6,11.0,0.0,24,24,2006,9,4,True,True,0.0
2006-09-05,11.916666666666666,20.1,6.0,0.0,24,24,2006,9,5,True,True,0.0
2006-09-06,13.241666666666667,22.7,4.9,0.0,24,24,2006,9,6,True,True,0.0
2006-09-07,17.066666666666666,25.9,10.5,0.0,24,24,2006,9,7,True,True,0.0
2006-09-08,20.212500000000002,30.2,12.4,0.0,24,24,2006,9,8,True,True,0.0
2006-09-09,21.337500000000002,27.8,17.1,0.0,24,24,2006,9,9,True,True,0.0
2006-09-10,21.116666666666667,28.2,15.5,0.0,24,24,2006,9,10,True,True,0.0
2006-09-11,24.354166666666668,32.8,18.0,0.0,24,24,2006,9,11,True,True,0.0
2006-09-12,26.291666666666668,34.5,18.2,0.0,24,24,2006,9,12,True,True,0.0
2006-09-13,26.025000000000002,33.2,18.4,0.0,24,24,2006,9,13,True,True,0.0
2006-09-14,26.270833333333332,34.8,19.0,0.0,24,24,2006,9,14,True,True,0.0
2006-09-15,27.78333333333333,36.0,21.0,0.0,24,24,2006,9,15,True,True,0.0
2006-09-16,20.070833333333333,25.5,15.0,4.2,24,24,2006,9,16,True,True,1.0
2006-09-17,19.6875,27.4,14.4,6.0,24,24,2006,9,17,True,True,1.0
2006-09-18,19.445833333333333,25.9,15.1,0.8,24,24,2006,9,18,True,True,0.0
2006-09-19,20.291666666666668,28.3,13.9,0.0,24,24,2006,9,19,True,True,0.0
2006-09-20,18.429166666666667,26.0,15.5,23.6,24,24,2006,9,20,True,True,1.0
2006-09-21,19.595833333333335,26.7,15.0,0.0,24,24,2006,9,21,True,True,0.0
2006-09-22,19.6125,25.7,15.2,0.0,24,24,2006,9,22,True,True,0.0
2006-09-23,20.587500000000002,30.0,15.8,5.3999999999999995,24,24,2006,9,23,True,True,1.0
2006-09-24,17.8,21.8,15.0,0.6000000000000001,24,24,2006,9,24,True,True,0.0
2006-09-25,18.483333333333334,27.5,12.6,0.0,24,24,2006,9,25,True,True,0.0
2006-09-26,18.679166666666667,27.6,12.3,0.0,24,24,2006,9,26,True,True,0.0
2006-09-27,21.020833333333332,29.5,14.9,0.0,24,24,2006,9,27,True,True,0.0
2006-09-28,22.354545454545455,30.4,15.2,0.0,22,22,2006,9,28,True,True,0.0
2006-09-29,21.34583333333333,27.6,17.7,0.0,24,24,2006,9,29,True,True,0.0
2006-09-30,20.129166666666666,26.2,16.1,0.6,24,24,2006,9,30,True,True,0.0
2006-10-01,19.3375,23.1,16.9,5.0,24,24,2006,10,1,True,True,1.0
2006-10-02,21.5,28.6,16.7,22.400000000000002,24,24,2006,10,2,True,True,1.0
2006-10-03,22.391666666666666,30.2,17.4,0.0,24,24,2006,10,3,True,True,0.0
2006-10-04,22.458333333333332,30.7,17.0,0.0,24,24,2006,10,4,True,True,0.0
2006-10-05,23.40833333333333,30.9,18.6,17.0,24,24,2006,10,5,True,True,1.0
2006-10-06,21.791666666666668,26.5,18.1,1.2,24,24,2006,10,6,True,True,1.0
2006-10-07,22.625,29.0,18.7,0.4,24,24,2006,10,7,True,True,0.0
2006-10-08,23.02916666666667,30.9,18.4,0.0,24,24,2006,10,8,True,True,0.0
2006-10-09,22.712500000000002,31.3,16.9,0.0,24,24,2006,10,9,True,True,0.0
2006-10-10,23.566666666666666,31.1,16.9,0.0,24,24,2006,10,10,True,True,0.0
2006-10-11,24.129166666666666,30.6,18.3,0.0,24,24,2006,10,11,True,True,0.0
2006-10-12,22.03333333333333,25.9,20.0,7.0,24,24,2006,10,12,True,True,1.0
2006-10-13,22.433333333333334,28.1,19.4,0.2,24,24,2006,10,13,True,True,0.0
2006-10-14,23.420833333333334,31.2,18.4,6.199999999999999,24,24,2006,10,14,True,True,1.0
2006-10-15,23.833333333333332,31.3,18.1,0.0,24,24,2006,10,15,True,True,0.0
2006-10-16,24.03333333333333,30.4,20.0,2.0,24,24,2006,10,16,True,True,1.0
2006-10-17,21.879166666666666,27.3,18.5,0.2,24,24,2006,10,17,True,True,0.0
2006-10-18,21.6875,28.3,17.7,0.6,24,24,2006,10,18,True,True,0.0
2006-10-19,19.929166666666667,26.2,17.0,0.0,24,24,2006,10,19,True,True,0.0
2006-10-20,21.091666666666665,29.4,15.8,0.0,24,24,2006,10,20,True,True,0.0
2006-10-21,20.6875,29.4,14.8,0.0,24,24,2006,10,21,True,True,0.0
2006-10-22,20.525000000000002,30.3,11.6,0.0,24,24,2006,10,22,True,True,0.0
2006-10-23,20.9875,29.3,13.7,0.0,24,24,2006,10,23,True,True,0.0
2006-10-24,21.1125,27.7,15.4,0.0,24,24,2006,10,24,True,True,0.0
2006-10-25,23.84166666666667,32.0,17.5,0.0,24,24,2006,10,25,True,True,0.0
2006-10-26,25.791666666666668,33.9,19.5,0.0,24,24,2006,10,26,True,True,0.0
2006-10-27,25.945833333333336,34.2,18.8,0.6,24,24,2006,10,27,True,True,0.0
2006-10-28,24.116666666666664,32.5,18.4,5.200000000000001,24,24,2006,10,28,True,True,1.0
2006-10-29,22.429166666666664,32.4,14.8,0.0,24,24,2006,10,29,True,True,0.0
2006-10-30,23.545833333333334,33.6,15.5,0.0,24,24,2006,10,30,True,True,0.0
2006-10-31,27.570833333333336,36.7,20.1,0.0,24,24,2006,10,31,True,True,0.0
2006-11-01,26.145833333333332,32.9,20.0,0.0,24,24,2006,11,1,True,True,0.0
2006-11-02,22.133333333333336,27.4,20.4,26.6,24,24,2006,11,2,True,True,1.0
2006-11-03,24.412499999999998,30.3,20.6,3.0,24,24,2006,11,3,True,True,1.0
2006-11-04,24.09583333333333,32.0,19.0,1.6,24,24,2006,11,4,True,True,1.0
2006-11-05,24.777272727272727,31.0,19.6,0.0,22,22,2006,11,5,True,True,0.0
2006-11-06,22.254166666666666,30.0,18.2,15.200000000000001,24,24,2006,11,6,True,True,1.0
2006-11-07,22.018181818181816,28.0,17.5,0.0,22,22,2006,11,7,True,True,0.0
2006-11-08,20.282608695652176,27.4,15.6,0.0,23,23,2006,11,8,True,True,0.0
2006-11-09,20.479166666666668,29.7,11.5,0.0,24,24,2006,11,9,True,True,0.0
2006-11-10,20.029166666666665,27.1,14.7,0.0,24,24,2006,11,10,True,True,0.0
2006-11-11,17.972727272727273,26.5,10.1,0.0,22,22,2006,11,11,True,True,0.0
2006-11-12,19.075,27.0,13.0,0.0,24,24,2006,11,12,True,True,0.0
2006-11-13,20.675,28.3,15.3,0.0,24,24,2006,11,13,True,True,0.0
2006-11-14,21.713043478260868,28.7,15.3,0.0,23,23,2006,11,14,True,True,0.0
2006-11-15,23.495833333333334,33.0,16.7,0.0,24,24,2006,11,15,True,True,0.0
2006-11-16,25.90833333333333,33.3,18.8,0.0,24,24,2006,11,16,True,True,0.0
2006-11-17,28.245833333333334,36.2,22.1,0.0,24,24,2006,11,17,True,True,0.0
2006-11-18,28.587500000000002,36.9,22.5,0.6000000000000001,24,24,2006,11,18,True,True,0.0
2006-11-19,23.934782608695652,35.0,19.7,11.200000000000001,23,23,2006,11,19,True,True,1.0
2006-11-20,21.579166666666666,30.8,18.4,12.6,24,24,2006,11,20,True,True,1.0
2006-11-21,21.75,28.6,17.3,0.0,24,24,2006,11,21,True,True,0.0
2006-11-22,24.175,32.5,16.4,0.0,24,24,2006,11,22,True,True,0.0
2006-11-23,26.354166666666668,33.5,20.3,0.0,24,24,2006,11,23,True,True,0.0
2006-11-24,26.208333333333332,35.3,18.6,0.0,24,24,2006,11,24,True,True,0.0
2006-11-25,26.445833333333336,33.3,20.7,0.0,24,24,2006,11,25,True,True,0.0
2006-11-26,23.65416666666667,30.5,20.4,1.7999999999999998,24,24,2006,11,26,True,True,1.0
2006-11-27,24.48695652173913,32.6,19.4,0.0,23,23,2006,11,27,True,True,0.0
2006-11-28,25.43913043478261,31.4,21.2,0.0,23,23,2006,11,28,True,True,0.0
2006-11-29,25.666666666666668,32.5,21.3,0.2,24,24,2006,11,29,True,True,0.0
2006-11-30,25.316666666666666,32.8,21.1,0.0,24,24,2006,11,30,True,True,0.0
2006-12-01,24.141666666666666,32.0,18.8,0.0,24,24,2006,12,1,True,True,0.0
2006-12-02,24.28333333333333,32.2,18.1,0.0,24,24,2006,12,2,True,True,0.0
2006-12-03,24.866666666666664,33.0,19.3,2.8,24,24,2006,12,3,True,True,1.0
2006-12-04,22.069565217391304,26.7,20.6,12.400000000000002,23,23,2006,12,4,True,True,1.0
2006-12-05,22.608333333333334,26.7,20.3,0.2,24,24,2006,12,5,True,True,0.0
2006-12-06,23.7625,30.0,19.2,5.799999999999999,24,24,2006,12,6,True,True,1.0
2006-12-07,22.0125,26.8,18.4,3.0,24,24,2006,12,7,True,True,1.0
2006-12-08,22.808333333333334,29.4,17.2,6.8,24,24,2006,12,8,True,True,1.0
2006-12-09,21.9375,27.9,18.7,61.0,24,24,2006,12,9,True,True,1.0
2006-12-10,24.020833333333332,31.8,18.3,0.0,24,24,2006,12,10,True,True,0.0
2006-12-11,23.90416666666667,30.8,18.4,0.0,24,24,2006,12,11,True,True,0.0
2006-12-12,23.895833333333332,30.4,18.8,0.0,24,24,2006,12,12,True,True,0.0
2006-12-13,24.266666666666666,29.9,19.3,0.2,24,24,2006,12,13,True,True,0.0
2006-12-14,23.78333333333333,30.1,20.7,13.6,24,24,2006,12,14,True,True,1.0
2006-12-15,24.46666666666667,30.9,20.4,27.4,24,24,2006,12,15,True,True,1.0
2006-12-16,24.479166666666668,30.9,19.9,3.4,24,24,2006,12,16,True,True,1.0
2006-12-17,25.650000000000002,32.2,21.3,0.0,24,24,2006,12,17,True,True,0.0
2006-12-18,27.175,33.5,22.1,0.0,24,24,2006,12,18,True,True,0.0
2006-12-19,26.2,33.1,22.2,0.0,24,24,2006,12,19,True,True,0.0
2006-12-20,23.683333333333334,28.0,20.2,25.599999999999998,24,24,2006,12,20,True,True,1.0
2006-12-21,22.34583333333333,25.0,19.2,30.200000000000003,24,24,2006,12,21,True,True,1.0
2006-12-22,23.6375,31.4,20.3,24.2,24,24,2006,12,22,True,True,1.0
2006-12-23,23.933333333333334,29.2,20.8,0.4,24,24,2006,12,23,True,True,0.0
2006-12-24,24.933333333333334,31.8,21.2,0.4,24,24,2006,12,24,True,True,0.0
2006-12-25,25.625,33.0,19.2,6.000000000000001,24,24,2006,12,25,True,True,1.0
2006-12-26,24.420833333333334,31.0,20.2,10.4,24,24,2006,12,26,True,True,1.0
2006-12-27,25.22083333333333,31.6,19.9,0.0,24,24,2006,12,27,True,True,0.0
2006-12-28,24.4375,31.6,19.7,23.0,24,24,2006,12,28,True,True,1.0
2006-12-29,24.175,30.7,19.3,0.0,24,24,2006,12,29,True,True,0.0
2006-12-30,22.995833333333334,28.7,20.2,0.6,24,24,2006,12,30,True,True,0.0
2006-12-31,21.5,26.3,20.3,37.599999999999994,24,24,2006,12,31,True,True,1.0
2007-01-01,20.945833333333333,22.8,19.6,44.2,24,24,2007,1,1,True,True,1.0
2007-01-02,20.870833333333334,22.3,19.8,45.2,24,24,2007,1,2,True,True,1.0
2007-01-03,21.520833333333332,25.3,20.5,18.0,24,24,2007,1,3,True,True,1.0
2007-01-04,22.77916666666667,28.0,20.3,8.8,24,24,2007,1,4,True,True,1.0
2007-01-05,20.8625,21.8,20.1,22.200000000000003,24,24,2007,1,5,True,True,1.0
2007-01-06,21.295833333333334,22.0,20.6,34.2,24,24,2007,1,6,True,True,1.0
2007-01-07,22.849999999999998,28.0,20.6,13.2,24,24,2007,1,7,True,True,1.0
2007-01-08,23.7625,28.8,21.1,6.0,24,24,2007,1,8,True,True,1.0
2007-01-09,23.5,29.6,19.7,12.2,24,24,2007,1,9,True,True,1.0
2007-01-10,24.75,31.4,20.9,0.2,24,24,2007,1,10,True,True,0.0
2007-01-11,25.63478260869565,32.2,18.9,0.0,23,23,2007,1,11,True,True,0.0
2007-01-12,24.575,30.5,21.1,3.6,24,24,2007,1,12,True,True,1.0
2007-01-13,23.974999999999998,29.2,20.8,34.0,24,24,2007,1,13,True,True,1.0
2007-01-14,23.441666666666666,28.0,20.8,1.0,24,24,2007,1,14,True,True,1.0
2007-01-15,21.916666666666668,25.7,18.4,0.2,24,24,2007,1,15,True,True,0.0
2007-01-16,23.016666666666666,28.6,18.7,0.0,24,24,2007,1,16,True,True,0.0
2007-01-17,23.1375,29.9,18.7,0.0,24,24,2007,1,17,True,True,0.0
2007-01-18,22.900000000000002,28.3,20.0,39.2,24,24,2007,1,18,True,True,1.0
2007-01-19,24.0625,31.7,20.2,38.2,24,24,2007,1,19,True,True,1.0
2007-01-20,23.604166666666668,28.1,20.8,10.4,24,24,2007,1,20,True,True,1.0
2007-01-21,23.150000000000002,30.2,20.7,4.2,24,24,2007,1,21,True,True,1.0
2007-01-22,21.508333333333336,23.9,19.2,1.2000000000000002,24,24,2007,1,22,True,True,1.0
2007-01-23,22.40416666666667,28.1,18.1,0.0,24,24,2007,1,23,True,True,0.0
2007-01-24,23.84166666666667,30.9,18.0,0.0,24,24,2007,1,24,True,True,0.0
2007-01-25,24.579166666666666,29.9,20.2,0.0,24,24,2007,1,25,True,True,0.0
2007-01-26,24.729166666666668,30.2,21.5,0.0,24,24,2007,1,26,True,True,0.0
2007-01-27,22.579166666666666,25.7,20.8,26.8,24,24,2007,1,27,True,True,1.0
2007-01-28,22.8125,27.3,20.6,40.60000000000001,24,24,2007,1,28,True,True,1.0
2007-01-29,23.27916666666667,29.5,20.8,3.2,24,24,2007,1,29,True,True,1.0
2007-01-30,25.295833333333334,32.1,21.0,0.2,24,24,2007,1,30,True,True,0.0
2007-01-31,24.037499999999998,31.2,20.0,0.0,24,24,2007,1,31,True,True,0.0
2007-02-01,25.170833333333334,33.1,19.6,0.0,24,24,2007,2,1,True,True,0.0
2007-02-02,25.491666666666664,32.4,21.2,2.2,24,24,2007,2,2,True,True,1.0
2007-02-03,22.8625,30.2,18.6,42.2,24,24,2007,2,3,True,True,1.0
2007-02-04,23.75,32.0,18.3,0.0,24,24,2007,2,4,True,True,0.0
2007-02-05,24.045833333333334,31.8,19.7,1.0,24,24,2007,2,5,True,True,1.0
2007-02-06,24.258333333333336,30.6,20.0,0.8,24,24,2007,2,6,True,True,0.0
2007-02-07,24.683333333333334,31.0,20.8,0.4,24,24,2007,2,7,True,True,0.0
2007-02-08,24.020833333333332,31.8,20.7,101.6,24,24,2007,2,8,True,True,1.0
2007-02-09,23.125,28.8,20.8,16.6,24,24,2007,2,9,True,True,1.0
2007-02-10,24.575,31.7,21.7,0.0,24,24,2007,2,10,True,True,0.0
2007-02-11,22.912499999999998,28.4,18.4,18.4,24,24,2007,2,11,True,True,1.0
2007-02-12,21.6875,28.1,17.2,0.2,24,24,2007,2,12,True,True,0.0
2007-02-13,21.245833333333334,28.3,15.4,0.0,24,24,2007,2,13,True,True,0.0
2007-02-14,22.291666666666668,29.7,17.0,0.0,24,24,2007,2,14,True,True,0.0
2007-02-15,22.916666666666668,30.1,17.6,0.0,24,24,2007,2,15,True,True,0.0
2007-02-16,24.291666666666668,31.4,18.8,0.0,24,24,2007,2,16,True,True,0.0
2007-02-17,26.087500000000002,33.4,20.3,0.0,24,24,2007,2,17,True,True,0.0
2007-02-18,25.287499999999998,32.2,20.8,0.0,24,24,2007,2,18,True,True,0.0
2007-02-19,23.27916666666667,29.2,19.4,4.8,24,24,2007,2,19,True,True,1.0
2007-02-20,24.270833333333332,30.1,20.9,7.199999999999999,24,24,2007,2,20,True,True,1.0
2007-02-21,23.991666666666664,31.6,20.2,3.6,24,24,2007,2,21,True,True,1.0
2007-02-22,25.6125,31.9,20.5,0.0,24,24,2007,2,22,True,True,0.0
2007-02-23,25.3625,32.2,20.1,0.0,24,24,2007,2,23,True,True,0.0
2007-02-24,25.916666666666668,33.2,20.3,0.0,24,24,2007,2,24,True,True,0.0
2007-02-25,24.525000000000002,30.5,20.2,0.0,24,24,2007,2,25,True,True,0.0
2007-02-26,23.145833333333332,30.0,19.9,0.0,24,24,2007,2,26,True,True,0.0
2007-02-27,22.087500000000002,29.4,18.5,6.6,24,24,2007,2,27,True,True,1.0
2007-02-28,22.208333333333332,28.9,19.4,0.2,24,24,2007,2,28,True,True,0.0
2007-03-01,22.375,29.0,19.4,4.8,24,24,2007,3,1,True,True,1.0
2007-03-02,25.05,32.0,20.2,0.0,24,24,2007,3,2,True,True,0.0
2007-03-03,25.508333333333336,33.4,20.0,0.0,24,24,2007,3,3,True,True,0.0
2007-03-04,25.458333333333332,32.5,20.1,0.0,24,24,2007,3,4,True,True,0.0
2007-03-05,25.295833333333334,33.3,19.7,0.0,24,24,2007,3,5,True,True,0.0
2007-03-06,25.816666666666666,34.5,20.1,0.0,24,24,2007,3,6,True,True,0.0
2007-03-07,24.625,34.3,20.5,1.4,24,24,2007,3,7,True,True,1.0
2007-03-08,25.066666666666666,33.7,19.9,1.0,24,24,2007,3,8,True,True,1.0
2007-03-09,24.695833333333336,32.7,20.1,6.2,24,24,2007,3,9,True,True,1.0
2007-03-10,24.662499999999998,32.3,19.4,0.0,24,24,2007,3,10,True,True,0.0
2007-03-11,23.712500000000002,31.2,19.5,7.4,24,24,2007,3,11,True,True,1.0
2007-03-12,25.25,32.4,20.4,0.0,24,24,2007,3,12,True,True,0.0
2007-03-13,24.379166666666666,31.9,20.3,0.0,24,24,2007,3,13,True,True,0.0
2007-03-14,,,,,21,21,2007,3,14,False,False,
2007-03-15,24.479166666666668,31.0,19.9,0.0,24,24,2007,3,15,True,True,0.0
2007-03-16,24.4375,31.3,20.4,2.0,24,24,2007,3,16,True,True,1.0
2007-03-17,22.141666666666666,26.9,19.6,3.0,24,24,2007,3,17,True,True,1.0
2007-03-18,21.837500000000002,27.7,19.3,22.6,24,24,2007,3,18,True,True,1.0
2007-03-19,21.320833333333333,26.8,17.5,0.4,24,24,2007,3,19,True,True,0.0
2007-03-20,20.654166666666665,27.3,15.0,0.2,24,24,2007,3,20,True,True,0.0
2007-03-21,21.837500000000002,29.6,15.1,0.0,24,24,2007,3,21,True,True,0.0
2007-03-22,22.866666666666664,28.4,18.2,2.6,24,24,2007,3,22,True,True,1.0
2007-03-23,23.8875,30.5,20.3,0.6000000000000001,24,24,2007,3,23,True,True,0.0
2007-03-24,25.020833333333332,33.0,19.7,0.0,24,24,2007,3,24,True,True,0.0
2007-03-25,25.066666666666666,33.0,18.6,0.0,24,24,2007,3,25,True,True,0.0
2007-03-26,24.954166666666666,33.1,19.1,0.0,24,24,2007,3,26,True,True,0.0
2007-03-27,25.566666666666666,33.3,20.6,0.0,24,24,2007,3,27,True,True,0.0
2007-03-28,26.65833333333333,34.8,20.3,0.0,24,24,2007,3,28,True,True,0.0
2007-03-29,26.270833333333332,33.7,19.6,0.0,24,24,2007,3,29,True,True,0.0
2007-03-30,25.679166666666664,33.4,19.8,0.0,24,24,2007,3,30,True,True,0.0
2007-03-31,25.8125,33.9,21.6,0.0,24,24,2007,3,31,True,True,0.0
2007-04-01,25.983333333333334,33.5,20.3,0.0,24,24,2007,4,1,True,True,0.0
2007-04-02,25.375,33.1,20.7,0.0,24,24,2007,4,2,True,True,0.0
2007-04-03,26.370833333333334,33.7,21.1,0.0,24,24,2007,4,3,True,True,0.0
2007-04-04,24.72083333333333,34.6,20.7,16.799999999999997,24,24,2007,4,4,True,True,1.0
2007-04-05,23.670833333333334,30.4,19.8,0.2,24,24,2007,4,5,True,True,0.0
2007-04-06,22.583333333333332,29.1,17.8,0.0,24,24,2007,4,6,True,True,0.0
2007-04-07,21.233333333333334,25.6,18.1,0.0,24,24,2007,4,7,True,True,0.0
2007-04-08,20.908333333333335,26.1,18.5,34.8,24,24,2007,4,8,True,True,1.0
2007-04-09,21.208333333333332,27.2,18.0,0.2,24,24,2007,4,9,True,True,0.0
2007-04-10,20.974999999999998,28.3,16.3,0.0,24,24,2007,4,10,True,True,0.0
2007-04-11,22.454166666666666,30.8,17.0,0.0,24,24,2007,4,11,True,True,0.0
2007-04-12,23.974999999999998,30.4,18.8,0.4,24,24,2007,4,12,True,True,0.0
2007-04-13,23.433333333333334,29.6,19.8,0.2,24,24,2007,4,13,True,True,0.0
2007-04-14,23.5,31.6,18.8,0.0,24,24,2007,4,14,True,True,0.0
2007-04-15,23.270833333333332,30.6,18.1,0.0,24,24,2007,4,15,True,True,0.0
2007-04-16,23.691666666666666,31.2,19.0,0.0,24,24,2007,4,16,True,True,0.0
2007-04-17,22.90416666666667,30.4,17.8,0.0,24,24,2007,4,17,True,True,0.0
2007-04-18,22.558333333333334,30.0,17.4,0.0,24,24,2007,4,18,True,True,0.0
2007-04-19,23.0,30.4,18.1,0.0,24,24,2007,4,19,True,True,0.0
2007-04-20,21.925,29.5,18.3,7.6000000000000005,24,24,2007,4,20,True,True,1.0
2007-04-21,22.570833333333336,29.5,18.9,0.0,24,24,2007,4,21,True,True,0.0
2007-04-22,22.491666666666664,29.4,18.2,0.0,24,24,2007,4,22,True,True,0.0
2007-04-23,23.15416666666667,29.9,19.0,0.0,24,24,2007,4,23,True,True,0.0
2007-04-24,24.504166666666666,32.0,19.6,0.0,24,24,2007,4,24,True,True,0.0
2007-04-25,23.90833333333333,29.9,20.4,0.2,24,24,2007,4,25,True,True,0.0
2007-04-26,22.95,29.7,19.2,7.4,24,24,2007,4,26,True,True,1.0
2007-04-27,18.695833333333333,21.5,14.5,4.2,24,24,2007,4,27,True,True,1.0
2007-04-28,18.220833333333335,22.3,14.5,0.0,24,24,2007,4,28,True,True,0.0
2007-04-29,18.541666666666668,23.5,16.2,0.0,24,24,2007,4,29,True,True,0.0
2007-04-30,20.533333333333335,27.3,15.9,0.2,24,24,2007,4,30,True,True,0.0
2007-05-01,20.433333333333334,28.6,15.3,0.2,24,24,2007,5,1,True,True,0.0
2007-05-02,21.191666666666666,30.2,14.7,0.0,24,24,2007,5,2,True,True,0.0
2007-05-03,21.712500000000002,28.2,16.6,0.0,24,24,2007,5,3,True,True,0.0
2007-05-04,21.375,28.1,15.9,0.0,24,24,2007,5,4,True,True,0.0
2007-05-05,20.662499999999998,28.2,16.4,0.0,24,24,2007,5,5,True,True,0.0
2007-05-06,21.445833333333336,28.5,15.5,0.0,24,24,2007,5,6,True,True,0.0
2007-05-07,21.916666666666668,29.5,15.4,0.0,24,24,2007,5,7,True,True,0.0
2007-05-08,22.570833333333336,30.6,18.0,2.6,24,24,2007,5,8,True,True,1.0
2007-05-09,15.829166666666666,19.1,8.7,1.6,24,24,2007,5,9,True,True,1.0
2007-05-10,15.308333333333332,22.3,8.4,0.2,24,24,2007,5,10,True,True,0.0
2007-05-11,16.545833333333334,21.4,12.6,0.0,24,24,2007,5,11,True,True,0.0
2007-05-12,20.625,28.5,15.5,0.0,24,24,2007,5,12,True,True,0.0
2007-05-13,,,,,19,19,2007,5,13,False,False,
2007-05-14,21.729166666666668,27.8,17.4,2.4,24,24,2007,5,14,True,True,1.0
2007-05-15,20.320833333333333,28.4,16.4,0.0,24,24,2007,5,15,True,True,0.0
2007-05-16,21.545833333333334,30.6,14.8,0.0,24,24,2007,5,16,True,True,0.0
2007-05-17,23.304166666666664,30.7,18.5,0.0,24,24,2007,5,17,True,True,0.0
2007-05-18,22.954166666666666,30.6,17.4,0.0,24,24,2007,5,18,True,True,0.0
2007-05-19,19.0875,21.6,17.1,0.0,24,24,2007,5,19,True,True,0.0
2007-05-20,20.166666666666668,26.6,15.8,0.0,24,24,2007,5,20,True,True,0.0
2007-05-21,21.46666666666667,29.4,15.5,0.0,24,24,2007,5,21,True,True,0.0
2007-05-22,18.841666666666665,21.6,17.6,13.8,24,24,2007,5,22,True,True,1.0
2007-05-23,16.858333333333334,18.1,13.7,22.8,24,24,2007,5,23,True,True,1.0
2007-05-24,11.883333333333333,17.7,7.6,0.2,24,24,2007,5,24,True,True,0.0
2007-05-25,12.049999999999999,19.6,6.3,0.0,24,24,2007,5,25,True,True,0.0
2007-05-26,14.779166666666667,23.1,9.5,0.0,24,24,2007,5,26,True,True,0.0
2007-05-27,15.158333333333333,19.8,12.3,6.0,24,24,2007,5,27,True,True,1.0
2007-05-28,14.441666666666668,21.1,11.5,0.2,24,24,2007,5,28,True,True,0.0
2007-05-29,16.037499999999998,22.1,10.8,1.2000000000000002,24,24,2007,5,29,True,True,1.0
2007-05-30,11.947826086956523,18.0,7.7,0.0,23,23,2007,5,30,True,True,0.0
2007-05-31,14.008333333333333,20.9,8.6,0.0,24,24,2007,5,31,True,True,0.0
2007-06-01,19.104166666666668,27.1,12.1,0.0,24,24,2007,6,1,True,True,0.0
2007-06-02,18.183333333333334,20.6,16.9,3.2,24,24,2007,6,2,True,True,1.0
2007-06-03,15.516666666666666,19.6,8.3,0.8,24,24,2007,6,3,True,True,0.0
2007-06-04,11.695833333333333,20.4,5.1,0.0,24,24,2007,6,4,True,True,0.0
2007-06-05,14.029166666666667,23.2,7.4,0.0,24,24,2007,6,5,True,True,0.0
2007-06-06,16.204166666666666,24.3,9.4,0.0,24,24,2007,6,6,True,True,0.0
2007-06-07,20.330434782608698,28.8,14.5,0.0,23,23,2007,6,7,True,True,0.0
2007-06-08,21.304166666666667,28.9,16.4,0.0,24,24,2007,6,8,True,True,0.0
2007-06-09,20.85217391304348,28.3,16.0,0.0,23,23,2007,6,9,True,True,0.0
2007-06-10,21.0125,28.1,15.1,0.0,24,24,2007,6,10,True,True,0.0
2007-06-11,20.333333333333332,28.2,15.8,0.0,24,24,2007,6,11,True,True,0.0
2007-06-12,19.983333333333334,28.4,15.2,0.0,24,24,2007,6,12,True,True,0.0
2007-06-13,19.962500000000002,27.8,13.4,0.0,24,24,2007,6,13,True,True,0.0
2007-06-14,21.270833333333332,29.2,14.3,0.0,24,24,2007,6,14,True,True,0.0
2007-06-15,21.958333333333332,29.1,16.2,0.0,24,24,2007,6,15,True,True,0.0
2007-06-16,21.9875,29.3,15.4,0.0,24,24,2007,6,16,True,True,0.0
2007-06-17,20.070833333333333,28.5,14.3,0.0,24,24,2007,6,17,True,True,0.0
2007-06-18,22.291666666666668,29.1,18.4,0.0,24,24,2007,6,18,True,True,0.0
2007-06-19,20.508333333333333,26.8,15.5,0.0,24,24,2007,6,19,True,True,0.0
2007-06-20,19.066666666666666,27.2,14.5,0.0,24,24,2007,6,20,True,True,0.0
2007-06-21,19.420833333333334,27.1,15.0,0.0,24,24,2007,6,21,True,True,0.0
2007-06-22,19.599999999999998,27.2,14.6,0.0,24,24,2007,6,22,True,True,0.0
2007-06-23,20.125,27.8,14.6,0.0,24,24,2007,6,23,True,True,0.0
2007-06-24,20.849999999999998,28.7,14.4,0.0,24,24,2007,6,24,True,True,0.0
2007-06-25,17.883333333333333,24.0,13.8,0.0,24,24,2007,6,25,True,True,0.0
2007-06-26,18.7375,26.8,13.6,0.0,24,24,2007,6,26,True,True,0.0
2007-06-27,21.391666666666666,27.9,16.3,0.0,24,24,2007,6,27,True,True,0.0
2007-06-28,20.529166666666665,27.1,15.5,0.0,24,24,2007,6,28,True,True,0.0
2007-06-29,17.445833333333333,25.3,13.7,0.0,24,24,2007,6,29,True,True,0.0
2007-06-30,18.795833333333334,26.3,13.9,0.0,24,24,2007,6,30,True,True,0.0
2007-07-01,18.129166666666666,26.1,12.9,0.0,24,24,2007,7,1,True,True,0.0
2007-07-02,16.829166666666666,25.8,10.6,0.0,24,24,2007,7,2,True,True,0.0
2007-07-03,17.508333333333333,26.6,11.8,0.0,24,24,2007,7,3,True,True,0.0
2007-07-04,19.25,27.9,13.1,0.0,24,24,2007,7,4,True,True,0.0
2007-07-05,20.616666666666667,28.7,15.1,0.0,24,24,2007,7,5,True,True,0.0
2007-07-06,21.34583333333333,28.4,16.7,0.0,24,24,2007,7,6,True,True,0.0
2007-07-07,21.462500000000002,28.4,17.0,0.0,24,24,2007,7,7,True,True,0.0
2007-07-08,21.008333333333333,29.3,14.9,0.0,24,24,2007,7,8,True,True,0.0
2007-07-09,21.104166666666668,29.2,15.1,0.0,24,24,2007,7,9,True,True,0.0
2007-07-10,21.554166666666664,29.7,15.0,0.0,24,24,2007,7,10,True,True,0.0
2007-07-11,18.195833333333333,26.2,12.5,0.0,24,24,2007,7,11,True,True,0.0
2007-07-12,16.095833333333335,22.2,11.1,0.0,24,24,2007,7,12,True,True,0.0
2007-07-13,19.070833333333333,27.8,12.5,0.0,24,24,2007,7,13,True,True,0.0
2007-07-14,22.21666666666667,28.7,17.0,0.0,24,24,2007,7,14,True,True,0.0
2007-07-15,22.420833333333334,30.4,16.7,0.0,24,24,2007,7,15,True,True,0.0
2007-07-16,16.025000000000002,19.4,14.9,51.4,24,24,2007,7,16,True,True,1.0
2007-07-17,14.6625,15.5,14.2,50.0,24,24,2007,7,17,True,True,1.0
2007-07-18,15.15,20.4,11.4,21.4,24,24,2007,7,18,True,True,1.0
2007-07-19,13.870833333333332,22.1,8.4,0.2,24,24,2007,7,19,True,True,0.0
2007-07-20,15.566666666666668,25.6,8.5,0.0,24,24,2007,7,20,True,True,0.0
2007-07-21,18.479166666666668,27.4,11.1,0.0,24,24,2007,7,21,True,True,0.0
2007-07-22,22.733333333333334,29.8,16.1,0.0,24,24,2007,7,22,True,True,0.0
2007-07-23,18.954166666666666,24.4,15.8,83.4,24,24,2007,7,23,True,True,1.0
2007-07-24,16.256521739130434,18.1,14.2,7.6000000000000005,23,23,2007,7,24,True,True,1.0
2007-07-25,15.9,19.0,9.8,66.6,24,24,2007,7,25,True,True,1.0
2007-07-26,10.404166666666667,17.8,4.2,0.0,24,24,2007,7,26,True,True,0.0
2007-07-27,11.891666666666666,20.1,7.5,0.0,24,24,2007,7,27,True,True,0.0
2007-07-28,11.299999999999999,19.4,5.5,0.0,24,24,2007,7,28,True,True,0.0
2007-07-29,11.204166666666666,17.5,7.8,0.0,24,24,2007,7,29,True,True,0.0
2007-07-30,13.170833333333334,20.5,7.8,0.0,24,24,2007,7,30,True,True,0.0
2007-07-31,15.683333333333332,24.1,9.2,0.0,24,24,2007,7,31,True,True,0.0
2007-08-01,18.754166666666666,25.8,13.2,0.0,24,24,2007,8,1,True,True,0.0
2007-08-02,20.345833333333335,26.9,15.6,0.0,24,24,2007,8,2,True,True,0.0
2007-08-03,19.337500000000002,27.0,13.7,0.0,24,24,2007,8,3,True,True,0.0
2007-08-04,20.375,27.9,15.3,0.0,24,24,2007,8,4,True,True,0.0
2007-08-05,19.45,25.9,15.0,0.0,24,24,2007,8,5,True,True,0.0
2007-08-06,18.730434782608697,27.5,12.7,0.0,23,23,2007,8,6,True,True,0.0
2007-08-07,22.082608695652173,29.4,16.2,0.0,23,23,2007,8,7,True,True,0.0
2007-08-08,20.900000000000002,29.0,13.4,0.0,24,24,2007,8,8,True,True,0.0
2007-08-09,20.145833333333332,27.9,14.0,0.0,24,24,2007,8,9,True,True,0.0
2007-08-10,21.554166666666664,28.9,14.7,0.0,24,24,2007,8,10,True,True,0.0
2007-08-11,20.941666666666666,28.3,14.7,0.0,24,24,2007,8,11,True,True,0.0
2007-08-12,18.104166666666668,25.5,12.9,0.0,24,24,2007,8,12,True,True,0.0
2007-08-13,19.25,27.8,12.8,0.0,24,24,2007,8,13,True,True,0.0
2007-08-14,20.704347826086956,27.3,14.4,0.0,23,23,2007,8,14,True,True,0.0
2007-08-15,20.054166666666667,27.3,14.7,0.0,24,24,2007,8,15,True,True,0.0
2007-08-16,20.116666666666667,27.7,14.8,0.0,24,24,2007,8,16,True,True,0.0
2007-08-17,19.420833333333334,28.2,13.1,0.0,24,24,2007,8,17,True,True,0.0
2007-08-18,19.2,28.1,12.6,0.0,24,24,2007,8,18,True,True,0.0
2007-08-19,19.912499999999998,28.9,13.1,0.0,24,24,2007,8,19,True,True,0.0
2007-08-20,20.933333333333334,28.5,12.8,0.0,24,24,2007,8,20,True,True,0.0
2007-08-21,18.25,26.7,11.5,0.0,24,24,2007,8,21,True,True,0.0
2007-08-22,17.091666666666665,27.1,10.1,0.0,24,24,2007,8,22,True,True,0.0
2007-08-23,20.037499999999998,29.7,12.7,0.0,24,24,2007,8,23,True,True,0.0
2007-08-24,22.2625,29.7,15.9,0.0,24,24,2007,8,24,True,True,0.0
2007-08-25,23.454166666666666,31.4,16.6,0.0,24,24,2007,8,25,True,True,0.0
2007-08-26,24.125,31.9,18.8,0.0,24,24,2007,8,26,True,True,0.0
2007-08-27,21.0625,26.6,16.8,0.0,24,24,2007,8,27,True,True,0.0
2007-08-28,17.666666666666668,25.2,13.5,0.0,24,24,2007,8,28,True,True,0.0
2007-08-29,17.670833333333334,25.8,12.3,0.0,24,24,2007,8,29,True,True,0.0
2007-08-30,18.9375,25.7,14.3,0.0,24,24,2007,8,30,True,True,0.0
2007-08-31,21.2,29.6,14.9,0.0,24,24,2007,8,31,True,True,0.0
2007-09-01,23.204166666666666,30.6,17.5,0.0,24,24,2007,9,1,True,True,0.0
2007-09-02,24.29565217391304,31.6,17.8,0.0,23,23,2007,9,2,True,True,0.0
2007-09-03,22.849999999999998,32.3,15.8,0.0,24,24,2007,9,3,True,True,0.0
2007-09-04,23.47083333333333,31.1,17.7,0.0,24,24,2007,9,4,True,True,0.0
2007-09-05,22.945833333333336,30.0,17.2,0.0,24,24,2007,9,5,True,True,0.0
2007-09-06,22.900000000000002,30.5,16.8,0.0,24,24,2007,9,6,True,True,0.0
2007-09-07,23.3125,32.0,16.3,0.0,24,24,2007,9,7,True,True,0.0
2007-09-08,23.525000000000002,31.8,17.1,0.0,24,24,2007,9,8,True,True,0.0
2007-09-09,22.537499999999998,31.2,16.1,0.0,24,24,2007,9,9,True,True,0.0
2007-09-10,22.008333333333336,30.4,14.7,0.0,24,24,2007,9,10,True,True,0.0
2007-09-11,22.462500000000002,30.5,15.2,0.0,24,24,2007,9,11,True,True,0.0
2007-09-12,22.46666666666667,31.3,15.8,0.0,24,24,2007,9,12,True,True,0.0
2007-09-13,22.695833333333336,30.8,15.6,0.0,24,24,2007,9,13,True,True,0.0
2007-09-14,23.504166666666666,32.8,16.6,0.0,24,24,2007,9,14,True,True,0.0
2007-09-15,25.412499999999998,33.6,18.4,0.0,24,24,2007,9,15,True,True,0.0
2007-09-16,25.40416666666667,34.0,19.0,0.0,24,24,2007,9,16,True,True,0.0
2007-09-17,21.75,29.1,16.1,0.0,24,24,2007,9,17,True,True,0.0
2007-09-18,22.995833333333334,32.8,16.4,0.0,24,24,2007,9,18,True,True,0.0
2007-09-19,23.391666666666666,32.0,17.1,0.4,24,24,2007,9,19,True,True,0.0
2007-09-20,26.733333333333334,34.5,21.0,0.0,24,24,2007,9,20,True,True,0.0
2007-09-21,26.229166666666668,32.1,21.4,0.0,24,24,2007,9,21,True,True,0.0
2007-09-22,26.141666666666666,34.7,19.5,0.0,24,24,2007,9,22,True,True,0.0
2007-09-23,27.258333333333336,36.0,18.0,0.0,24,24,2007,9,23,True,True,0.0
2007-09-24,24.962500000000002,31.0,18.4,0.4,24,24,2007,9,24,True,True,0.0
2007-09-25,17.454166666666666,23.3,13.2,0.0,24,24,2007,9,25,True,True,0.0
2007-09-26,17.933333333333334,25.3,13.3,0.0,24,24,2007,9,26,True,True,0.0
2007-09-27,22.3125,31.7,14.4,0.0,24,24,2007,9,27,True,True,0.0
2007-09-28,20.825,26.2,18.4,3.4000000000000004,24,24,2007,9,28,True,True,1.0
2007-09-29,21.641666666666666,29.5,17.0,0.0,24,24,2007,9,29,True,True,0.0
2007-09-30,19.983333333333334,28.4,14.4,0.0,24,24,2007,9,30,True,True,0.0
2007-10-01,20.966666666666665,30.0,14.2,0.0,24,24,2007,10,1,True,True,0.0
2007-10-02,21.916666666666668,31.2,14.9,0.0,24,24,2007,10,2,True,True,0.0
2007-10-03,21.333333333333332,31.0,14.0,0.0,24,24,2007,10,3,True,True,0.0
2007-10-04,22.47083333333333,32.8,14.7,0.0,24,24,2007,10,4,True,True,0.0
2007-10-05,23.104166666666668,33.1,14.3,0.0,24,24,2007,10,5,True,True,0.0
2007-10-06,25.587500000000002,34.3,17.7,0.0,24,24,2007,10,6,True,True,0.0
2007-10-07,25.566666666666666,35.2,20.5,7.6000000000000005,24,24,2007,10,7,True,True,1.0
2007-10-08,23.7,32.5,17.4,0.0,23,23,2007,10,8,True,True,0.0
2007-10-09,23.870833333333334,33.6,16.7,0.0,24,24,2007,10,9,True,True,0.0
2007-10-10,25.120833333333334,34.4,17.8,0.0,24,24,2007,10,10,True,True,0.0
2007-10-11,25.5625,33.7,18.0,0.0,24,24,2007,10,11,True,True,0.0
2007-10-12,25.825,35.8,17.2,0.0,24,24,2007,10,12,True,True,0.0
2007-10-13,24.84166666666667,31.8,21.0,0.0,24,24,2007,10,13,True,True,0.0
2007-10-14,21.465217391304346,24.7,19.6,0.0,23,23,2007,10,14,True,True,0.0
2007-10-15,23.55,33.8,18.0,0.4,24,24,2007,10,15,True,True,0.0
2007-10-16,25.808333333333334,36.4,19.0,0.2,24,24,2007,10,16,True,True,0.0
2007-10-17,26.46666666666667,34.4,19.8,0.0,24,24,2007,10,17,True,True,0.0
2007-10-18,21.34166666666667,25.1,17.7,2.0,24,24,2007,10,18,True,True,1.0
2007-10-19,22.608333333333334,30.9,16.0,0.2,24,24,2007,10,19,True,True,0.0
2007-10-20,25.15833333333333,35.0,16.7,0.0,24,24,2007,10,20,True,True,0.0
2007-10-21,25.745833333333334,36.4,18.9,2.0,24,24,2007,10,21,True,True,1.0
2007-10-22,23.55,33.0,17.2,0.0,24,24,2007,10,22,True,True,0.0
2007-10-23,20.241666666666667,23.9,17.5,0.8,24,24,2007,10,23,True,True,0.0
2007-10-24,17.037499999999998,19.0,15.4,26.799999999999997,24,24,2007,10,24,True,True,1.0
2007-10-25,19.104166666666668,22.2,16.4,6.799999999999999,24,24,2007,10,25,True,True,1.0
2007-10-26,23.433333333333334,30.7,18.1,0.0,24,24,2007,10,26,True,True,0.0
2007-10-27,25.441666666666666,33.4,19.4,9.6,24,24,2007,10,27,True,True,1.0
2007-10-28,27.46666666666667,36.0,20.5,0.0,24,24,2007,10,28,True,True,0.0
2007-10-29,28.212500000000002,37.0,21.7,0.0,24,24,2007,10,29,True,True,0.0
2007-10-30,24.554166666666664,31.9,19.1,3.8,24,24,2007,10,30,True,True,1.0
2007-10-31,26.366666666666664,35.8,19.4,0.0,24,24,2007,10,31,True,True,0.0
2007-11-01,26.59166666666667,34.0,20.2,0.8,24,24,2007,11,1,True,True,0.0
2007-11-02,23.541666666666668,32.4,19.0,5.4,24,24,2007,11,2,True,True,1.0
2007-11-03,22.258333333333336,28.9,19.3,22.6,24,24,2007,11,3,True,True,1.0
2007-11-04,19.045833333333334,21.3,16.5,34.6,24,24,2007,11,4,True,True,1.0
2007-11-05,19.7375,26.0,14.2,0.0,24,24,2007,11,5,True,True,0.0
2007-11-06,17.745833333333334,19.8,16.3,89.8,24,24,2007,11,6,True,True,1.0
2007-11-07,21.695833333333336,28.9,15.4,0.2,24,24,2007,11,7,True,True,0.0
2007-11-08,23.383333333333336,30.3,18.4,0.0,24,24,2007,11,8,True,True,0.0
2007-11-09,22.09583333333333,26.7,18.2,0.0,24,24,2007,11,9,True,True,0.0
2007-11-10,21.791666666666668,26.1,19.2,12.8,24,24,2007,11,10,True,True,1.0
2007-11-11,20.658333333333335,25.8,18.4,42.0,24,24,2007,11,11,True,True,1.0
2007-11-12,21.254166666666666,25.4,18.0,0.2,24,24,2007,11,12,True,True,0.0
2007-11-13,21.337500000000002,28.0,16.5,0.0,24,24,2007,11,13,True,True,0.0
2007-11-14,22.333333333333332,28.7,17.4,2.0,24,24,2007,11,14,True,True,1.0
2007-11-15,,,,,13,13,2007,11,15,False,False,
2007-11-16,20.104166666666668,26.2,15.2,0.0,24,24,2007,11,16,True,True,0.0
2007-11-17,22.366666666666664,30.7,15.9,0.0,24,24,2007,11,17,True,True,0.0
2007-11-18,23.9875,32.0,17.6,0.0,24,24,2007,11,18,True,True,0.0
2007-11-19,24.974999999999998,33.6,19.8,7.0,24,24,2007,11,19,True,True,1.0
2007-11-20,23.09166666666667,30.0,18.6,3.0,24,24,2007,11,20,True,True,1.0
2007-11-21,22.400000000000002,29.7,16.0,0.0,24,24,2007,11,21,True,True,0.0
2007-11-22,21.091666666666665,29.5,14.4,0.0,24,24,2007,11,22,True,True,0.0
2007-11-23,20.645833333333332,30.9,11.1,0.0,24,24,2007,11,23,True,True,0.0
2007-11-24,23.208333333333332,32.5,15.7,0.0,24,24,2007,11,24,True,True,0.0
2007-11-25,21.108333333333334,23.5,19.6,12.4,24,24,2007,11,25,True,True,1.0
2007-11-26,23.15833333333333,31.0,18.2,18.4,24,24,2007,11,26,True,True,1.0
2007-11-27,23.400000000000002,30.3,18.5,0.0,24,24,2007,11,27,True,True,0.0
2007-11-28,21.962500000000002,30.7,15.0,0.0,24,24,2007,11,28,True,True,0.0
2007-11-29,21.52916666666667,30.4,15.0,0.0,24,24,2007,11,29,True,True,0.0
2007-11-30,21.7,32.1,12.5,0.0,24,24,2007,11,30,True,True,0.0
2007-12-01,23.270833333333332,32.9,14.6,0.0,24,24,2007,12,1,True,True,0.0
2007-12-02,25.129166666666666,34.4,17.6,0.0,24,24,2007,12,2,True,True,0.0
2007-12-03,26.787499999999998,35.2,19.1,0.0,24,24,2007,12,3,True,True,0.0
2007-12-04,25.90833333333333,32.8,18.9,0.0,24,24,2007,12,4,True,True,0.0
2007-12-05,24.583333333333332,28.7,22.3,0.4,24,24,2007,12,5,True,True,0.0
2007-12-06,23.34583333333333,29.5,19.9,17.8,24,24,2007,12,6,True,True,1.0
2007-12-07,24.116666666666664,30.0,21.2,1.0,24,24,2007,12,7,True,True,1.0
2007-12-08,22.175,28.6,20.0,6.8,24,24,2007,12,8,True,True,1.0
2007-12-09,23.758333333333336,30.2,19.5,0.0,24,24,2007,12,9,True,True,0.0
2007-12-10,24.55,30.6,20.1,0.0,24,24,2007,12,10,True,True,0.0
2007-12-11,22.070833333333336,28.1,19.7,67.2,24,24,2007,12,11,True,True,1.0
2007-12-12,20.474999999999998,24.5,18.1,52.6,24,24,2007,12,12,True,True,1.0
2007-12-13,20.054166666666667,24.6,17.2,0.2,24,24,2007,12,13,True,True,0.0
2007-12-14,20.883333333333333,26.2,17.1,0.0,24,24,2007,12,14,True,True,0.0
2007-12-15,22.45,30.3,16.8,0.0,24,24,2007,12,15,True,True,0.0
2007-12-16,23.65416666666667,31.9,16.4,0.0,24,24,2007,12,16,True,True,0.0
2007-12-17,23.430434782608696,30.7,17.0,0.0,23,23,2007,12,17,True,True,0.0
2007-12-18,22.766666666666666,29.5,17.7,0.0,24,24,2007,12,18,True,True,0.0
2007-12-19,19.995833333333334,23.2,18.3,44.2,24,24,2007,12,19,True,True,1.0
2007-12-20,21.066666666666666,28.0,16.0,27.8,24,24,2007,12,20,True,True,1.0
2007-12-21,20.995833333333334,29.6,15.5,1.2000000000000002,24,24,2007,12,21,True,True,1.0
2007-12-22,22.866666666666664,29.6,17.5,0.0,24,24,2007,12,22,True,True,0.0
2007-12-23,23.516666666666666,29.8,17.5,0.0,24,24,2007,12,23,True,True,0.0
2007-12-24,24.675,32.4,18.8,0.0,24,24,2007,12,24,True,True,0.0
2007-12-25,23.45,29.5,18.6,5.3999999999999995,24,24,2007,12,25,True,True,1.0
2007-12-26,21.504166666666666,26.9,18.7,6.0,24,24,2007,12,26,True,True,1.0
2007-12-27,24.974999999999998,31.9,19.8,0.2,24,24,2007,12,27,True,True,0.0
2007-12-28,25.829166666666666,33.3,20.5,0.0,24,24,2007,12,28,True,True,0.0
2007-12-29,26.516666666666666,34.0,20.4,0.0,24,24,2007,12,29,True,True,0.0
2007-12-30,27.391666666666666,33.9,21.3,0.0,24,24,2007,12,30,True,True,0.0
2007-12-31,27.020833333333332,34.1,21.2,0.0,24,24,2007,12,31,True,True,0.0
2008-01-01,23.641666666666666,33.0,20.5,5.200000000000001,24,24,2008,1,1,True,True,1.0
2008-01-02,22.833333333333332,28.1,19.4,0.4,24,24,2008,1,2,True,True,0.0
2008-01-03,23.84583333333333,29.2,20.8,0.0,24,24,2008,1,3,True,True,0.0
2008-01-04,24.662499999999998,32.1,20.0,11.799999999999999,24,24,2008,1,4,True,True,1.0
2008-01-05,23.09583333333333,30.4,19.7,4.4,24,24,2008,1,5,True,True,1.0
2008-01-06,21.766666666666666,28.7,18.4,43.800000000000004,24,24,2008,1,6,True,True,1.0
2008-01-07,22.34583333333333,29.0,17.4,0.0,24,24,2008,1,7,True,True,0.0
2008-01-08,24.108333333333334,32.4,18.2,0.0,24,24,2008,1,8,True,True,0.0
2008-01-09,24.1875,31.5,18.8,0.0,24,24,2008,1,9,True,True,0.0
2008-01-10,24.72083333333333,32.0,18.8,1.8,24,24,2008,1,10,True,True,1.0
2008-01-11,24.558333333333334,31.6,20.3,2.8000000000000003,24,24,2008,1,11,True,True,1.0
2008-01-12,23.099999999999998,32.5,20.3,33.4,24,24,2008,1,12,True,True,1.0
2008-01-13,22.441666666666666,28.3,19.8,0.0,24,24,2008,1,13,True,True,0.0
2008-01-14,21.233333333333334,26.1,19.8,16.8,24,24,2008,1,14,True,True,1.0
2008-01-15,22.141666666666666,27.0,17.0,19.599999999999998,24,24,2008,1,15,True,True,1.0
2008-01-16,21.616666666666664,29.0,16.1,21.0,24,24,2008,1,16,True,True,1.0
2008-01-17,22.224999999999998,27.2,19.2,2.6000000000000005,24,24,2008,1,17,True,True,1.0
2008-01-18,23.370833333333334,28.7,20.7,0.2,24,24,2008,1,18,True,True,0.0
2008-01-19,21.837500000000002,26.9,19.2,25.6,24,24,2008,1,19,True,True,1.0
2008-01-20,21.5125,25.7,19.7,1.0,24,24,2008,1,20,True,True,1.0
2008-01-21,20.133333333333333,23.7,17.7,0.8,24,24,2008,1,21,True,True,0.0
2008-01-22,20.416666666666668,25.1,17.7,0.0,24,24,2008,1,22,True,True,0.0
2008-01-23,20.395833333333332,25.8,16.8,0.4,24,24,2008,1,23,True,True,0.0
2008-01-24,21.9375,27.8,18.2,0.0,24,24,2008,1,24,True,True,0.0
2008-01-25,21.55,26.9,18.6,8.4,24,24,2008,1,25,True,True,1.0
2008-01-26,20.925,24.5,18.3,0.0,24,24,2008,1,26,True,True,0.0
2008-01-27,19.804166666666667,21.7,18.2,2.6,24,24,2008,1,27,True,True,1.0
2008-01-28,19.041666666666668,21.9,17.3,6.6,24,24,2008,1,28,True,True,1.0
2008-01-29,19.366666666666667,23.1,17.8,48.2,24,24,2008,1,29,True,True,1.0
2008-01-30,20.1375,24.9,17.2,0.4,24,24,2008,1,30,True,True,0.0
2008-01-31,22.03333333333333,29.4,16.9,0.0,24,24,2008,1,31,True,True,0.0
2008-02-01,23.429166666666664,31.3,19.1,1.4,24,24,2008,2,1,True,True,1.0
2008-02-02,24.775000000000002,33.2,19.0,0.0,24,24,2008,2,2,True,True,0.0
2008-02-03,24.425,30.4,21.2,0.0,24,24,2008,2,3,True,True,0.0
2008-02-04,23.579166666666666,29.8,19.7,0.0,24,24,2008,2,4,True,True,0.0
2008-02-05,20.941666666666666,29.0,16.9,19.6,24,24,2008,2,5,True,True,1.0
2008-02-06,21.016666666666666,27.1,17.9,0.2,24,24,2008,2,6,True,True,0.0
2008-02-07,23.020833333333332,29.9,19.7,11.6,24,24,2008,2,7,True,True,1.0
2008-02-08,23.295833333333334,29.6,18.7,0.2,24,24,2008,2,8,True,True,0.0
2008-02-09,24.025000000000002,31.2,18.6,0.0,24,24,2008,2,9,True,True,0.0
2008-02-10,22.704166666666666,30.0,19.0,2.8,24,24,2008,2,10,True,True,1.0
2008-02-11,22.795833333333334,30.3,19.3,8.0,24,24,2008,2,11,True,True,1.0
2008-02-12,24.625,32.2,19.1,0.8,24,24,2008,2,12,True,True,0.0
2008-02-13,23.995833333333334,31.7,20.7,0.2,24,24,2008,2,13,True,True,0.0
2008-02-14,23.295833333333334,31.1,18.9,1.0,24,24,2008,2,14,True,True,1.0
2008-02-15,21.679166666666664,27.2,18.7,1.6,24,24,2008,2,15,True,True,1.0
2008-02-16,22.612,29.2,18.6,0.2,25,25,2008,2,16,True,True,0.0
2008-02-17,22.72083333333333,31.0,18.0,0.4,24,24,2008,2,17,True,True,0.0
2008-02-18,23.7375,31.5,19.0,0.2,24,24,2008,2,18,True,True,0.0
2008-02-19,22.133333333333336,28.4,17.8,0.0,24,24,2008,2,19,True,True,0.0
2008-02-20,24.058333333333334,30.3,20.0,0.4,24,24,2008,2,20,True,True,0.0
2008-02-21,22.495833333333334,27.0,19.6,2.6,24,24,2008,2,21,True,True,1.0
2008-02-22,22.945833333333336,29.3,19.6,0.2,24,24,2008,2,22,True,True,0.0
2008-02-23,22.491666666666664,26.3,20.5,49.2,24,24,2008,2,23,True,True,1.0
2008-02-24,21.9875,27.3,19.6,30.799999999999997,24,24,2008,2,24,True,True,1.0
2008-02-25,22.770833333333332,29.7,17.7,1.4000000000000001,24,24,2008,2,25,True,True,1.0
2008-02-26,23.291666666666668,30.9,17.9,0.0,24,24,2008,2,26,True,True,0.0
2008-02-27,23.358333333333334,29.4,19.2,0.0,24,24,2008,2,27,True,True,0.0
2008-02-28,22.2625,28.8,19.1,2.5999999999999996,24,24,2008,2,28,True,True,1.0
2008-02-29,21.204166666666666,25.9,18.4,26.200000000000003,24,24,2008,2,29,True,True,1.0
2008-03-01,23.458333333333332,30.2,20.0,6.2,24,24,2008,3,1,True,True,1.0
2008-03-02,23.620833333333334,30.6,18.1,0.0,24,24,2008,3,2,True,True,0.0
2008-03-03,24.083333333333332,31.0,17.7,0.0,24,24,2008,3,3,True,True,0.0
2008-03-04,24.163636363636364,31.0,18.2,0.0,22,22,2008,3,4,True,True,0.0
2008-03-05,23.837500000000002,31.5,18.0,0.0,24,24,2008,3,5,True,True,0.0
2008-03-06,24.1875,31.6,17.8,0.0,24,24,2008,3,6,True,True,0.0
2008-03-07,24.25,29.7,20.2,0.0,24,24,2008,3,7,True,True,0.0
2008-03-08,24.854166666666668,32.9,20.5,0.8,24,24,2008,3,8,True,True,0.0
2008-03-09,23.641666666666666,29.9,20.1,1.2000000000000002,24,24,2008,3,9,True,True,1.0
2008-03-10,23.795833333333334,31.9,19.2,0.0,24,24,2008,3,10,True,True,0.0
2008-03-11,22.90833333333333,27.0,19.8,6.2,24,24,2008,3,11,True,True,1.0
2008-03-12,22.329166666666666,27.0,20.2,13.6,24,24,2008,3,12,True,True,1.0
2008-03-13,21.6375,24.0,19.7,28.199999999999996,24,24,2008,3,13,True,True,1.0
2008-03-14,21.025000000000002,26.1,17.7,0.0,24,24,2008,3,14,True,True,0.0
2008-03-15,19.625,24.0,16.7,0.2,24,24,2008,3,15,True,True,0.0
2008-03-16,20.295833333333334,26.9,15.1,0.0,24,24,2008,3,16,True,True,0.0
2008-03-17,20.708333333333332,26.5,16.8,0.0,24,24,2008,3,17,True,True,0.0
2008-03-18,19.720833333333335,24.3,16.6,2.6,24,24,2008,3,18,True,True,1.0
2008-03-19,22.679166666666664,30.0,18.2,4.800000000000001,24,24,2008,3,19,True,True,1.0
2008-03-20,22.287499999999998,29.3,18.5,0.0,24,24,2008,3,20,True,True,0.0
2008-03-21,21.78333333333333,29.3,19.1,3.2,24,24,2008,3,21,True,True,1.0
2008-03-22,23.099999999999998,29.8,18.1,1.6,24,24,2008,3,22,True,True,1.0
2008-03-23,21.829166666666666,29.3,17.5,47.6,24,24,2008,3,23,True,True,1.0
2008-03-24,22.804166666666664,29.6,17.9,0.2,24,24,2008,3,24,True,True,0.0
2008-03-25,22.866666666666664,28.9,18.5,0.0,24,24,2008,3,25,True,True,0.0
2008-03-26,22.245833333333334,29.5,18.3,0.0,24,24,2008,3,26,True,True,0.0
2008-03-27,22.3,29.9,17.4,0.0,24,24,2008,3,27,True,True,0.0
2008-03-28,23.070833333333336,30.8,18.0,0.0,24,24,2008,3,28,True,True,0.0
2008-03-29,23.104166666666668,29.7,18.5,0.0,24,24,2008,3,29,True,True,0.0
2008-03-30,21.079166666666666,27.1,16.3,0.0,24,24,2008,3,30,True,True,0.0
2008-03-31,20.779166666666665,27.8,16.1,0.0,24,24,2008,3,31,True,True,0.0
2008-04-01,21.9875,29.8,15.9,0.0,24,24,2008,4,1,True,True,0.0
2008-04-02,21.2375,25.4,19.1,4.4,24,24,2008,4,2,True,True,1.0
2008-04-03,20.854166666666668,27.5,18.8,16.4,24,24,2008,4,3,True,True,1.0
2008-04-04,20.7,25.4,18.0,10.600000000000001,24,24,2008,4,4,True,True,1.0
2008-04-05,20.7625,27.4,15.7,0.0,24,24,2008,4,5,True,True,0.0
2008-04-06,21.483333333333334,28.1,16.8,1.2,24,24,2008,4,6,True,True,1.0
2008-04-07,21.8875,27.5,18.5,0.0,24,24,2008,4,7,True,True,0.0
2008-04-08,22.712500000000002,28.9,18.2,0.0,24,24,2008,4,8,True,True,0.0
2008-04-09,24.291666666666668,30.7,19.5,0.0,24,24,2008,4,9,True,True,0.0
2008-04-10,21.983333333333334,31.1,18.8,3.8,24,24,2008,4,10,True,True,1.0
2008-04-11,23.212500000000002,31.2,18.1,0.0,24,24,2008,4,11,True,True,0.0
2008-04-12,20.45,29.8,17.2,7.2,24,24,2008,4,12,True,True,1.0
2008-04-13,22.8,30.2,17.1,0.4,24,24,2008,4,13,True,True,0.0
2008-04-14,21.849999999999998,26.2,19.1,15.8,24,24,2008,4,14,True,True,1.0
2008-04-15,18.212500000000002,21.5,15.5,4.2,24,24,2008,4,15,True,True,1.0
2008-04-16,21.166666666666668,28.3,16.7,0.0,24,24,2008,4,16,True,True,0.0
2008-04-17,22.1875,28.8,17.5,0.0,24,24,2008,4,17,True,True,0.0
2008-04-18,21.325,27.5,17.0,0.0,24,24,2008,4,18,True,True,0.0
2008-04-19,18.575,22.6,16.2,12.600000000000001,24,24,2008,4,19,True,True,1.0
2008-04-20,19.729166666666668,24.0,18.2,0.4,24,24,2008,4,20,True,True,0.0
2008-04-21,20.241666666666667,25.6,17.9,0.4,24,24,2008,4,21,True,True,0.0
2008-04-22,20.3625,27.9,16.6,30.6,24,24,2008,4,22,True,True,1.0
2008-04-23,19.941666666666666,27.2,15.0,0.0,24,24,2008,4,23,True,True,0.0
2008-04-24,20.316666666666666,27.4,14.5,0.0,24,24,2008,4,24,True,True,0.0
2008-04-25,19.9375,27.4,14.7,0.0,24,24,2008,4,25,True,True,0.0
2008-04-26,20.283333333333335,28.9,13.2,0.0,24,24,2008,4,26,True,True,0.0
2008-04-27,21.458333333333332,30.3,15.5,0.0,24,24,2008,4,27,True,True,0.0
2008-04-28,22.429166666666664,29.9,15.4,0.0,24,24,2008,4,28,True,True,0.0
2008-04-29,21.9875,29.5,17.6,36.8,24,24,2008,4,29,True,True,1.0
2008-04-30,17.9375,20.5,14.4,8.0,24,24,2008,4,30,True,True,1.0
2008-05-01,15.678260869565218,18.6,13.7,3.0,23,23,2008,5,1,True,True,1.0
2008-05-02,17.066666666666666,19.9,15.3,36.800000000000004,24,24,2008,5,2,True,True,1.0
2008-05-03,13.516666666666666,16.1,9.7,1.2000000000000002,24,24,2008,5,3,True,True,1.0
2008-05-04,14.1625,19.6,11.2,0.0,24,24,2008,5,4,True,True,0.0
2008-05-05,15.2875,22.3,10.6,0.8,24,24,2008,5,5,True,True,0.0
2008-05-06,14.5875,22.1,9.7,0.0,24,24,2008,5,6,True,True,0.0
2008-05-07,15.641666666666666,24.0,9.8,0.0,24,24,2008,5,7,True,True,0.0
2008-05-08,17.220833333333335,25.5,10.6,0.0,24,24,2008,5,8,True,True,0.0
2008-05-09,18.075,23.7,14.5,0.0,24,24,2008,5,9,True,True,0.0
2008-05-10,17.162499999999998,24.1,12.5,0.0,24,24,2008,5,10,True,True,0.0
2008-05-11,16.579166666666666,24.1,11.6,0.0,24,24,2008,5,11,True,True,0.0
2008-05-12,16.912499999999998,23.3,12.5,0.0,24,24,2008,5,12,True,True,0.0
2008-05-13,16.5,20.9,13.0,1.0,24,24,2008,5,13,True,True,1.0
2008-05-14,17.416666666666668,23.8,13.9,0.4,24,24,2008,5,14,True,True,0.0
2008-05-15,17.245833333333334,26.1,12.8,0.2,24,24,2008,5,15,True,True,0.0
2008-05-16,18.295833333333334,25.4,12.8,0.0,24,24,2008,5,16,True,True,0.0
2008-05-17,18.4875,24.8,14.5,0.0,24,24,2008,5,17,True,True,0.0
2008-05-18,20.125,28.0,14.8,0.0,24,24,2008,5,18,True,True,0.0
2008-05-19,20.61304347826087,28.4,16.9,0.0,23,23,2008,5,19,True,True,0.0
2008-05-20,20.849999999999998,28.9,15.7,0.0,24,24,2008,5,20,True,True,0.0
2008-05-21,20.308333333333334,28.2,14.2,0.0,24,24,2008,5,21,True,True,0.0
2008-05-22,20.504166666666666,28.3,15.3,0.0,24,24,2008,5,22,True,True,0.0
2008-05-23,20.141666666666666,28.5,14.5,0.0,24,24,2008,5,23,True,True,0.0
2008-05-24,19.900000000000002,27.0,13.6,0.0,24,24,2008,5,24,True,True,0.0
2008-05-25,19.8875,27.1,13.6,0.0,24,24,2008,5,25,True,True,0.0
2008-05-26,19.7375,27.6,13.7,0.0,24,24,2008,5,26,True,True,0.0
2008-05-27,19.308333333333334,27.2,14.2,0.0,24,24,2008,5,27,True,True,0.0
2008-05-28,21.166666666666668,28.7,15.3,0.0,24,24,2008,5,28,True,True,0.0
2008-05-29,17.791666666666668,21.1,16.3,40.6,24,24,2008,5,29,True,True,1.0
2008-05-30,18.308333333333334,22.8,14.7,8.8,24,24,2008,5,30,True,True,1.0
2008-05-31,13.941666666666668,17.1,12.0,0.2,24,24,2008,5,31,True,True,0.0
2008-06-01,13.934782608695652,19.1,11.8,15.200000000000001,23,23,2008,6,1,True,True,1.0
2008-06-02,15.279166666666667,22.9,10.8,0.2,24,24,2008,6,2,True,True,0.0
2008-06-03,17.483333333333334,25.2,10.9,0.4,24,24,2008,6,3,True,True,0.0
2008-06-04,19.491666666666667,25.3,16.6,21.200000000000003,24,24,2008,6,4,True,True,1.0
2008-06-05,19.316666666666666,25.3,15.3,0.4,24,24,2008,6,5,True,True,0.0
2008-06-06,20.204545454545453,26.5,16.4,0.0,22,22,2008,6,6,True,True,0.0
2008-06-07,20.758333333333333,26.6,16.6,0.0,24,24,2008,6,7,True,True,0.0
2008-06-08,20.724999999999998,27.2,17.2,0.0,24,24,2008,6,8,True,True,0.0
2008-06-09,20.820833333333333,26.6,17.6,1.0,24,24,2008,6,9,True,True,1.0
2008-06-10,18.983333333333334,25.5,14.5,0.2,24,24,2008,6,10,True,True,0.0
2008-06-11,18.675,26.1,13.3,0.0,24,24,2008,6,11,True,True,0.0
2008-06-12,21.0,28.4,16.6,0.0,24,24,2008,6,12,True,True,0.0
2008-06-13,20.320833333333333,28.0,15.5,0.0,24,24,2008,6,13,True,True,0.0
2008-06-14,21.145833333333332,27.6,16.6,0.0,24,24,2008,6,14,True,True,0.0
2008-06-15,20.016666666666666,26.7,16.4,10.4,24,24,2008,6,15,True,True,1.0
2008-06-16,13.295833333333334,19.0,7.6,6.800000000000001,24,24,2008,6,16,True,True,1.0
2008-06-17,11.170833333333334,20.7,4.9,0.2,24,24,2008,6,17,True,True,0.0
2008-06-18,15.491666666666667,24.9,8.3,0.0,24,24,2008,6,18,True,True,0.0
2008-06-19,18.216666666666665,26.1,12.1,0.0,24,24,2008,6,19,True,True,0.0
2008-06-20,20.616666666666667,27.8,14.8,0.0,24,24,2008,6,20,True,True,0.0
2008-06-21,19.625,24.9,16.5,0.2,24,24,2008,6,21,True,True,0.0
2008-06-22,17.075,19.6,15.0,0.8,24,24,2008,6,22,True,True,0.0
2008-06-23,15.508333333333333,20.8,12.6,0.2,24,24,2008,6,23,True,True,0.0
2008-06-24,13.3125,15.3,12.2,8.8,24,24,2008,6,24,True,True,1.0
2008-06-25,14.9,20.6,12.2,0.2,24,24,2008,6,25,True,True,0.0
2008-06-26,16.3875,23.0,12.1,0.4,24,24,2008,6,26,True,True,0.0
2008-06-27,17.579166666666666,24.2,12.8,0.0,24,24,2008,6,27,True,True,0.0
2008-06-28,18.349999999999998,26.0,13.3,0.0,24,24,2008,6,28,True,True,0.0
2008-06-29,18.616666666666667,26.4,13.4,0.0,24,24,2008,6,29,True,True,0.0
2008-06-30,18.979166666666668,27.0,14.7,0.0,24,24,2008,6,30,True,True,0.0
2008-07-01,19.008333333333333,26.3,14.5,0.0,24,24,2008,7,1,True,True,0.0
2008-07-02,18.412499999999998,22.9,15.7,0.0,24,24,2008,7,2,True,True,0.0
2008-07-03,19.091666666666665,26.6,13.2,0.0,24,24,2008,7,3,True,True,0.0
2008-07-04,16.808333333333334,23.7,12.3,0.0,24,24,2008,7,4,True,True,0.0
2008-07-05,16.129166666666666,23.8,11.2,0.0,24,24,2008,7,5,True,True,0.0
2008-07-06,17.170833333333334,26.0,11.2,0.0,24,24,2008,7,6,True,True,0.0
2008-07-07,18.108333333333334,25.8,12.9,0.0,24,24,2008,7,7,True,True,0.0
2008-07-08,18.204166666666666,26.4,12.8,0.0,24,24,2008,7,8,True,True,0.0
2008-07-09,16.625,24.5,11.0,0.0,24,24,2008,7,9,True,True,0.0
2008-07-10,15.745833333333332,23.3,11.2,0.4,24,24,2008,7,10,True,True,0.0
2008-07-11,16.425,23.4,11.7,0.0,24,24,2008,7,11,True,True,0.0
2008-07-12,17.020833333333332,25.3,11.8,0.0,24,24,2008,7,12,True,True,0.0
2008-07-13,17.0125,24.6,11.9,0.0,24,24,2008,7,13,True,True,0.0
2008-07-14,16.4375,24.4,11.3,0.0,24,24,2008,7,14,True,True,0.0
2008-07-15,16.245833333333334,25.2,10.3,0.0,24,24,2008,7,15,True,True,0.0
2008-07-16,16.2625,25.1,11.2,0.0,24,24,2008,7,16,True,True,0.0
2008-07-17,17.662499999999998,25.9,12.4,0.0,24,24,2008,7,17,True,True,0.0
2008-07-18,18.483333333333334,26.8,11.8,0.0,24,24,2008,7,18,True,True,0.0
2008-07-19,19.229166666666668,27.5,14.2,0.0,24,24,2008,7,19,True,True,0.0
2008-07-20,19.349999999999998,29.1,12.1,0.0,24,24,2008,7,20,True,True,0.0
2008-07-21,19.729166666666668,28.6,13.2,0.0,24,24,2008,7,21,True,True,0.0
2008-07-22,21.40833333333333,29.4,14.9,0.0,24,24,2008,7,22,True,True,0.0
2008-07-23,21.879166666666666,29.2,16.2,0.0,24,24,2008,7,23,True,True,0.0
2008-07-24,18.445833333333333,24.7,14.2,0.0,24,24,2008,7,24,True,True,0.0
2008-07-25,19.083333333333332,26.2,13.9,0.0,24,24,2008,7,25,True,True,0.0
2008-07-26,16.604166666666668,23.4,12.0,0.0,24,24,2008,7,26,True,True,0.0
2008-07-27,18.400000000000002,28.7,10.5,0.0,24,24,2008,7,27,True,True,0.0
2008-07-28,21.95,29.9,17.6,0.0,24,24,2008,7,28,True,True,0.0
2008-07-29,21.583333333333332,29.1,16.8,0.0,24,24,2008,7,29,True,True,0.0
2008-07-30,21.266666666666666,28.3,16.8,0.0,24,24,2008,7,30,True,True,0.0
2008-07-31,20.441666666666666,27.6,15.7,0.0,24,24,2008,7,31,True,True,0.0
2008-08-01,21.045833333333334,29.2,14.9,0.0,24,24,2008,8,1,True,True,0.0
2008-08-02,19.666666666666668,24.8,17.2,0.2,24,24,2008,8,2,True,True,0.0
2008-08-03,16.554166666666667,21.4,13.4,5.199999999999999,24,24,2008,8,3,True,True,1.0
2008-08-04,16.358333333333334,24.5,11.3,0.2,24,24,2008,8,4,True,True,0.0
2008-08-05,18.349999999999998,27.3,13.8,16.0,24,24,2008,8,5,True,True,1.0
2008-08-06,19.745833333333334,28.0,15.2,1.5999999999999999,24,24,2008,8,6,True,True,1.0
2008-08-07,21.429166666666664,30.6,15.8,0.0,24,24,2008,8,7,True,True,0.0
2008-08-08,16.654166666666665,17.8,14.5,18.2,24,24,2008,8,8,True,True,1.0
2008-08-09,15.895833333333334,20.0,13.6,11.600000000000001,24,24,2008,8,9,True,True,1.0
2008-08-10,16.8,23.0,12.8,1.6,24,24,2008,8,10,True,True,1.0
2008-08-11,19.329166666666666,27.8,12.9,0.0,24,24,2008,8,11,True,True,0.0
2008-08-12,22.90416666666667,30.4,16.5,0.0,24,24,2008,8,12,True,True,0.0
2008-08-13,20.9375,27.2,17.0,0.0,24,24,2008,8,13,True,True,0.0
2008-08-14,20.004166666666666,27.4,16.3,0.0,24,24,2008,8,14,True,True,0.0
2008-08-15,19.712500000000002,26.4,15.7,0.0,24,24,2008,8,15,True,True,0.0
2008-08-16,22.145833333333332,29.6,16.8,0.0,24,24,2008,8,16,True,True,0.0
2008-08-17,22.616666666666664,31.1,16.0,0.0,24,24,2008,8,17,True,True,0.0
2008-08-18,22.400000000000002,31.3,16.7,0.0,24,24,2008,8,18,True,True,0.0
2008-08-19,22.525000000000002,30.2,16.4,0.0,24,24,2008,8,19,True,True,0.0
2008-08-20,21.829166666666666,29.5,15.9,0.0,24,24,2008,8,20,True,True,0.0
2008-08-21,21.7625,30.0,14.0,0.0,24,24,2008,8,21,True,True,0.0
2008-08-22,21.108333333333334,29.7,13.9,0.0,24,24,2008,8,22,True,True,0.0
2008-08-23,19.466666666666665,26.4,15.1,0.0,24,24,2008,8,23,True,True,0.0
2008-08-24,20.570833333333333,29.7,14.4,0.0,24,24,2008,8,24,True,True,0.0
2008-08-25,22.025000000000002,29.8,16.0,0.0,24,24,2008,8,25,True,True,0.0
2008-08-26,23.09166666666667,31.4,18.3,0.0,24,24,2008,8,26,True,True,0.0
2008-08-27,20.625,30.4,14.1,0.0,24,24,2008,8,27,True,True,0.0
2008-08-28,21.724999999999998,31.9,13.0,0.0,24,24,2008,8,28,True,True,0.0
2008-08-29,20.7375,26.2,15.5,0.0,24,24,2008,8,29,True,True,0.0
2008-08-30,15.795833333333334,22.5,11.2,0.0,24,24,2008,8,30,True,True,0.0
2008-08-31,16.425,25.4,9.7,0.0,24,24,2008,8,31,True,True,0.0
2008-09-01,18.783333333333335,29.5,11.6,0.0,24,24,2008,9,1,True,True,0.0
2008-09-02,22.087500000000002,32.2,14.1,0.0,24,24,2008,9,2,True,True,0.0
2008-09-03,24.479166666666668,33.1,17.9,0.0,24,24,2008,9,3,True,True,0.0
2008-09-04,25.108333333333334,34.1,19.2,0.0,24,24,2008,9,4,True,True,0.0
2008-09-05,24.558333333333334,34.9,16.2,0.0,24,24,2008,9,5,True,True,0.0
2008-09-06,20.208333333333332,28.6,12.2,0.0,24,24,2008,9,6,True,True,0.0
2008-09-07,14.870833333333332,21.3,11.4,0.0,24,24,2008,9,7,True,True,0.0
2008-09-08,18.658333333333335,26.9,12.5,0.0,24,24,2008,9,8,True,True,0.0
2008-09-09,21.375,29.6,14.3,0.0,24,24,2008,9,9,True,True,0.0
2008-09-10,24.241666666666664,34.0,17.0,0.0,24,24,2008,9,10,True,True,0.0
2008-09-11,27.208333333333332,35.7,20.9,0.0,24,24,2008,9,11,True,True,0.0
2008-09-12,26.09583333333333,35.1,20.8,0.0,24,24,2008,9,12,True,True,0.0
2008-09-13,18.191666666666666,21.4,17.2,0.0,24,24,2008,9,13,True,True,0.0
2008-09-14,18.379166666666666,24.5,14.5,0.0,24,24,2008,9,14,True,True,0.0
2008-09-15,17.962500000000002,26.7,13.1,0.0,24,24,2008,9,15,True,True,0.0
2008-09-16,17.866666666666667,25.5,12.6,0.0,24,24,2008,9,16,True,True,0.0
2008-09-17,16.933333333333334,26.3,9.6,0.0,24,24,2008,9,17,True,True,0.0
2008-09-18,16.491666666666667,24.7,9.3,0.0,24,24,2008,9,18,True,True,0.0
2008-09-19,17.941666666666666,26.3,11.4,0.0,24,24,2008,9,19,True,True,0.0
2008-09-20,15.2125,20.5,13.2,0.0,24,24,2008,9,20,True,True,0.0
2008-09-21,16.641666666666666,22.2,12.8,0.0,24,24,2008,9,21,True,True,0.0
2008-09-22,14.633333333333333,22.3,8.7,0.0,24,24,2008,9,22,True,True,0.0
2008-09-23,16.895652173913046,25.4,9.3,0.0,23,23,2008,9,23,True,True,0.0
2008-09-24,17.145833333333332,24.6,11.7,0.0,24,24,2008,9,24,True,True,0.0
2008-09-25,19.133333333333333,27.7,12.9,0.0,24,24,2008,9,25,True,True,0.0
2008-09-26,19.133333333333333,27.1,14.3,0.0,24,24,2008,9,26,True,True,0.0
2008-09-27,18.816666666666666,28.1,12.6,0.0,24,24,2008,9,27,True,True,0.0
2008-09-28,18.287499999999998,26.8,10.8,0.0,24,24,2008,9,28,True,True,0.0
2008-09-29,19.708333333333332,28.5,12.3,0.0,24,24,2008,9,29,True,True,0.0
2008-09-30,20.045833333333334,28.0,14.7,0.0,24,24,2008,9,30,True,True,0.0
2008-10-01,24.266666666666666,34.3,17.2,19.799999999999997,24,24,2008,10,1,True,True,1.0
2008-10-02,20.037499999999998,25.3,17.1,21.0,24,24,2008,10,2,True,True,1.0
2008-10-03,21.537499999999998,27.4,17.7,0.0,24,24,2008,10,3,True,True,0.0
2008-10-04,22.15833333333333,29.4,18.4,25.8,24,24,2008,10,4,True,True,1.0
2008-10-05,18.775000000000002,21.2,16.6,1.8,24,24,2008,10,5,True,True,1.0
2008-10-06,17.379166666666666,19.6,15.7,0.8,24,24,2008,10,6,True,True,0.0
2008-10-07,19.287499999999998,25.5,15.6,0.4,24,24,2008,10,7,True,True,0.0
2008-10-08,18.0,23.8,14.1,0.0,24,24,2008,10,8,True,True,0.0
2008-10-09,17.654166666666665,24.3,12.8,0.0,24,24,2008,10,9,True,True,0.0
2008-10-10,20.1875,28.3,13.3,0.0,24,24,2008,10,10,True,True,0.0
2008-10-11,19.333333333333332,25.1,15.0,0.6000000000000001,24,24,2008,10,11,True,True,0.0
2008-10-12,22.52916666666667,30.4,17.3,0.2,24,24,2008,10,12,True,True,0.0
2008-10-13,24.962500000000002,32.8,18.8,0.0,24,24,2008,10,13,True,True,0.0
2008-10-14,27.041666666666668,35.7,20.9,0.0,24,24,2008,10,14,True,True,0.0
2008-10-15,26.995833333333334,36.4,19.4,0.0,24,24,2008,10,15,True,True,0.0
2008-10-16,25.708333333333332,36.2,18.9,0.0,24,24,2008,10,16,True,True,0.0
2008-10-17,22.875,29.2,18.7,0.0,24,24,2008,10,17,True,True,0.0
2008-10-18,21.029166666666665,26.8,16.4,17.0,24,24,2008,10,18,True,True,1.0
2008-10-19,18.330434782608695,19.9,16.9,8.2,23,23,2008,10,19,True,True,1.0
2008-10-20,21.704166666666666,28.5,16.5,0.0,24,24,2008,10,20,True,True,0.0
2008-10-21,20.654166666666665,24.8,17.8,0.6000000000000001,24,24,2008,10,21,True,True,0.0
2008-10-22,21.912499999999998,27.7,17.4,0.0,24,24,2008,10,22,True,True,0.0
2008-10-23,24.554166666666664,31.9,17.5,0.0,24,24,2008,10,23,True,True,0.0
2008-10-24,25.974999999999998,33.9,20.3,0.0,24,24,2008,10,24,True,True,0.0
2008-10-25,27.204166666666666,35.8,20.8,0.0,24,24,2008,10,25,True,True,0.0
2008-10-26,26.212500000000002,35.0,18.8,0.0,24,24,2008,10,26,True,True,0.0
2008-10-27,26.054166666666664,32.6,21.2,1.0,24,24,2008,10,27,True,True,1.0
2008-10-28,24.104166666666668,30.7,19.3,0.0,24,24,2008,10,28,True,True,0.0
2008-10-29,24.233333333333334,36.1,17.7,27.4,24,24,2008,10,29,True,True,1.0
2008-10-30,21.608333333333334,27.2,18.0,0.2,24,24,2008,10,30,True,True,0.0
2008-10-31,21.883333333333336,28.3,18.2,0.0,24,24,2008,10,31,True,True,0.0
2008-11-01,21.416666666666668,29.2,15.6,0.0,24,24,2008,11,1,True,True,0.0
2008-11-02,20.908333333333335,24.9,18.6,4.199999999999999,24,24,2008,11,2,True,True,1.0
2008-11-03,22.6375,29.7,17.2,0.0,24,24,2008,11,3,True,True,0.0
2008-11-04,23.641666666666666,31.4,18.0,0.0,24,24,2008,11,4,True,True,0.0
2008-11-05,22.641666666666666,31.2,19.2,7.0,24,24,2008,11,5,True,True,1.0
2008-11-06,21.066666666666666,27.2,18.6,3.2,24,24,2008,11,6,True,True,1.0
2008-11-07,20.458333333333332,24.2,18.1,1.0,24,24,2008,11,7,True,True,1.0
2008-11-08,23.683333333333334,30.8,19.0,0.0,24,24,2008,11,8,True,True,0.0
2008-11-09,22.758333333333336,31.4,18.5,13.600000000000001,24,24,2008,11,9,True,True,1.0
2008-11-10,22.704166666666666,29.4,19.2,26.999999999999996,24,24,2008,11,10,True,True,1.0
2008-11-11,22.099999999999998,28.6,18.0,42.4,24,24,2008,11,11,True,True,1.0
2008-11-12,20.929166666666667,28.2,17.6,3.0000000000000004,24,24,2008,11,12,True,True,1.0
2008-11-13,20.662499999999998,28.7,15.6,1.4,24,24,2008,11,13,True,True,1.0
2008-11-14,23.041666666666668,30.8,17.6,0.2,24,24,2008,11,14,True,True,0.0
2008-11-15,24.554166666666664,32.4,19.0,0.0,24,24,2008,11,15,True,True,0.0
2008-11-16,25.275000000000002,33.6,18.0,0.0,24,24,2008,11,16,True,True,0.0
2008-11-17,22.829166666666666,29.1,18.7,0.0,24,24,2008,11,17,True,True,0.0
2008-11-18,22.008333333333336,30.3,15.9,0.0,24,24,2008,11,18,True,True,0.0
2008-11-19,21.212500000000002,29.7,14.5,0.0,24,24,2008,11,19,True,True,0.0
2008-11-20,20.675,29.0,13.9,0.0,24,24,2008,11,20,True,True,0.0
2008-11-21,20.683333333333334,29.2,14.8,0.0,24,24,2008,11,21,True,True,0.0
2008-11-22,22.058333333333334,30.4,16.0,0.0,24,24,2008,11,22,True,True,0.0
2008-11-23,21.47083333333333,30.4,17.1,4.2,24,24,2008,11,23,True,True,1.0
2008-11-24,22.1875,30.8,16.4,0.0,24,24,2008,11,24,True,True,0.0
2008-11-25,22.558333333333334,31.4,16.2,0.0,24,24,2008,11,25,True,True,0.0
2008-11-26,22.7375,32.5,17.4,0.0,24,24,2008,11,26,True,True,0.0
2008-11-27,22.662499999999998,31.3,16.3,0.0,24,24,2008,11,27,True,True,0.0
2008-11-28,23.129166666666666,31.5,17.2,0.0,24,24,2008,11,28,True,True,0.0
2008-11-29,23.5125,31.7,16.9,0.0,24,24,2008,11,29,True,True,0.0
2008-11-30,24.05,33.2,15.7,0.0,24,24,2008,11,30,True,True,0.0
2008-12-01,25.195833333333336,34.1,17.0,0.0,24,24,2008,12,1,True,True,0.0
2008-12-02,24.983333333333334,32.4,19.4,1.4,24,24,2008,12,2,True,True,1.0
2008-12-03,21.47083333333333,28.5,15.9,0.4,24,24,2008,12,3,True,True,0.0
2008-12-04,20.6125,28.9,13.3,0.0,24,24,2008,12,4,True,True,0.0
2008-12-05,21.90416666666667,31.0,14.5,0.0,24,24,2008,12,5,True,True,0.0
2008-12-06,23.620833333333334,33.4,15.2,0.0,24,24,2008,12,6,True,True,0.0
2008-12-07,24.849999999999998,34.8,16.7,0.0,24,24,2008,12,7,True,True,0.0
2008-12-08,25.95,35.6,17.6,0.0,24,24,2008,12,8,True,True,0.0
2008-12-09,24.65833333333333,35.2,18.8,1.2,24,24,2008,12,9,True,True,1.0
2008-12-10,24.829166666666666,34.2,19.8,16.8,24,24,2008,12,10,True,True,1.0
2008-12-11,21.1375,27.0,18.7,53.2,24,24,2008,12,11,True,True,1.0
2008-12-12,21.104166666666668,25.4,17.6,1.5999999999999999,24,24,2008,12,12,True,True,1.0
2008-12-13,20.583333333333332,27.5,15.0,0.0,24,24,2008,12,13,True,True,0.0
2008-12-14,22.28333333333333,30.8,14.9,0.0,24,24,2008,12,14,True,True,0.0
2008-12-15,20.900000000000002,27.4,17.1,6.6000000000000005,24,24,2008,12,15,True,True,1.0
2008-12-16,19.825,24.6,18.0,11.6,24,24,2008,12,16,True,True,1.0
2008-12-17,22.016666666666666,29.9,16.0,0.0,24,24,2008,12,17,True,True,0.0
2008-12-18,22.2,31.8,17.1,0.0,24,24,2008,12,18,True,True,0.0
2008-12-19,23.316666666666666,31.7,16.7,0.0,24,24,2008,12,19,True,True,0.0
2008-12-20,23.416666666666668,32.2,17.2,0.0,24,24,2008,12,20,True,True,0.0
2008-12-21,22.650000000000002,32.3,17.9,1.2000000000000002,24,24,2008,12,21,True,True,1.0
2008-12-22,22.8125,30.2,17.9,0.0,24,24,2008,12,22,True,True,0.0
2008-12-23,24.129166666666666,31.2,19.0,0.0,24,24,2008,12,23,True,True,0.0
2008-12-24,25.849999999999998,32.4,20.5,2.6,24,24,2008,12,24,True,True,1.0
2008-12-25,21.870833333333334,26.2,18.9,38.8,24,24,2008,12,25,True,True,1.0
2008-12-26,22.15416666666667,27.8,18.8,0.0,24,24,2008,12,26,True,True,0.0
2008-12-27,21.479166666666668,28.4,17.1,0.0,24,24,2008,12,27,True,True,0.0
2008-12-28,23.400000000000002,30.9,16.8,0.0,24,24,2008,12,28,True,True,0.0
2008-12-29,25.1125,31.9,18.7,0.0,24,24,2008,12,29,True,True,0.0
2008-12-30,26.016666666666666,32.8,19.9,0.0,24,24,2008,12,30,True,True,0.0
2008-12-31,24.849999999999998,31.2,20.0,0.0,24,24,2008,12,31,True,True,0.0
2009-01-01,23.46666666666667,29.6,18.9,14.2,24,24,2009,1,1,True,True,1.0
2009-01-02,21.5125,24.7,20.3,37.199999999999996,24,24,2009,1,2,True,True,1.0
2009-01-03,21.220833333333335,23.6,19.6,15.2,24,24,2009,1,3,True,True,1.0
2009-01-04,19.837500000000002,23.2,16.6,0.4,24,24,2009,1,4,True,True,0.0
2009-01-05,20.416666666666668,26.7,15.8,0.0,24,24,2009,1,5,True,True,0.0
2009-01-06,20.695833333333333,29.4,15.4,1.8,24,24,2009,1,6,True,True,1.0
2009-01-07,22.291666666666668,30.9,16.2,0.0,24,24,2009,1,7,True,True,0.0
2009-01-08,24.22083333333333,32.9,17.2,0.0,24,24,2009,1,8,True,True,0.0
2009-01-09,25.045833333333334,32.9,19.0,0.0,24,24,2009,1,9,True,True,0.0
2009-01-10,24.041666666666668,31.5,19.2,0.0,24,24,2009,1,10,True,True,0.0
2009-01-11,22.808333333333334,28.6,18.4,2.2,24,24,2009,1,11,True,True,1.0
2009-01-12,25.6125,33.2,20.1,0.0,24,24,2009,1,12,True,True,0.0
2009-01-13,27.433333333333334,34.6,21.7,0.0,24,24,2009,1,13,True,True,0.0
2009-01-14,24.254166666666666,34.5,19.7,7.199999999999999,24,24,2009,1,14,True,True,1.0
2009-01-15,22.4375,28.2,19.0,0.2,24,24,2009,1,15,True,True,0.0
2009-01-16,22.45,28.3,19.8,13.399999999999999,24,24,2009,1,16,True,True,1.0
2009-01-17,20.6375,25.9,17.7,15.8,24,24,2009,1,17,True,True,1.0
2009-01-18,20.72173913043478,24.6,18.8,9.4,23,23,2009,1,18,True,True,1.0
2009-01-19,21.995833333333334,29.1,19.3,7.200000000000001,24,24,2009,1,19,True,True,1.0
2009-01-20,23.491666666666664,29.3,20.7,1.8,24,24,2009,1,20,True,True,1.0
2009-01-21,21.945833333333336,26.3,18.5,0.0,24,24,2009,1,21,True,True,0.0
2009-01-22,21.650000000000002,26.5,17.7,0.0,24,24,2009,1,22,True,True,0.0
2009-01-23,21.729166666666668,27.2,17.4,0.0,24,24,2009,1,23,True,True,0.0
2009-01-24,21.820833333333336,26.6,18.1,1.4,24,24,2009,1,24,True,True,1.0
2009-01-25,21.566666666666666,25.0,19.5,6.4,24,24,2009,1,25,True,True,1.0
2009-01-26,20.641666666666666,22.6,19.7,33.4,24,24,2009,1,26,True,True,1.0
2009-01-27,20.533333333333335,22.2,19.7,17.0,24,24,2009,1,27,True,True,1.0
2009-01-28,21.0125,24.9,19.9,41.6,24,24,2009,1,28,True,True,1.0
2009-01-29,21.758333333333336,26.0,20.1,18.8,24,24,2009,1,29,True,True,1.0
2009-01-30,,,,,0,0,2009,1,30,False,False,
2009-01-31,,,,,0,0,2009,1,31,False,False,
2009-02-01,,,,,0,0,2009,2,1,False,False,
2009-02-02,,,,,0,0,2009,2,2,False,False,
2009-02-03,,,,,0,0,2009,2,3,False,False,
2009-02-04,,,,,0,0,2009,2,4,False,False,
2009-02-05,,,,,0,0,2009,2,5,False,False,
2009-02-06,,,,,0,0,2009,2,6,False,False,
2009-02-07,,,,,0,0,2009,2,7,False,False,
2009-02-08,,,,,0,0,2009,2,8,False,False,
2009-02-09,,,,,0,0,2009,2,9,False,False,
2009-02-10,,,,,0,0,2009,2,10,False,False,
2009-02-11,,,,,0,0,2009,2,11,False,False,
2009-02-12,,,,,0,0,2009,2,12,False,False,
2009-02-13,,,,,0,0,2009,2,13,False,False,
2009-02-14,,,,,0,0,2009,2,14,False,False,
2009-02-15,,,,,0,0,2009,2,15,False,False,
2009-02-16,,,,,0,0,2009,2,16,False,False,
2009-02-17,,,,,0,0,2009,2,17,False,False,
2009-02-18,,,,,0,0,2009,2,18,False,False,
2009-02-19,,,,,0,0,2009,2,19,False,False,
2009-02-20,,,,,0,0,2009,2,20,False,False,
2009-02-21,,,,,0,0,2009,2,21,False,False,
2009-02-22,,,,,0,0,2009,2,22,False,False,
2009-02-23,,,,,0,0,2009,2,23,False,False,
2009-02-24,,,,,0,0,2009,2,24,False,False,
2009-02-25,,,,,0,0,2009,2,25,False,False,
2009-02-26,,,,,0,0,2009,2,26,False,False,
2009-02-27,,,,,0,0,2009,2,27,False,False,
2009-02-28,,,,,0,0,2009,2,28,False,False,
2009-03-01,,,,,0,0,2009,3,1,False,False,
2009-03-02,,,,,0,0,2009,3,2,False,False,
2009-03-03,,,,,0,0,2009,3,3,False,False,
2009-03-04,,,,,0,0,2009,3,4,False,False,
2009-03-05,,,,,0,0,2009,3,5,False,False,
2009-03-06,,,,,0,0,2009,3,6,False,False,
2009-03-07,,,,,0,0,2009,3,7,False,False,
2009-03-08,,,,,0,0,2009,3,8,False,False,
2009-03-09,,,,,0,0,2009,3,9,False,False,
2009-03-10,,,,,0,0,2009,3,10,False,False,
2009-03-11,,,,,0,0,2009,3,11,False,False,
2009-03-12,,,,,0,0,2009,3,12,False,False,
2009-03-13,,,,,0,0,2009,3,13,False,False,
2009-03-14,,,,,0,0,2009,3,14,False,False,
2009-03-15,,,,,0,0,2009,3,15,False,False,
2009-03-16,,,,,0,0,2009,3,16,False,False,
2009-03-17,,,,,0,0,2009,3,17,False,False,
2009-03-18,,,,,0,0,2009,3,18,False,False,
2009-03-19,,,,,0,0,2009,3,19,False,False,
2009-03-20,,,,,0,0,2009,3,20,False,False,
2009-03-21,,,,,0,0,2009,3,21,False,False,
2009-03-22,,,,,0,0,2009,3,22,False,False,
2009-03-23,,,,,0,0,2009,3,23,False,False,
2009-03-24,,,,,0,0,2009,3,24,False,False,
2009-03-25,,,,,6,6,2009,3,25,False,False,
2009-03-26,22.474999999999998,30.2,16.8,0.0,24,24,2009,3,26,True,True,0.0
2009-03-27,23.425,30.0,17.8,0.0,24,24,2009,3,27,True,True,0.0
2009-03-28,22.945833333333336,30.8,19.7,1.0,24,24,2009,3,28,True,True,1.0
2009-03-29,22.541666666666668,29.5,17.3,0.0,24,24,2009,3,29,True,True,0.0
2009-03-30,23.325,30.5,19.4,0.0,24,24,2009,3,30,True,True,0.0
2009-03-31,23.625,31.1,18.5,0.0,24,24,2009,3,31,True,True,0.0
2009-04-01,22.900000000000002,30.8,17.5,0.0,24,24,2009,4,1,True,True,0.0
2009-04-02,22.05,29.7,16.6,0.0,24,24,2009,4,2,True,True,0.0
2009-04-03,22.6375,29.9,18.1,0.6,24,24,2009,4,3,True,True,0.0
2009-04-04,22.541666666666668,28.4,17.8,0.6,24,24,2009,4,4,True,True,0.0
2009-04-05,24.22083333333333,30.9,19.6,0.0,24,24,2009,4,5,True,True,0.0
2009-04-06,23.900000000000002,31.4,19.7,0.0,24,24,2009,4,6,True,True,0.0
2009-04-07,22.979166666666668,30.5,19.0,0.0,24,24,2009,4,7,True,True,0.0
2009-04-08,22.962500000000002,30.5,17.6,0.0,24,24,2009,4,8,True,True,0.0
2009-04-09,22.45,31.1,17.1,0.0,24,24,2009,4,9,True,True,0.0
2009-04-10,23.304166666666664,31.8,17.4,0.0,24,24,2009,4,10,True,True,0.0
2009-04-11,22.425,30.4,16.8,0.0,24,24,2009,4,11,True,True,0.0
2009-04-12,22.491666666666664,30.3,16.9,0.0,24,24,2009,4,12,True,True,0.0
2009-04-13,21.929166666666664,30.2,18.8,0.0,24,24,2009,4,13,True,True,0.0
2009-04-14,21.75,27.9,18.9,4.4,24,24,2009,4,14,True,True,1.0
2009-04-15,21.270833333333332,27.8,16.8,0.0,24,24,2009,4,15,True,True,0.0
2009-04-16,20.066666666666666,27.5,15.1,0.0,24,24,2009,4,16,True,True,0.0
2009-04-17,19.633333333333333,27.8,13.7,0.0,24,24,2009,4,17,True,True,0.0
2009-04-18,20.129166666666666,29.4,14.2,0.0,24,24,2009,4,18,True,True,0.0
2009-04-19,21.370833333333334,29.8,14.8,0.0,24,24,2009,4,19,True,True,0.0
2009-04-20,21.3625,30.0,15.2,0.0,24,24,2009,4,20,True,True,0.0
2009-04-21,20.9375,27.7,16.2,0.0,24,24,2009,4,21,True,True,0.0
2009-04-22,20.616666666666667,29.2,15.3,0.0,24,24,2009,4,22,True,True,0.0
2009-04-23,21.116666666666667,28.4,16.2,2.2,24,24,2009,4,23,True,True,1.0
2009-04-24,19.8125,28.3,15.5,0.2,24,24,2009,4,24,True,True,0.0
2009-04-25,19.683333333333334,28.2,14.3,0.0,24,24,2009,4,25,True,True,0.0
2009-04-26,20.254166666666666,28.3,15.1,0.0,24,24,2009,4,26,True,True,0.0
2009-04-27,20.304166666666667,28.1,15.4,0.0,24,24,2009,4,27,True,True,0.0
2009-04-28,20.208333333333332,28.7,14.9,0.0,24,24,2009,4,28,True,True,0.0
2009-04-29,20.395833333333332,29.1,15.4,0.0,24,24,2009,4,29,True,True,0.0
2009-04-30,21.25,29.5,15.2,0.0,24,24,2009,4,30,True,True,0.0
2009-05-01,19.779166666666665,27.5,14.9,0.0,24,24,2009,5,1,True,True,0.0
2009-05-02,19.075,26.8,14.0,0.0,24,24,2009,5,2,True,True,0.0
2009-05-03,19.633333333333333,27.0,14.3,0.0,24,24,2009,5,3,True,True,0.0
2009-05-04,16.20416666666667,20.2,13.9,15.0,24,24,2009,5,4,True,True,1.0
2009-05-05,18.2625,25.7,12.0,0.4,24,24,2009,5,5,True,True,0.0
2009-05-06,19.995833333333334,27.1,14.3,0.0,24,24,2009,5,6,True,True,0.0
2009-05-07,20.3,27.5,15.4,0.0,24,24,2009,5,7,True,True,0.0
2009-05-08,20.754166666666666,27.9,15.6,0.0,24,24,2009,5,8,True,True,0.0
2009-05-09,21.912499999999998,29.7,17.1,0.0,24,24,2009,5,9,True,True,0.0
2009-05-10,21.116666666666667,29.8,16.4,0.0,24,24,2009,5,10,True,True,0.0
2009-05-11,21.129166666666666,29.6,16.4,0.0,24,24,2009,5,11,True,True,0.0
2009-05-12,22.854166666666668,30.5,18.4,0.0,24,24,2009,5,12,True,True,0.0
2009-05-13,23.079166666666666,30.3,19.1,0.0,24,24,2009,5,13,True,True,0.0
2009-05-14,21.258333333333333,29.4,16.2,16.2,24,24,2009,5,14,True,True,1.0
2009-05-15,18.370833333333334,24.2,13.4,1.0,24,24,2009,5,15,True,True,1.0
2009-05-16,14.504166666666668,21.7,10.1,0.2,24,24,2009,5,16,True,True,0.0
2009-05-17,16.045833333333334,24.6,10.6,0.0,24,24,2009,5,17,True,True,0.0
2009-05-18,18.412499999999998,27.4,12.6,0.0,24,24,2009,5,18,True,True,0.0
2009-05-19,20.041666666666668,28.7,15.4,0.2,24,24,2009,5,19,True,True,0.0
2009-05-20,19.045833333333334,25.7,14.2,0.0,24,24,2009,5,20,True,True,0.0
2009-05-21,18.837500000000002,26.1,14.3,0.0,24,24,2009,5,21,True,True,0.0
2009-05-22,18.679166666666667,26.3,14.1,0.0,24,24,2009,5,22,True,True,0.0
2009-05-23,18.9375,26.6,13.2,0.0,24,24,2009,5,23,True,True,0.0
2009-05-24,20.20416666666667,27.7,14.9,0.0,24,24,2009,5,24,True,True,0.0
2009-05-25,20.445833333333333,28.9,16.8,6.8,24,24,2009,5,25,True,True,1.0
2009-05-26,21.675,29.2,17.0,0.2,24,24,2009,5,26,True,True,0.0
2009-05-27,20.275000000000002,24.2,17.5,0.0,24,24,2009,5,27,True,True,0.0
2009-05-28,20.954166666666666,26.6,17.8,4.4,24,24,2009,5,28,True,True,1.0
2009-05-29,19.554166666666667,24.6,16.3,0.0,24,24,2009,5,29,True,True,0.0
2009-05-30,19.433333333333334,25.5,15.2,0.0,24,24,2009,5,30,True,True,0.0
2009-05-31,19.7375,25.8,14.3,0.8,24,24,2009,5,31,True,True,0.0
2009-06-01,11.383333333333333,14.4,8.9,0.4,24,24,2009,6,1,True,True,0.0
2009-06-02,11.116666666666667,16.8,7.0,0.0,24,24,2009,6,2,True,True,0.0
2009-06-03,10.345833333333333,18.2,4.7,0.0,24,24,2009,6,3,True,True,0.0
2009-06-04,13.270833333333334,23.3,5.6,0.0,24,24,2009,6,4,True,True,0.0
2009-06-05,18.091666666666665,26.8,11.8,0.0,24,24,2009,6,5,True,True,0.0
2009-06-06,19.191666666666666,27.0,14.7,0.0,24,24,2009,6,6,True,True,0.0
2009-06-07,16.858333333333334,23.6,13.2,0.0,24,24,2009,6,7,True,True,0.0
2009-06-08,15.754166666666665,20.7,13.0,0.0,24,24,2009,6,8,True,True,0.0
2009-06-09,18.754166666666666,26.3,13.6,0.0,24,24,2009,6,9,True,True,0.0
2009-06-10,16.175,18.6,14.5,18.0,24,24,2009,6,10,True,True,1.0
2009-06-11,17.058333333333334,22.4,14.7,9.6,24,24,2009,6,11,True,True,1.0
2009-06-12,16.054166666666667,22.4,12.4,1.2000000000000002,24,24,2009,6,12,True,True,1.0
2009-06-13,13.929166666666667,21.3,9.9,0.0,24,24,2009,6,13,True,True,0.0
2009-06-14,13.266666666666666,20.5,8.8,0.2,24,24,2009,6,14,True,True,0.0
2009-06-15,14.920833333333334,23.5,9.3,0.0,24,24,2009,6,15,True,True,0.0
2009-06-16,16.783333333333335,22.2,12.9,3.0,24,24,2009,6,16,True,True,1.0
2009-06-17,15.4,22.1,10.7,0.0,24,24,2009,6,17,True,True,0.0
2009-06-18,14.216666666666667,22.5,9.7,0.0,24,24,2009,6,18,True,True,0.0
2009-06-19,14.729166666666666,23.2,9.4,0.0,24,24,2009,6,19,True,True,0.0
2009-06-20,16.108333333333334,26.6,10.3,0.0,24,24,2009,6,20,True,True,0.0
2009-06-21,16.658333333333335,26.8,10.6,0.0,24,24,2009,6,21,True,True,0.0
2009-06-22,18.175,27.0,12.5,0.0,24,24,2009,6,22,True,True,0.0
2009-06-23,18.412499999999998,25.7,13.2,0.0,24,24,2009,6,23,True,True,0.0
2009-06-24,18.4375,23.9,13.8,1.2000000000000002,24,24,2009,6,24,True,True,1.0
2009-06-25,17.099999999999998,18.7,15.3,7.4,24,24,2009,6,25,True,True,1.0
2009-06-26,16.325,19.6,13.6,1.2000000000000002,24,24,2009,6,26,True,True,1.0
2009-06-27,15.604166666666666,23.2,13.3,13.6,24,24,2009,6,27,True,True,1.0
2009-06-28,16.083333333333332,22.0,13.4,0.2,24,24,2009,6,28,True,True,0.0
2009-06-29,18.458333333333332,27.0,12.9,0.0,24,24,2009,6,29,True,True,0.0
2009-06-30,20.779166666666665,26.9,16.3,0.0,24,24,2009,6,30,True,True,0.0
2009-07-01,20.433333333333334,27.4,15.4,0.0,24,24,2009,7,1,True,True,0.0
2009-07-02,16.6875,19.7,14.5,3.0000000000000004,24,24,2009,7,2,True,True,1.0
2009-07-03,15.6,20.2,13.9,0.0,24,24,2009,7,3,True,True,0.0
2009-07-04,,,,,18,18,2009,7,4,False,False,
2009-07-05,,,,,11,11,2009,7,5,False,False,
2009-07-06,18.470833333333335,25.7,13.6,0.0,24,24,2009,7,6,True,True,0.0
2009-07-07,19.662499999999998,26.9,15.1,0.0,24,24,2009,7,7,True,True,0.0
2009-07-08,19.6375,26.1,15.1,0.0,24,24,2009,7,8,True,True,0.0
2009-07-09,20.666666666666668,27.5,15.3,0.0,24,24,2009,7,9,True,True,0.0
2009-07-10,17.945833333333333,20.3,16.1,1.0,24,24,2009,7,10,True,True,1.0
2009-07-11,,,,,13,13,2009,7,11,False,False,
2009-07-12,,,,,0,0,2009,7,12,False,False,
2009-07-13,,,,,0,0,2009,7,13,False,False,
2009-07-14,,,,,0,0,2009,7,14,False,False,
2009-07-15,,,,,0,0,2009,7,15,False,False,
2009-07-16,,,,,0,0,2009,7,16,False,False,
2009-07-17,,,,,0,0,2009,7,17,False,False,
2009-07-18,,,,,0,0,2009,7,18,False,False,
2009-07-19,,,,,0,0,2009,7,19,False,False,
2009-07-20,,,,,0,0,2009,7,20,False,False,
2009-07-21,,,,,0,0,2009,7,21,False,False,
2009-07-22,,,,,0,0,2009,7,22,False,False,
2009-07-23,,,,,0,0,2009,7,23,False,False,
2009-07-24,,,,,0,0,2009,7,24,False,False,
2009-07-25,,,,,0,0,2009,7,25,False,False,
2009-07-26,,,,,0,0,2009,7,26,False,False,
2009-07-27,,,,,0,0,2009,7,27,False,False,
2009-07-28,,,,,0,0,2009,7,28,False,False,
2009-07-29,,,,,0,0,2009,7,29,False,False,
2009-07-30,,,,,0,0,2009,7,30,False,False,
2009-07-31,,,,,0,0,2009,7,31,False,False,
2009-08-01,,,,,0,0,2009,8,1,False,False,
2009-08-02,,,,,0,0,2009,8,2,False,False,
2009-08-03,,,,,0,0,2009,8,3,False,False,
2009-08-04,,,,,0,0,2009,8,4,False,False,
2009-08-05,,,,,0,0,2009,8,5,False,False,
2009-08-06,,,,,0,0,2009,8,6,False,False,
2009-08-07,,,,,0,0,2009,8,7,False,False,
2009-08-08,,,,,0,0,2009,8,8,False,False,
2009-08-09,,,,,0,0,2009,8,9,False,False,
2009-08-10,,,,,0,0,2009,8,10,False,False,
2009-08-11,,,,,0,0,2009,8,11,False,False,
2009-08-12,,,,,0,0,2009,8,12,False,False,
2009-08-13,,,,,0,0,2009,8,13,False,False,
2009-08-14,,,,,0,0,2009,8,14,False,False,
2009-08-15,,,,,0,0,2009,8,15,False,False,
2009-08-16,,,,,0,0,2009,8,16,False,False,
2009-08-17,,,,,0,0,2009,8,17,False,False,
2009-08-18,,,,,0,0,2009,8,18,False,False,
2009-08-19,,,,,0,0,2009,8,19,False,False,
2009-08-20,,,,,0,0,2009,8,20,False,False,
2009-08-21,,,,,0,0,2009,8,21,False,False,
2009-08-22,,,,,0,0,2009,8,22,False,False,
2009-08-23,,,,,0,0,2009,8,23,False,False,
2009-08-24,,,,,0,0,2009,8,24,False,False,
2009-08-25,,,,,0,0,2009,8,25,False,False,
2009-08-26,,,,,0,0,2009,8,26,False,False,
2009-08-27,,,,,0,0,2009,8,27,False,False,
2009-08-28,,,,,0,0,2009,8,28,False,False,
2009-08-29,,,,,0,0,2009,8,29,False,False,
2009-08-30,,,,,0,0,2009,8,30,False,False,
2009-08-31,,,,,0,0,2009,8,31,False,False,
2009-09-01,,,,,0,0,2009,9,1,False,False,
2009-09-02,,,,,0,0,2009,9,2,False,False,
2009-09-03,,,,,0,0,2009,9,3,False,False,
2009-09-04,,,,,0,0,2009,9,4,False,False,
2009-09-05,,,,,0,0,2009,9,5,False,False,
2009-09-06,,,,,0,0,2009,9,6,False,False,
2009-09-07,,,,,0,0,2009,9,7,False,False,
2009-09-08,,,,,0,0,2009,9,8,False,False,
2009-09-09,,,,,0,0,2009,9,9,False,False,
2009-09-10,,,,,0,0,2009,9,10,False,False,
2009-09-11,,,,,0,0,2009,9,11,False,False,
2009-09-12,,,,,0,0,2009,9,12,False,False,
2009-09-13,,,,,0,0,2009,9,13,False,False,
2009-09-14,,,,,0,0,2009,9,14,False,False,
2009-09-15,,,,,0,0,2009,9,15,False,False,
2009-09-16,,,,,0,0,2009,9,16,False,False,
2009-09-17,,,,,1,1,2009,9,17,False,False,
2009-09-18,18.825,21.9,16.1,1.0,24,24,2009,9,18,True,True,1.0
2009-09-19,17.470833333333335,26.0,12.4,0.0,24,24,2009,9,19,True,True,0.0
2009-09-20,18.9875,27.4,13.3,0.0,24,24,2009,9,20,True,True,0.0
2009-09-21,24.8125,31.6,20.0,0.0,24,24,2009,9,21,True,True,0.0
2009-09-22,26.09583333333333,32.9,20.7,0.8,24,24,2009,9,22,True,True,0.0
2009-09-23,21.395833333333332,31.4,18.3,8.4,24,24,2009,9,23,True,True,1.0
2009-09-24,18.641666666666666,25.9,14.2,0.0,24,24,2009,9,24,True,True,0.0
2009-09-25,17.2,23.8,13.2,0.0,24,24,2009,9,25,True,True,0.0
2009-09-26,21.52916666666667,29.6,15.7,0.0,24,24,2009,9,26,True,True,0.0
2009-09-27,25.191666666666666,32.0,20.2,0.0,24,24,2009,9,27,True,True,0.0
2009-09-28,23.129166666666666,31.8,17.4,0.0,24,24,2009,9,28,True,True,0.0
2009-09-29,23.21666666666667,30.1,17.6,0.0,24,24,2009,9,29,True,True,0.0
2009-09-30,24.983333333333334,32.3,18.2,4.0,24,24,2009,9,30,True,True,1.0
2009-10-01,,,,,14,14,2009,10,1,False,False,
2009-10-02,20.104166666666668,25.6,16.9,0.4,24,24,2009,10,2,True,True,0.0
2009-10-03,17.520833333333332,23.1,13.9,0.0,24,24,2009,10,3,True,True,0.0
2009-10-04,17.895833333333332,24.7,11.7,0.0,24,24,2009,10,4,True,True,0.0
2009-10-05,,,,,12,12,2009,10,5,False,False,
2009-10-06,23.59166666666667,32.0,17.9,17.6,24,24,2009,10,6,True,True,1.0
2009-10-07,18.466666666666665,24.0,16.2,4.4,24,24,2009,10,7,True,True,1.0
2009-10-08,20.166666666666668,28.4,14.5,0.0,24,24,2009,10,8,True,True,0.0
2009-10-09,22.84583333333333,31.9,16.9,16.4,24,24,2009,10,9,True,True,1.0
2009-10-10,18.099999999999998,25.9,15.7,14.8,24,24,2009,10,10,True,True,1.0
2009-10-11,20.212500000000002,26.8,15.8,0.0,24,24,2009,10,11,True,True,0.0
2009-10-12,21.5,29.2,17.4,10.8,24,24,2009,10,12,True,True,1.0
2009-10-13,21.962500000000002,29.6,17.7,27.6,24,24,2009,10,13,True,True,1.0
2009-10-14,,,,,13,13,2009,10,14,False,False,
2009-10-15,,,,,0,0,2009,10,15,False,False,
2009-10-16,,,,,0,0,2009,10,16,False,False,
2009-10-17,,,,,0,0,2009,10,17,False,False,
2009-10-18,,,,,0,0,2009,10,18,False,False,
2009-10-19,,,,,0,0,2009,10,19,False,False,
2009-10-20,,,,,0,0,2009,10,20,False,False,
2009-10-21,,,,,0,0,2009,10,21,False,False,
2009-10-22,,,,,0,0,2009,10,22,False,False,
2009-10-23,,,,,0,0,2009,10,23,False,False,
2009-10-24,,,,,0,0,2009,10,24,False,False,
2009-10-25,,,,,0,0,2009,10,25,False,False,
2009-10-26,,,,,0,0,2009,10,26,False,False,
2009-10-27,,,,,0,0,2009,10,27,False,False,
2009-10-28,,,,,0,0,2009,10,28,False,False,
2009-10-29,,,,,0,0,2009,10,29,False,False,
2009-10-30,,,,,0,0,2009,10,30,False,False,
2009-10-31,,,,,0,0,2009,10,31,False,False,
2009-11-01,,,,,0,0,2009,11,1,False,False,
2009-11-02,,,,,0,0,2009,11,2,False,False,
2009-11-03,,,,,0,0,2009,11,3,False,False,
2009-11-04,,,,,0,0,2009,11,4,False,False,
2009-11-05,,,,,0,0,2009,11,5,False,False,
2009-11-06,,,,,0,0,2009,11,6,False,False,
2009-11-07,,,,,0,0,2009,11,7,False,False,
2009-11-08,,,,,0,0,2009,11,8,False,False,
2009-11-09,,,,,0,0,2009,11,9,False,False,
2009-11-10,,,,,0,0,2009,11,10,False,False,
2009-11-11,,,,,0,0,2009,11,11,False,False,
2009-11-12,,,,,0,0,2009,11,12,False,False,
2009-11-13,,,,,0,0,2009,11,13,False,False,
2009-11-14,,,,,0,0,2009,11,14,False,False,
2009-11-15,,,,,0,0,2009,11,15,False,False,
2009-11-16,,,,,0,0,2009,11,16,False,False,
2009-11-17,,,,,0,0,2009,11,17,False,False,
2009-11-18,,,,,0,0,2009,11,18,False,False,
2009-11-19,,,,,0,0,2009,11,19,False,False,
2009-11-20,,,,,0,0,2009,11,20,False,False,
2009-11-21,,,,,0,0,2009,11,21,False,False,
2009-11-22,,,,,0,0,2009,11,22,False,False,
2009-11-23,,,,,0,0,2009,11,23,False,False,
2009-11-24,,,,,0,0,2009,11,24,False,False,
2009-11-25,,,,,0,0,2009,11,25,False,False,
2009-11-26,,,,,0,0,2009,11,26,False,False,
2009-11-27,,,,,0,0,2009,11,27,False,False,
2009-11-28,,,,,0,0,2009,11,28,False,False,
2009-11-29,,,,,0,0,2009,11,29,False,False,
2009-11-30,,,,,0,0,2009,11,30,False,False,
2009-12-01,,,,,0,0,2009,12,1,False,False,
2009-12-02,,,,,0,0,2009,12,2,False,False,
2009-12-03,,,,,0,0,2009,12,3,False,False,
2009-12-04,,,,,0,0,2009,12,4,False,False,
2009-12-05,,,,,0,0,2009,12,5,False,False,
2009-12-06,,,,,0,0,2009,12,6,False,False,
2009-12-07,,,,,0,0,2009,12,7,False,False,
2009-12-08,,,,,0,0,2009,12,8,False,False,
2009-12-09,,,,,0,0,2009,12,9,False,False,
2009-12-10,,,,,0,0,2009,12,10,False,False,
2009-12-11,,,,,0,0,2009,12,11,False,False,
2009-12-12,,,,,0,0,2009,12,12,False,False,
2009-12-13,,,,,0,0,2009,12,13,False,False,
2009-12-14,,,,,0,0,2009,12,14,False,False,
2009-12-15,,,,,0,0,2009,12,15,False,False,
2009-12-16,,,,,0,0,2009,12,16,False,False,
2009-12-17,,,,,0,0,2009,12,17,False,False,
2009-12-18,,,,,0,0,2009,12,18,False,False,
2009-12-19,,,,,0,0,2009,12,19,False,False,
2009-12-20,,,,,0,0,2009,12,20,False,False,
2009-12-21,,,,,0,0,2009,12,21,False,False,
2009-12-22,,,,,0,0,2009,12,22,False,False,
2009-12-23,,,,,0,0,2009,12,23,False,False,
2009-12-24,,,,,0,0,2009,12,24,False,False,
2009-12-25,,,,,0,0,2009,12,25,False,False,
2009-12-26,,,,,0,0,2009,12,26,False,False,
2009-12-27,,,,,0,0,2009,12,27,False,False,
2009-12-28,,,,,0,0,2009,12,28,False,False,
2009-12-29,,,,,0,0,2009,12,29,False,False,
2009-12-30,,,,,0,0,2009,12,30,False,False,
2009-12-31,,,,,0,0,2009,12,31,False,False,
2010-01-01,,,,,0,0,2010,1,1,False,False,
2010-01-02,,,,,0,0,2010,1,2,False,False,
2010-01-03,,,,,0,0,2010,1,3,False,False,
2010-01-04,,,,,0,0,2010,1,4,False,False,
2010-01-05,,,,,0,0,2010,1,5,False,False,
2010-01-06,,,,,0,0,2010,1,6,False,False,
2010-01-07,,,,,0,0,2010,1,7,False,False,
2010-01-08,,,,,0,0,2010,1,8,False,False,
2010-01-09,,,,,0,0,2010,1,9,False,False,
2010-01-10,,,,,0,0,2010,1,10,False,False,
2010-01-11,,,,,0,0,2010,1,11,False,False,
2010-01-12,,,,,0,0,2010,1,12,False,False,
2010-01-13,,,,,0,0,2010,1,13,False,False,
2010-01-14,,,,,0,0,2010,1,14,False,False,
2010-01-15,,,,,0,0,2010,1,15,False,False,
2010-01-16,,,,,0,0,2010,1,16,False,False,
2010-01-17,,,,,0,0,2010,1,17,False,False,
2010-01-18,,,,,0,0,2010,1,18,False,False,
2010-01-19,,,,,0,0,2010,1,19,False,False,
2010-01-20,,,,,0,0,2010,1,20,False,False,
2010-01-21,,,,,0,0,2010,1,21,False,False,
2010-01-22,,,,,0,0,2010,1,22,False,False,
2010-01-23,,,,,0,0,2010,1,23,False,False,
2010-01-24,,,,,0,0,2010,1,24,False,False,
2010-01-25,,,,,0,0,2010,1,25,False,False,
2010-01-26,,,,,0,0,2010,1,26,False,False,
2010-01-27,,,,,0,0,2010,1,27,False,False,
2010-01-28,,,,,0,0,2010,1,28,False,False,
2010-01-29,,,,,0,0,2010,1,29,False,False,
2010-01-30,,,,,0,0,2010,1,30,False,False,
2010-01-31,,,,,0,0,2010,1,31,False,False,
2010-02-01,,,,,5,3,2010,2,1,False,False,
2010-02-02,26.09583333333333,33.6,20.7,0.0,24,24,2010,2,2,True,True,0.0
2010-02-03,27.1375,34.3,21.9,0.0,24,24,2010,2,3,True,True,0.0
2010-02-04,25.816666666666666,33.0,21.7,0.2,24,24,2010,2,4,True,True,0.0
2010-02-05,25.599999999999998,32.2,20.7,2.4000000000000004,24,24,2010,2,5,True,True,1.0
2010-02-06,26.4875,33.3,21.7,0.0,24,24,2010,2,6,True,True,0.0
2010-02-07,25.329166666666666,32.2,19.2,0.0,24,24,2010,2,7,True,True,0.0
2010-02-08,25.166666666666668,32.1,19.5,0.0,24,24,2010,2,8,True,True,0.0
2010-02-09,24.84166666666667,31.4,20.6,0.0,24,24,2010,2,9,True,True,0.0
2010-02-10,22.454166666666666,28.0,20.4,7.800000000000001,24,24,2010,2,10,True,True,1.0
2010-02-11,23.1375,29.4,19.9,3.6,24,24,2010,2,11,True,True,1.0
2010-02-12,24.120833333333334,31.8,20.3,7.6,24,24,2010,2,12,True,True,1.0
2010-02-13,24.625,31.9,20.4,0.0,24,24,2010,2,13,True,True,0.0
2010-02-14,24.916666666666668,31.8,20.4,0.0,24,24,2010,2,14,True,True,0.0
2010-02-15,25.5625,32.9,20.1,0.0,24,24,2010,2,15,True,True,0.0
2010-02-16,23.866666666666664,29.1,19.9,1.2,24,24,2010,2,16,True,True,1.0
2010-02-17,23.816666666666666,31.5,19.5,0.8,24,24,2010,2,17,True,True,0.0
2010-02-18,21.429166666666664,24.6,19.9,11.999999999999998,24,24,2010,2,18,True,True,1.0
2010-02-19,22.645833333333332,27.0,19.8,0.0,24,24,2010,2,19,True,True,0.0
2010-02-20,23.56,29.8,19.9,0.4,25,25,2010,2,20,True,True,0.0
2010-02-21,23.925,31.6,19.2,0.8,24,24,2010,2,21,True,True,0.0
2010-02-22,26.129166666666666,33.0,19.9,0.0,24,24,2010,2,22,True,True,0.0
2010-02-23,26.166666666666668,34.4,21.4,1.6,24,24,2010,2,23,True,True,1.0
2010-02-24,25.804166666666664,32.5,21.1,0.4,24,24,2010,2,24,True,True,0.0
2010-02-25,23.099999999999998,28.3,19.9,0.0,24,24,2010,2,25,True,True,0.0
2010-02-26,22.083333333333332,27.1,18.3,0.0,24,24,2010,2,26,True,True,0.0
2010-02-27,23.0625,29.9,18.5,0.0,24,24,2010,2,27,True,True,0.0
2010-02-28,21.104166666666668,26.4,19.1,1.2,24,24,2010,2,28,True,True,1.0
2010-03-01,19.783333333333335,21.7,18.5,3.0,24,24,2010,3,1,True,True,1.0
2010-03-02,19.520833333333332,22.9,17.6,0.8,24,24,2010,3,2,True,True,0.0
2010-03-03,21.075,25.2,17.5,0.0,24,24,2010,3,3,True,True,0.0
2010-03-04,,,,,19,19,2010,3,4,False,False,
2010-03-05,24.537499999999998,32.1,19.0,0.0,24,24,2010,3,5,True,True,0.0
2010-03-06,23.008333333333336,31.1,18.4,0.0,24,24,2010,3,6,True,True,0.0
2010-03-07,21.787499999999998,30.3,16.0,0.0,24,24,2010,3,7,True,True,0.0
2010-03-08,24.525000000000002,31.5,19.1,0.0,24,24,2010,3,8,True,True,0.0
2010-03-09,24.816666666666666,32.8,17.7,0.0,24,24,2010,3,9,True,True,0.0
2010-03-10,26.21666666666667,33.6,19.8,0.0,24,24,2010,3,10,True,True,0.0
2010-03-11,26.383333333333336,33.9,18.7,0.0,24,24,2010,3,11,True,True,0.0
2010-03-12,26.474999999999998,34.4,19.5,0.0,24,24,2010,3,12,True,True,0.0
2010-03-13,25.866666666666664,33.7,20.0,0.0,24,24,2010,3,13,True,True,0.0
2010-03-14,23.854166666666668,31.7,19.1,12.0,24,24,2010,3,14,True,True,1.0
2010-03-15,22.34166666666667,27.5,19.3,17.799999999999997,24,24,2010,3,15,True,True,1.0
2010-03-16,23.729166666666668,29.0,20.3,2.4,24,24,2010,3,16,True,True,1.0
2010-03-17,23.041666666666668,29.3,18.6,0.0,24,24,2010,3,17,True,True,0.0
2010-03-18,23.40833333333333,31.2,17.7,0.0,24,24,2010,3,18,True,True,0.0
2010-03-19,24.150000000000002,31.6,19.3,0.2,24,24,2010,3,19,True,True,0.0
2010-03-20,25.2375,32.5,20.5,0.0,24,24,2010,3,20,True,True,0.0
2010-03-21,24.3875,31.1,20.1,2.6,24,24,2010,3,21,True,True,1.0
2010-03-22,23.204166666666666,31.2,20.2,0.8,24,24,2010,3,22,True,True,0.0
2010-03-23,23.895833333333332,30.8,19.5,2.0,24,24,2010,3,23,True,True,1.0
2010-03-24,25.016666666666666,31.7,20.6,0.0,24,24,2010,3,24,True,True,0.0
2010-03-25,25.183333333333334,31.6,21.4,0.0,24,24,2010,3,25,True,True,0.0
2010-03-26,22.995833333333334,27.7,19.8,2.6000000000000005,24,24,2010,3,26,True,True,1.0
2010-03-27,22.150000000000002,28.1,19.4,1.7999999999999998,24,24,2010,3,27,True,True,1.0
2010-03-28,22.166666666666668,29.5,19.8,6.4,24,24,2010,3,28,True,True,1.0
2010-03-29,23.45,30.3,19.4,0.4,24,24,2010,3,29,True,True,0.0
2010-03-30,23.116666666666664,29.1,19.6,1.6,24,24,2010,3,30,True,True,1.0
2010-03-31,23.308333333333334,29.2,19.0,0.0,24,24,2010,3,31,True,True,0.0
2010-04-01,22.8125,28.4,19.0,0.0,24,24,2010,4,1,True,True,0.0
2010-04-02,21.320833333333333,24.2,19.5,7.4,24,24,2010,4,2,True,True,1.0
2010-04-03,20.995833333333334,24.3,20.1,57.8,24,24,2010,4,3,True,True,1.0
2010-04-04,22.633333333333336,28.3,19.9,0.2,24,24,2010,4,4,True,True,0.0
2010-04-05,21.1875,25.4,17.2,0.2,24,24,2010,4,5,True,True,0.0
2010-04-06,16.400000000000002,20.9,12.4,4.8,24,24,2010,4,6,True,True,1.0
2010-04-07,16.863636363636363,23.4,11.3,0.0,22,22,2010,4,7,True,True,0.0
2010-04-08,16.358333333333334,22.6,11.3,0.0,24,24,2010,4,8,True,True,0.0
2010-04-09,17.566666666666666,24.4,12.8,0.0,24,24,2010,4,9,True,True,0.0
2010-04-10,18.083333333333332,25.5,12.5,0.0,24,24,2010,4,10,True,True,0.0
2010-04-11,19.070833333333333,26.0,14.1,0.0,24,24,2010,4,11,True,True,0.0
2010-04-12,19.849999999999998,27.1,15.3,0.0,24,24,2010,4,12,True,True,0.0
2010-04-13,20.145833333333332,27.6,15.0,0.0,24,24,2010,4,13,True,True,0.0
2010-04-14,20.404166666666665,26.9,16.1,0.0,24,24,2010,4,14,True,True,0.0
2010-04-15,21.079166666666666,28.7,17.0,0.0,24,24,2010,4,15,True,True,0.0
2010-04-16,22.116666666666664,29.7,17.2,0.0,24,24,2010,4,16,True,True,0.0
2010-04-17,22.391666666666666,30.2,16.9,0.0,24,24,2010,4,17,True,True,0.0
2010-04-18,22.391666666666666,29.8,17.0,0.0,24,24,2010,4,18,True,True,0.0
2010-04-19,22.77916666666667,31.5,16.8,0.0,24,24,2010,4,19,True,True,0.0
2010-04-20,23.925,31.4,19.1,0.0,24,24,2010,4,20,True,True,0.0
2010-04-21,24.05,32.0,19.1,0.0,24,24,2010,4,21,True,True,0.0
2010-04-22,25.125,31.7,19.9,0.0,24,24,2010,4,22,True,True,0.0
2010-04-23,23.045833333333334,31.1,19.1,10.2,24,24,2010,4,23,True,True,1.0
2010-04-24,21.679166666666664,26.5,18.5,0.2,24,24,2010,4,24,True,True,0.0
2010-04-25,23.825,30.6,19.1,0.0,24,24,2010,4,25,True,True,0.0
2010-04-26,24.837500000000002,30.9,20.4,0.0,24,24,2010,4,26,True,True,0.0
2010-04-27,22.833333333333332,28.7,19.0,0.0,24,24,2010,4,27,True,True,0.0
2010-04-28,21.579166666666666,28.3,16.9,0.0,24,24,2010,4,28,True,True,0.0
2010-04-29,19.995833333333334,26.0,17.4,2.0,24,24,2010,4,29,True,True,1.0
2010-04-30,19.375,25.9,14.0,0.2,24,24,2010,4,30,True,True,0.0
2010-05-01,18.879166666666666,26.4,14.1,0.0,24,24,2010,5,1,True,True,0.0
2010-05-02,18.3,25.9,10.8,0.0,24,24,2010,5,2,True,True,0.0
2010-05-03,20.504166666666666,28.5,14.7,0.0,24,24,2010,5,3,True,True,0.0
2010-05-04,22.116666666666664,28.2,17.7,0.0,24,24,2010,5,4,True,True,0.0
2010-05-05,21.670833333333334,27.6,17.2,0.0,24,24,2010,5,5,True,True,0.0
2010-05-06,22.429166666666664,30.3,17.4,0.0,24,24,2010,5,6,True,True,0.0
2010-05-07,23.275000000000002,30.2,17.7,0.0,24,24,2010,5,7,True,True,0.0
2010-05-08,20.033333333333335,22.4,18.0,15.0,24,24,2010,5,8,True,True,1.0
2010-05-09,17.208333333333332,21.1,13.5,8.399999999999999,24,24,2010,5,9,True,True,1.0
2010-05-10,16.141666666666666,21.9,12.5,0.0,24,24,2010,5,10,True,True,0.0
2010-05-11,15.1625,22.9,9.7,0.0,24,24,2010,5,11,True,True,0.0
2010-05-12,13.191666666666668,19.4,8.9,0.0,24,24,2010,5,12,True,True,0.0
2010-05-13,14.779166666666667,22.5,8.6,0.0,24,24,2010,5,13,True,True,0.0
2010-05-14,16.054166666666667,22.1,11.7,0.0,24,24,2010,5,14,True,True,0.0
2010-05-15,17.95,26.2,13.3,0.0,24,24,2010,5,15,True,True,0.0
2010-05-16,19.279166666666665,27.5,13.3,0.0,24,24,2010,5,16,True,True,0.0
2010-05-17,18.745833333333334,22.1,16.0,0.0,24,24,2010,5,17,True,True,0.0
2010-05-18,18.075,23.1,16.0,4.0,24,24,2010,5,18,True,True,1.0
2010-05-19,15.645833333333334,20.6,11.4,1.4,24,24,2010,5,19,True,True,1.0
2010-05-20,13.645833333333334,20.0,8.8,0.0,24,24,2010,5,20,True,True,0.0
2010-05-21,14.983333333333334,21.1,9.4,0.0,24,24,2010,5,21,True,True,0.0
2010-05-22,17.4875,24.4,12.0,0.2,24,24,2010,5,22,True,True,0.0
2010-05-23,18.516666666666666,25.3,13.2,0.0,24,24,2010,5,23,True,True,0.0
2010-05-24,18.375,23.7,15.1,0.0,24,24,2010,5,24,True,True,0.0
2010-05-25,20.833333333333332,27.4,17.2,0.2,24,24,2010,5,25,True,True,0.0
2010-05-26,19.7,26.4,15.0,0.0,24,24,2010,5,26,True,True,0.0
2010-05-27,17.795833333333334,23.8,13.7,0.0,24,24,2010,5,27,True,True,0.0
2010-05-28,17.316666666666666,24.0,11.4,0.0,24,24,2010,5,28,True,True,0.0
2010-05-29,18.8,26.1,13.6,0.0,24,24,2010,5,29,True,True,0.0
2010-05-30,21.166666666666668,27.9,16.4,0.8,24,24,2010,5,30,True,True,0.0
2010-05-31,16.349999999999998,21.3,12.2,0.6000000000000001,24,24,2010,5,31,True,True,0.0
2010-06-01,15.129166666666665,21.5,10.5,0.0,24,24,2010,6,1,True,True,0.0
2010-06-02,14.779166666666667,20.8,11.1,0.0,24,24,2010,6,2,True,True,0.0
2010-06-03,17.412499999999998,23.7,12.6,0.0,24,24,2010,6,3,True,True,0.0
2010-06-04,18.75,24.8,13.3,15.2,24,24,2010,6,4,True,True,1.0
2010-06-05,17.220833333333335,21.7,10.5,9.599999999999998,24,24,2010,6,5,True,True,1.0
2010-06-06,12.704166666666666,20.3,7.7,0.0,24,24,2010,6,6,True,True,0.0
2010-06-07,13.795833333333334,22.3,7.7,0.0,24,24,2010,6,7,True,True,0.0
2010-06-08,15.566666666666668,24.7,9.7,0.0,24,24,2010,6,8,True,True,0.0
2010-06-09,15.35,21.7,11.2,0.0,24,24,2010,6,9,True,True,0.0
2010-06-10,15.591666666666667,21.5,12.9,0.8,24,24,2010,6,10,True,True,0.0
2010-06-11,15.129166666666668,21.6,11.2,0.0,24,24,2010,6,11,True,True,0.0
2010-06-12,14.441666666666668,20.8,10.3,0.0,24,24,2010,6,12,True,True,0.0
2010-06-13,14.387500000000001,21.6,8.7,0.0,24,24,2010,6,13,True,True,0.0
2010-06-14,15.35,22.8,9.9,0.0,24,24,2010,6,14,True,True,0.0
2010-06-15,16.979166666666668,24.8,11.3,0.0,24,24,2010,6,15,True,True,0.0
2010-06-16,18.466666666666665,25.5,13.8,0.0,24,24,2010,6,16,True,True,0.0
2010-06-17,19.224999999999998,28.5,12.6,0.0,24,24,2010,6,17,True,True,0.0
2010-06-18,19.849999999999998,28.2,14.1,0.0,24,24,2010,6,18,True,True,0.0
2010-06-19,20.675,28.3,13.7,0.0,24,24,2010,6,19,True,True,0.0
2010-06-20,21.133333333333333,28.8,15.1,0.0,24,24,2010,6,20,True,True,0.0
2010-06-21,22.287499999999998,29.4,16.5,0.0,24,24,2010,6,21,True,True,0.0
2010-06-22,19.9375,25.6,15.5,0.0,24,24,2010,6,22,True,True,0.0
2010-06-23,17.583333333333332,23.1,12.9,0.0,24,24,2010,6,23,True,True,0.0
2010-06-24,19.95,28.4,13.9,0.0,24,24,2010,6,24,True,True,0.0
2010-06-25,20.895833333333332,28.6,17.2,0.0,24,24,2010,6,25,True,True,0.0
2010-06-26,19.787499999999998,27.1,15.0,0.0,24,24,2010,6,26,True,True,0.0
2010-06-27,17.633333333333333,25.5,12.8,0.0,24,24,2010,6,27,True,True,0.0
2010-06-28,18.495833333333334,26.4,12.9,0.0,24,24,2010,6,28,True,True,0.0
2010-06-29,17.183333333333334,24.4,11.6,0.0,24,24,2010,6,29,True,True,0.0
2010-06-30,17.820833333333333,25.7,12.8,0.0,24,24,2010,6,30,True,True,0.0
2010-07-01,18.0125,25.4,13.0,0.0,24,24,2010,7,1,True,True,0.0
2010-07-02,17.304166666666667,25.3,12.5,0.0,24,24,2010,7,2,True,True,0.0
2010-07-03,17.716666666666665,27.1,12.3,0.0,24,24,2010,7,3,True,True,0.0
2010-07-04,17.316666666666666,25.8,11.1,0.0,24,24,2010,7,4,True,True,0.0
2010-07-05,17.441666666666666,26.1,11.4,0.0,24,24,2010,7,5,True,True,0.0
2010-07-06,18.766666666666666,27.1,13.1,0.0,24,24,2010,7,6,True,True,0.0
2010-07-07,19.912499999999998,27.2,15.8,0.0,24,24,2010,7,7,True,True,0.0
2010-07-08,19.454166666666666,26.6,14.8,0.0,24,24,2010,7,8,True,True,0.0
2010-07-09,19.400000000000002,27.5,14.2,0.0,24,24,2010,7,9,True,True,0.0
2010-07-10,18.400000000000002,23.8,13.6,0.0,24,24,2010,7,10,True,True,0.0
2010-07-11,20.304166666666667,27.7,15.4,0.0,24,24,2010,7,11,True,True,0.0
2010-07-12,22.483333333333334,30.1,16.3,0.0,24,24,2010,7,12,True,True,0.0
2010-07-13,16.808333333333334,23.5,13.8,37.8,24,24,2010,7,13,True,True,1.0
2010-07-14,14.220833333333333,15.7,13.1,34.4,24,24,2010,7,14,True,True,1.0
2010-07-15,14.433333333333332,18.5,11.7,1.2,24,24,2010,7,15,True,True,1.0
2010-07-16,,,,,10,10,2010,7,16,False,False,
2010-07-17,,,,,16,16,2010,7,17,False,False,
2010-07-18,18.9875,24.8,15.4,0.0,24,24,2010,7,18,True,True,0.0
2010-07-19,20.125,28.0,15.3,0.0,24,24,2010,7,19,True,True,0.0
2010-07-20,20.462500000000002,27.7,13.9,0.0,24,24,2010,7,20,True,True,0.0
2010-07-21,21.575,28.5,16.7,0.0,24,24,2010,7,21,True,True,0.0
2010-07-22,22.25,29.2,16.3,0.0,24,24,2010,7,22,True,True,0.0
2010-07-23,22.6125,29.5,15.6,0.0,24,24,2010,7,23,True,True,0.0
2010-07-24,20.275000000000002,26.4,16.1,0.0,24,24,2010,7,24,True,True,0.0
2010-07-25,18.804166666666667,25.6,14.0,0.0,24,24,2010,7,25,True,True,0.0
2010-07-26,19.566666666666666,27.6,14.2,0.0,24,24,2010,7,26,True,True,0.0
2010-07-27,18.458333333333332,24.6,13.9,0.0,24,24,2010,7,27,True,True,0.0
2010-07-28,18.716666666666665,25.5,14.7,0.0,24,24,2010,7,28,True,True,0.0
2010-07-29,20.845833333333335,27.6,16.3,0.0,24,24,2010,7,29,True,True,0.0
2010-07-30,21.454166666666666,27.5,17.5,0.0,24,24,2010,7,30,True,True,0.0
2010-07-31,21.829166666666666,29.2,15.8,0.0,24,24,2010,7,31,True,True,0.0
2010-08-01,22.02173913043478,30.5,13.9,0.0,23,23,2010,8,1,True,True,0.0
2010-08-02,18.679166666666667,24.1,15.5,0.0,24,24,2010,8,2,True,True,0.0
2010-08-03,,,,,17,17,2010,8,3,False,False,
2010-08-04,14.665217391304349,21.7,10.9,0.0,23,23,2010,8,4,True,True,0.0
2010-08-05,15.700000000000001,24.7,9.2,0.0,24,24,2010,8,5,True,True,0.0
2010-08-06,14.016666666666667,21.8,9.1,0.0,24,24,2010,8,6,True,True,0.0
2010-08-07,15.116666666666667,24.8,8.8,0.0,24,24,2010,8,7,True,True,0.0
2010-08-08,19.266666666666666,29.1,11.5,0.0,24,24,2010,8,8,True,True,0.0
2010-08-09,21.375,30.5,14.8,0.0,24,24,2010,8,9,True,True,0.0
2010-08-10,18.125,27.5,12.0,0.0,24,24,2010,8,10,True,True,0.0
2010-08-11,18.0875,25.7,12.8,0.0,24,24,2010,8,11,True,True,0.0
2010-08-12,20.629166666666666,29.2,13.3,0.0,24,24,2010,8,12,True,True,0.0
2010-08-13,20.4875,27.1,14.8,0.0,24,24,2010,8,13,True,True,0.0
2010-08-14,16.041666666666668,24.1,8.5,0.0,24,24,2010,8,14,True,True,0.0
2010-08-15,13.766666666666667,21.3,8.5,0.0,24,24,2010,8,15,True,True,0.0
2010-08-16,13.158333333333333,20.7,5.9,0.0,24,24,2010,8,16,True,True,0.0
2010-08-17,14.820833333333333,22.1,9.2,0.0,24,24,2010,8,17,True,True,0.0
2010-08-18,15.700000000000001,24.0,9.7,0.0,24,24,2010,8,18,True,True,0.0
2010-08-19,17.266666666666666,27.1,10.4,0.0,24,24,2010,8,19,True,True,0.0
2010-08-20,19.55,27.9,13.4,0.0,24,24,2010,8,20,True,True,0.0
2010-08-21,19.525000000000002,28.8,12.1,0.0,24,24,2010,8,21,True,True,0.0
2010-08-22,21.020833333333332,30.7,14.0,0.0,24,24,2010,8,22,True,True,0.0
2010-08-23,22.40833333333333,31.4,16.0,0.0,24,24,2010,8,23,True,True,0.0
2010-08-24,23.212500000000002,32.7,16.5,0.0,24,24,2010,8,24,True,True,0.0
2010-08-25,23.287499999999998,32.8,16.8,0.0,24,24,2010,8,25,True,True,0.0
2010-08-26,24.145833333333332,32.4,18.5,0.0,24,24,2010,8,26,True,True,0.0
2010-08-27,24.179166666666664,32.6,15.7,0.0,24,24,2010,8,27,True,True,0.0
2010-08-28,23.8875,33.2,16.5,0.0,24,24,2010,8,28,True,True,0.0
2010-08-29,23.866666666666664,34.1,15.8,0.0,24,24,2010,8,29,True,True,0.0
2010-08-30,23.383333333333336,31.7,17.9,0.0,24,24,2010,8,30,True,True,0.0
2010-08-31,22.09166666666667,31.5,14.5,0.0,24,24,2010,8,31,True,True,0.0
2010-09-01,22.945833333333336,30.8,17.0,0.0,24,24,2010,9,1,True,True,0.0
2010-09-02,23.479166666666668,31.8,15.0,0.0,24,24,2010,9,2,True,True,0.0
2010-09-03,24.275000000000002,33.5,17.8,0.0,24,24,2010,9,3,True,True,0.0
2010-09-04,25.71666666666667,33.8,17.0,0.0,24,24,2010,9,4,True,True,0.0
2010-09-05,21.8,30.6,14.7,0.0,24,24,2010,9,5,True,True,0.0
2010-09-06,18.541666666666668,26.1,13.2,0.0,24,24,2010,9,6,True,True,0.0
2010-09-07,16.629166666666666,21.9,14.7,15.6,24,24,2010,9,7,True,True,1.0
2010-09-08,18.25,24.9,13.0,0.2,24,24,2010,9,8,True,True,0.0
2010-09-09,18.804166666666667,27.0,12.8,0.0,24,24,2010,9,9,True,True,0.0
2010-09-10,20.425,29.1,13.8,0.0,24,24,2010,9,10,True,True,0.0
2010-09-11,21.508333333333336,30.9,13.9,0.0,24,24,2010,9,11,True,True,0.0
2010-09-12,23.454166666666666,32.1,17.6,0.0,24,24,2010,9,12,True,True,0.0
2010-09-13,24.6125,32.8,17.4,0.0,24,24,2010,9,13,True,True,0.0
2010-09-14,23.616666666666664,31.3,17.4,0.0,24,24,2010,9,14,True,True,0.0
2010-09-15,22.125,29.9,17.6,0.0,24,24,2010,9,15,True,True,0.0
2010-09-16,22.008333333333336,31.8,15.1,0.0,24,24,2010,9,16,True,True,0.0
2010-09-17,23.6375,33.4,16.0,0.0,24,24,2010,9,17,True,True,0.0
2010-09-18,19.629166666666666,27.1,14.1,0.0,24,24,2010,9,18,True,True,0.0
2010-09-19,18.599999999999998,27.1,13.3,0.0,24,24,2010,9,19,True,True,0.0
2010-09-20,21.2625,30.9,14.1,0.0,24,24,2010,9,20,True,True,0.0
2010-09-21,23.320833333333336,32.1,17.0,0.0,24,24,2010,9,21,True,True,0.0
2010-09-22,26.34166666666667,34.9,19.5,0.0,24,24,2010,9,22,True,True,0.0
2010-09-23,27.670833333333334,35.9,19.5,0.0,24,24,2010,9,23,True,True,0.0
2010-09-24,19.908333333333335,24.7,17.8,2.0,24,24,2010,9,24,True,True,1.0
2010-09-25,21.7625,30.6,15.8,0.0,24,24,2010,9,25,True,True,0.0
2010-09-26,16.758333333333333,18.2,15.3,33.599999999999994,24,24,2010,9,26,True,True,1.0
2010-09-27,18.791666666666668,22.1,16.5,8.4,24,24,2010,9,27,True,True,1.0
2010-09-28,17.912499999999998,19.2,16.7,15.2,24,24,2010,9,28,True,True,1.0
2010-09-29,,,,,11,11,2010,9,29,False,False,
2010-09-30,,,,,9,9,2010,9,30,False,False,
2010-10-01,,,,,1,1,2010,10,1,False,False,
2010-10-02,,,,,0,0,2010,10,2,False,False,
2010-10-03,,,,,0,0,2010,10,3,False,False,
2010-10-04,,,,,0,0,2010,10,4,False,False,
2010-10-05,,,,,0,0,2010,10,5,False,False,
2010-10-06,,,,,0,0,2010,10,6,False,False,
2010-10-07,,,,,0,0,2010,10,7,False,False,
2010-10-08,,,,,0,0,2010,10,8,False,False,
2010-10-09,,,,,0,0,2010,10,9,False,False,
2010-10-10,,,,,0,0,2010,10,10,False,False,
2010-10-11,,,,,0,0,2010,10,11,False,False,
2010-10-12,,,,,7,7,2010,10,12,False,False,
2010-10-13,19.125,27.7,11.5,0.0,24,24,2010,10,13,True,True,0.0
2010-10-14,22.879166666666666,32.8,14.5,0.0,24,24,2010,10,14,True,True,0.0
2010-10-15,22.462500000000002,29.5,17.5,12.2,24,24,2010,10,15,True,True,1.0
2010-10-16,21.558333333333334,28.3,17.9,12.2,24,24,2010,10,16,True,True,1.0
2010-10-17,24.08695652173913,31.5,17.4,0.0,23,23,2010,10,17,True,True,0.0
2010-10-18,21.383333333333336,27.0,17.6,5.2,24,24,2010,10,18,True,True,1.0
2010-10-19,20.083333333333332,28.6,14.0,0.0,24,24,2010,10,19,True,True,0.0
2010-10-20,19.525000000000002,29.1,11.8,0.0,24,24,2010,10,20,True,True,0.0
2010-10-21,21.766666666666666,32.7,13.4,0.0,24,24,2010,10,21,True,True,0.0
2010-10-22,23.875,33.3,15.5,0.0,24,24,2010,10,22,True,True,0.0
2010-10-23,21.75,25.5,19.6,0.8,24,24,2010,10,23,True,True,0.0
2010-10-24,23.320833333333336,31.2,18.6,0.2,24,24,2010,10,24,True,True,0.0
2010-10-25,23.212500000000002,32.4,16.4,9.6,24,24,2010,10,25,True,True,1.0
2010-10-26,21.283333333333335,29.6,16.0,0.0,24,24,2010,10,26,True,True,0.0
2010-10-27,20.470833333333335,28.9,13.5,0.0,24,24,2010,10,27,True,True,0.0
2010-10-28,22.120833333333334,31.5,14.1,0.0,24,24,2010,10,28,True,True,0.0
2010-10-29,25.65416666666667,35.1,17.0,0.0,24,24,2010,10,29,True,True,0.0
2010-10-30,20.6125,25.2,17.8,18.4,24,24,2010,10,30,True,True,1.0
2010-10-31,21.25,26.5,17.3,0.0,24,24,2010,10,31,True,True,0.0
2010-11-01,23.037499999999998,28.9,19.3,0.0,24,24,2010,11,1,True,True,0.0
2010-11-02,22.34583333333333,29.4,17.5,0.0,24,24,2010,11,2,True,True,0.0
2010-11-03,22.870833333333334,30.7,15.8,0.0,24,24,2010,11,3,True,True,0.0
2010-11-04,24.683333333333334,33.1,17.7,0.0,24,24,2010,11,4,True,True,0.0
2010-11-05,23.204166666666666,32.3,18.4,14.600000000000001,24,24,2010,11,5,True,True,1.0
2010-11-06,21.116666666666667,27.5,17.5,4.800000000000001,24,24,2010,11,6,True,True,1.0
2010-11-07,21.537499999999998,29.5,14.9,0.0,24,24,2010,11,7,True,True,0.0
2010-11-08,24.40416666666667,33.0,17.0,0.0,24,24,2010,11,8,True,True,0.0
2010-11-09,24.537499999999998,31.7,19.6,0.2,24,24,2010,11,9,True,True,0.0
2010-11-10,22.583333333333332,27.9,18.3,7.000000000000001,24,24,2010,11,10,True,True,1.0
2010-11-11,20.516666666666666,26.8,15.9,0.0,24,24,2010,11,11,True,True,0.0
2010-11-12,20.025000000000002,27.3,15.2,0.0,24,24,2010,11,12,True,True,0.0
2010-11-13,19.979166666666668,26.7,15.2,0.0,24,24,2010,11,13,True,True,0.0
2010-11-14,21.195833333333333,29.0,15.4,0.0,24,24,2010,11,14,True,True,0.0
2010-11-15,22.516666666666666,30.4,15.5,0.0,24,24,2010,11,15,True,True,0.0
2010-11-16,20.162499999999998,26.1,16.4,0.6000000000000001,24,24,2010,11,16,True,True,0.0
2010-11-17,22.383333333333336,29.9,16.7,0.0,24,24,2010,11,17,True,True,0.0
2010-11-18,22.508333333333336,30.5,14.4,0.2,24,24,2010,11,18,True,True,0.0
2010-11-19,23.712500000000002,32.9,14.3,0.0,24,24,2010,11,19,True,True,0.0
2010-11-20,22.045833333333334,26.3,19.1,0.8,24,24,2010,11,20,True,True,0.0
2010-11-21,25.175,33.6,18.4,0.0,24,24,2010,11,21,True,True,0.0
2010-11-22,22.241666666666664,26.6,19.8,21.599999999999998,24,24,2010,11,22,True,True,1.0
2010-11-23,23.412499999999998,30.3,19.2,0.0,24,24,2010,11,23,True,True,0.0
2010-11-24,24.145833333333332,31.9,18.3,0.0,24,24,2010,11,24,True,True,0.0
2010-11-25,24.104166666666668,32.5,18.5,5.8,24,24,2010,11,25,True,True,1.0
2010-11-26,24.129166666666666,32.1,18.0,0.0,24,24,2010,11,26,True,True,0.0
2010-11-27,25.066666666666666,33.6,17.8,0.0,24,24,2010,11,27,True,True,0.0
2010-11-28,26.520833333333332,35.0,19.7,0.0,24,24,2010,11,28,True,True,0.0
2010-11-29,24.558333333333334,29.8,20.1,0.0,24,24,2010,11,29,True,True,0.0
2010-11-30,24.083333333333332,30.8,19.8,25.799999999999997,24,24,2010,11,30,True,True,1.0
2010-12-01,24.754166666666666,31.8,19.4,8.0,24,24,2010,12,1,True,True,1.0
2010-12-02,23.666666666666668,30.5,19.3,6.4,24,24,2010,12,2,True,True,1.0
2010-12-03,23.537499999999998,30.8,20.7,12.0,24,24,2010,12,3,True,True,1.0
2010-12-04,25.34583333333333,32.9,21.1,0.0,24,24,2010,12,4,True,True,0.0
2010-12-05,24.883333333333336,34.1,20.8,19.4,24,24,2010,12,5,True,True,1.0
2010-12-06,24.099999999999998,31.3,19.3,0.0,24,24,2010,12,6,True,True,0.0
2010-12-07,24.354166666666668,32.0,17.7,0.0,24,24,2010,12,7,True,True,0.0
2010-12-08,25.28333333333333,32.0,20.1,0.0,24,24,2010,12,8,True,True,0.0
2010-12-09,25.09583333333333,31.9,18.9,0.0,24,24,2010,12,9,True,True,0.0
2010-12-10,25.224999999999998,33.0,18.2,0.0,24,24,2010,12,10,True,True,0.0
2010-12-11,26.416666666666668,34.4,19.6,8.8,24,24,2010,12,11,True,True,1.0
2010-12-12,24.866666666666664,33.3,21.0,23.0,24,24,2010,12,12,True,True,1.0
2010-12-13,22.641666666666666,27.6,20.6,22.8,24,24,2010,12,13,True,True,1.0
2010-12-14,18.958333333333332,21.9,16.8,11.600000000000001,24,24,2010,12,14,True,True,1.0
2010-12-15,19.325,22.4,16.6,0.0,24,24,2010,12,15,True,True,0.0
2010-12-16,20.650000000000002,24.8,18.7,17.200000000000003,24,24,2010,12,16,True,True,1.0
2010-12-17,21.90833333333333,26.3,19.8,6.4,24,24,2010,12,17,True,True,1.0
2010-12-18,21.974999999999998,26.6,19.6,5.6000000000000005,24,24,2010,12,18,True,True,1.0
2010-12-19,23.5625,30.6,19.2,0.0,24,24,2010,12,19,True,True,0.0
2010-12-20,25.666666666666668,32.6,20.7,0.0,24,24,2010,12,20,True,True,0.0
2010-12-21,26.287499999999998,32.9,21.1,0.0,24,24,2010,12,21,True,True,0.0
2010-12-22,23.116666666666664,30.8,18.7,23.2,24,24,2010,12,22,True,True,1.0
2010-12-23,22.650000000000002,29.1,19.0,11.0,24,24,2010,12,23,True,True,1.0
2010-12-24,23.150000000000002,28.7,20.2,1.4000000000000001,24,24,2010,12,24,True,True,1.0
2010-12-25,23.370833333333334,29.0,20.5,2.0,24,24,2010,12,25,True,True,1.0
2010-12-26,22.891666666666666,27.9,20.7,18.4,24,24,2010,12,26,True,True,1.0
2010-12-27,23.895833333333332,30.5,20.6,6.4,24,24,2010,12,27,True,True,1.0
2010-12-28,23.462500000000002,30.7,18.7,0.0,24,24,2010,12,28,True,True,0.0
2010-12-29,23.333333333333332,30.5,17.8,0.0,24,24,2010,12,29,True,True,0.0
2010-12-30,22.925,30.0,16.2,0.0,24,24,2010,12,30,True,True,0.0
2010-12-31,23.287499999999998,30.7,16.6,0.0,24,24,2010,12,31,True,True,0.0
2011-01-01,23.883333333333336,28.8,18.1,0.0,24,24,2011,1,1,True,True,0.0
2011-01-02,22.554166666666664,29.5,19.5,28.400000000000002,24,24,2011,1,2,True,True,1.0
2011-01-03,21.054166666666667,25.2,19.2,30.2,24,24,2011,1,3,True,True,1.0
2011-01-04,23.787499999999998,30.7,21.0,9.8,24,24,2011,1,4,True,True,1.0
2011-01-05,23.97083333333333,29.6,20.5,4.2,24,24,2011,1,5,True,True,1.0
2011-01-06,23.425,31.5,19.5,16.2,24,24,2011,1,6,True,True,1.0
2011-01-07,23.304166666666664,30.6,20.1,29.0,24,24,2011,1,7,True,True,1.0
2011-01-08,22.754166666666666,28.4,20.0,39.0,24,24,2011,1,8,True,True,1.0
2011-01-09,23.979166666666668,30.1,20.4,0.0,24,24,2011,1,9,True,True,0.0
2011-01-10,24.412499999999998,30.6,20.7,6.800000000000001,24,24,2011,1,10,True,True,1.0
2011-01-11,23.34583333333333,30.5,19.7,36.599999999999994,24,24,2011,1,11,True,True,1.0
2011-01-12,23.0625,28.3,19.5,34.8,24,24,2011,1,12,True,True,1.0
2011-01-13,22.6125,27.6,20.6,21.6,24,24,2011,1,13,True,True,1.0
2011-01-14,24.641666666666666,30.4,20.7,0.6,24,24,2011,1,14,True,True,0.0
2011-01-15,24.775000000000002,32.7,19.6,0.0,24,24,2011,1,15,True,True,0.0
2011-01-16,25.337500000000002,32.4,20.1,0.0,24,24,2011,1,16,True,True,0.0
2011-01-17,22.004166666666666,27.1,18.4,57.4,24,24,2011,1,17,True,True,1.0
2011-01-18,23.554166666666664,29.3,20.2,4.6,24,24,2011,1,18,True,True,1.0
2011-01-19,22.6875,28.7,19.0,21.6,24,24,2011,1,19,True,True,1.0
2011-01-20,23.537499999999998,29.4,20.0,0.8,24,24,2011,1,20,True,True,0.0
2011-01-21,25.370833333333334,32.4,21.0,0.0,24,24,2011,1,21,True,True,0.0
2011-01-22,25.416666666666668,32.2,20.7,0.4,24,24,2011,1,22,True,True,0.0
2011-01-23,25.879166666666666,32.6,21.3,0.0,24,24,2011,1,23,True,True,0.0
2011-01-24,25.2,32.9,20.4,0.0,24,24,2011,1,24,True,True,0.0
2011-01-25,24.854166666666668,33.8,19.5,38.2,24,24,2011,1,25,True,True,1.0
2011-01-26,24.141666666666666,32.3,19.8,6.2,24,24,2011,1,26,True,True,1.0
2011-01-27,25.09583333333333,32.8,19.7,0.2,24,24,2011,1,27,True,True,0.0
2011-01-28,23.34166666666667,31.7,18.6,33.199999999999996,24,24,2011,1,28,True,True,1.0
2011-01-29,25.4375,33.5,19.6,20.0,24,24,2011,1,29,True,True,1.0
2011-01-30,24.566666666666666,32.3,18.7,0.4,24,24,2011,1,30,True,True,0.0
2011-01-31,24.849999999999998,33.2,20.6,3.2,24,24,2011,1,31,True,True,1.0
2011-02-01,22.78333333333333,29.7,19.5,5.4,24,24,2011,2,1,True,True,1.0
2011-02-02,23.712500000000002,29.0,20.9,10.2,24,24,2011,2,2,True,True,1.0
2011-02-03,23.545833333333334,28.9,20.4,0.0,24,24,2011,2,3,True,True,0.0
2011-02-04,23.77916666666667,30.5,19.3,0.0,24,24,2011,2,4,True,True,0.0
2011-02-05,24.129166666666666,31.8,19.9,3.8000000000000003,24,24,2011,2,5,True,True,1.0
2011-02-06,24.15833333333333,33.4,20.3,2.0,24,24,2011,2,6,True,True,1.0
2011-02-07,23.72083333333333,30.0,20.4,0.8,24,24,2011,2,7,True,True,0.0
2011-02-08,24.974999999999998,32.2,20.5,0.0,24,24,2011,2,8,True,True,0.0
2011-02-09,24.587500000000002,31.4,20.2,0.0,24,24,2011,2,9,True,True,0.0
2011-02-10,24.349999999999998,32.8,19.4,0.0,24,24,2011,2,10,True,True,0.0
2011-02-11,24.325,30.7,19.3,0.0,24,24,2011,2,11,True,True,0.0
2011-02-12,25.8875,32.7,20.9,0.8,24,24,2011,2,12,True,True,0.0
2011-02-13,24.458333333333332,31.3,19.4,0.0,24,24,2011,2,13,True,True,0.0
2011-02-14,24.075,29.6,20.1,15.999999999999998,24,24,2011,2,14,True,True,1.0
2011-02-15,22.8625,27.2,20.3,7.3999999999999995,24,24,2011,2,15,True,True,1.0
2011-02-16,24.166666666666668,30.7,19.8,47.800000000000004,24,24,2011,2,16,True,True,1.0
2011-02-17,23.162499999999998,30.6,19.4,27.200000000000003,24,24,2011,2,17,True,True,1.0
2011-02-18,22.545833333333334,29.2,19.2,9.8,24,24,2011,2,18,True,True,1.0
2011-02-19,22.855999999999998,30.6,18.9,0.0,25,25,2011,2,19,True,True,0.0
2011-02-20,25.0625,32.8,19.7,0.0,24,24,2011,2,20,True,True,0.0
2011-02-21,25.5125,32.7,20.5,0.0,24,24,2011,2,21,True,True,0.0
2011-02-22,25.6125,32.2,19.9,0.0,24,24,2011,2,22,True,True,0.0
2011-02-23,24.829166666666666,32.5,20.6,0.2,24,24,2011,2,23,True,True,0.0
2011-02-24,24.6125,32.5,20.3,0.2,24,24,2011,2,24,True,True,0.0
2011-02-25,25.545833333333334,32.2,21.1,0.0,24,24,2011,2,25,True,True,0.0
2011-02-26,24.96666666666667,31.9,21.0,2.8,24,24,2011,2,26,True,True,1.0
2011-02-27,23.6375,30.3,20.0,4.2,24,24,2011,2,27,True,True,1.0
2011-02-28,20.741666666666667,22.5,18.9,22.8,24,24,2011,2,28,True,True,1.0
2011-03-01,20.474999999999998,22.7,18.4,3.8000000000000003,24,24,2011,3,1,True,True,1.0
2011-03-02,20.462500000000002,22.3,19.2,8.8,24,24,2011,3,2,True,True,1.0
2011-03-03,18.941666666666666,20.1,18.0,23.799999999999997,24,24,2011,3,3,True,True,1.0
2011-03-04,19.091666666666665,20.1,17.9,15.2,24,24,2011,3,4,True,True,1.0
2011-03-05,19.1375,19.9,18.5,15.2,24,24,2011,3,5,True,True,1.0
2011-03-06,20.175,22.6,17.6,5.3999999999999995,24,24,2011,3,6,True,True,1.0
2011-03-07,19.900000000000002,21.6,18.4,0.6000000000000001,24,24,2011,3,7,True,True,0.0
2011-03-08,20.849999999999998,24.6,18.4,1.5999999999999999,24,24,2011,3,8,True,True,1.0
2011-03-09,22.956521739130434,27.9,19.5,0.2,23,23,2011,3,9,True,True,0.0
2011-03-10,23.445833333333336,29.6,19.9,0.0,24,24,2011,3,10,True,True,0.0
2011-03-11,22.7375,28.8,20.5,13.2,24,24,2011,3,11,True,True,1.0
2011-03-12,22.479166666666668,27.1,20.5,3.4000000000000004,24,24,2011,3,12,True,True,1.0
2011-03-13,23.55,29.9,19.2,0.2,24,24,2011,3,13,True,True,0.0
2011-03-14,23.366666666666664,29.5,19.4,7.2,24,24,2011,3,14,True,True,1.0
2011-03-15,22.916666666666668,28.8,19.4,0.0,24,24,2011,3,15,True,True,0.0
2011-03-16,21.954166666666666,27.5,18.2,0.0,24,24,2011,3,16,True,True,0.0
2011-03-17,22.958333333333332,29.0,18.1,0.0,24,24,2011,3,17,True,True,0.0
2011-03-18,23.45,30.3,20.0,0.0,24,24,2011,3,18,True,True,0.0
2011-03-19,22.795833333333334,26.9,20.1,0.0,24,24,2011,3,19,True,True,0.0
2011-03-20,21.741666666666664,27.1,18.7,0.0,24,24,2011,3,20,True,True,0.0
2011-03-21,21.650000000000002,27.2,17.9,0.6000000000000001,24,24,2011,3,21,True,True,0.0
2011-03-22,20.55,23.5,18.6,1.2000000000000002,24,24,2011,3,22,True,True,1.0
2011-03-23,22.09583333333333,25.8,19.7,0.0,24,24,2011,3,23,True,True,0.0
2011-03-24,22.625,29.0,20.0,0.0,24,24,2011,3,24,True,True,0.0
2011-03-25,24.370833333333334,31.9,18.8,0.0,24,24,2011,3,25,True,True,0.0
2011-03-26,25.433333333333334,32.4,20.5,0.0,24,24,2011,3,26,True,True,0.0
2011-03-27,25.837500000000002,32.2,22.0,0.8,24,24,2011,3,27,True,True,0.0
2011-03-28,24.08181818181818,29.7,20.7,28.8,22,22,2011,3,28,True,True,1.0
2011-03-29,,,,,21,21,2011,3,29,False,False,
2011-03-30,,,,,21,21,2011,3,30,False,False,
2011-03-31,22.758333333333336,28.9,19.1,0.2,24,24,2011,3,31,True,True,0.0
2011-04-01,23.275000000000002,31.4,17.4,0.0,24,24,2011,4,1,True,True,0.0
2011-04-02,22.0,26.0,19.9,0.0,24,24,2011,4,2,True,True,0.0
2011-04-03,21.05,23.6,19.3,8.2,24,24,2011,4,3,True,True,1.0
2011-04-04,22.02916666666667,27.6,19.4,6.8,24,24,2011,4,4,True,True,1.0
2011-04-05,22.691666666666666,29.2,20.0,2.0,24,24,2011,4,5,True,True,1.0
2011-04-06,22.0125,29.0,17.4,0.0,24,24,2011,4,6,True,True,0.0
2011-04-07,21.8125,28.4,17.4,0.0,24,24,2011,4,7,True,True,0.0
2011-04-08,21.458333333333332,29.3,16.4,0.0,24,24,2011,4,8,True,True,0.0
2011-04-09,21.625,29.0,15.9,0.2,24,24,2011,4,9,True,True,0.0
2011-04-10,20.6875,28.3,15.0,2.0,24,24,2011,4,10,True,True,1.0
2011-04-11,21.729166666666668,29.9,15.8,0.2,24,24,2011,4,11,True,True,0.0
2011-04-12,20.995833333333334,27.0,17.2,28.4,24,24,2011,4,12,True,True,1.0
2011-04-13,19.333333333333332,24.6,17.1,9.8,24,24,2011,4,13,True,True,1.0
2011-04-14,22.920833333333334,31.0,18.0,0.0,24,24,2011,4,14,True,True,0.0
2011-04-15,23.03333333333333,30.9,19.0,1.0,24,24,2011,4,15,True,True,1.0
2011-04-16,23.97083333333333,30.1,20.1,0.0,24,24,2011,4,16,True,True,0.0
2011-04-17,24.0125,30.3,20.1,0.0,24,24,2011,4,17,True,True,0.0
2011-04-18,23.47083333333333,29.4,19.9,0.0,24,24,2011,4,18,True,True,0.0
2011-04-19,23.15833333333333,29.0,18.1,0.0,24,24,2011,4,19,True,True,0.0
2011-04-20,22.929166666666664,29.8,18.5,0.0,24,24,2011,4,20,True,True,0.0
2011-04-21,23.55,30.0,19.0,0.0,24,24,2011,4,21,True,True,0.0
2011-04-22,23.925,30.2,19.3,0.0,24,24,2011,4,22,True,True,0.0
2011-04-23,24.25,31.0,19.9,0.0,24,24,2011,4,23,True,True,0.0
2011-04-24,22.59583333333333,28.7,18.4,0.0,24,24,2011,4,24,True,True,0.0
2011-04-25,20.258333333333333,26.3,17.7,0.0,24,24,2011,4,25,True,True,0.0
2011-04-26,19.966666666666665,25.4,17.5,0.0,24,24,2011,4,26,True,True,0.0
2011-04-27,16.679166666666667,18.5,15.7,24.6,24,24,2011,4,27,True,True,1.0
2011-04-28,17.454166666666666,22.2,14.3,0.0,24,24,2011,4,28,True,True,0.0
2011-04-29,19.537499999999998,27.4,15.3,0.0,24,24,2011,4,29,True,True,0.0
2011-04-30,20.754166666666666,28.0,15.6,0.0,24,24,2011,4,30,True,True,0.0
2011-05-01,19.441666666666666,23.4,17.0,19.8,24,24,2011,5,1,True,True,1.0
2011-05-02,17.691666666666666,22.5,12.4,0.2,24,24,2011,5,2,True,True,0.0
2011-05-03,15.754166666666668,22.9,9.7,0.0,24,24,2011,5,3,True,True,0.0
2011-05-04,16.825,25.5,11.7,0.0,24,24,2011,5,4,True,True,0.0
2011-05-05,19.7625,28.6,13.6,0.0,24,24,2011,5,5,True,True,0.0
2011-05-06,21.575,29.2,16.5,0.0,24,24,2011,5,6,True,True,0.0
2011-05-07,20.433333333333334,27.5,16.1,0.0,24,24,2011,5,7,True,True,0.0
2011-05-08,20.829166666666666,28.2,15.9,0.0,24,24,2011,5,8,True,True,0.0
2011-05-09,21.258333333333333,27.6,16.2,0.0,24,24,2011,5,9,True,True,0.0
2011-05-10,20.254166666666666,25.9,16.4,0.0,24,24,2011,5,10,True,True,0.0
2011-05-11,20.5125,27.0,16.5,0.0,24,24,2011,5,11,True,True,0.0
2011-05-12,21.5625,28.3,16.9,0.0,24,24,2011,5,12,True,True,0.0
2011-05-13,19.75,25.2,15.9,0.0,24,24,2011,5,13,True,True,0.0
2011-05-14,18.425,24.6,14.1,0.0,24,24,2011,5,14,True,True,0.0
2011-05-15,18.204166666666666,27.0,13.6,6.8,24,24,2011,5,15,True,True,1.0
2011-05-16,15.783333333333333,21.3,12.8,0.2,24,24,2011,5,16,True,True,0.0
2011-05-17,15.170833333333334,20.5,11.1,0.0,24,24,2011,5,17,True,True,0.0
2011-05-18,15.116666666666667,21.8,10.9,0.0,24,24,2011,5,18,True,True,0.0
2011-05-19,15.170833333333334,23.1,11.2,0.0,24,24,2011,5,19,True,True,0.0
2011-05-20,16.945833333333333,24.6,11.6,0.0,24,24,2011,5,20,True,True,0.0
2011-05-21,18.025000000000002,25.0,13.8,0.0,24,24,2011,5,21,True,True,0.0
2011-05-22,18.175,25.2,13.5,0.0,24,24,2011,5,22,True,True,0.0
2011-05-23,18.691666666666666,25.9,13.6,0.0,24,24,2011,5,23,True,True,0.0
2011-05-24,18.9875,25.0,14.3,0.0,24,24,2011,5,24,True,True,0.0
2011-05-25,19.791666666666668,27.8,14.9,0.0,24,24,2011,5,25,True,True,0.0
2011-05-26,20.175,27.3,15.6,0.0,24,24,2011,5,26,True,True,0.0
2011-05-27,18.808333333333334,23.7,15.0,0.0,24,24,2011,5,27,True,True,0.0
2011-05-28,16.320833333333333,22.0,11.7,0.0,24,24,2011,5,28,True,True,0.0
2011-05-29,13.141666666666666,20.3,8.0,0.0,24,24,2011,5,29,True,True,0.0
2011-05-30,13.129166666666668,21.0,7.7,0.0,24,24,2011,5,30,True,True,0.0
2011-05-31,15.491666666666667,24.9,9.6,0.0,24,24,2011,5,31,True,True,0.0
2011-06-01,15.85,24.0,10.3,0.0,24,24,2011,6,1,True,True,0.0
2011-06-02,16.808333333333334,25.8,10.9,0.0,24,24,2011,6,2,True,True,0.0
2011-06-03,19.020833333333332,26.3,13.8,0.0,24,24,2011,6,3,True,True,0.0
2011-06-04,16.845833333333335,24.8,10.8,0.0,24,24,2011,6,4,True,True,0.0
2011-06-05,13.35,19.0,8.8,0.0,24,24,2011,6,5,True,True,0.0
2011-06-06,15.191666666666668,24.8,7.8,0.0,24,24,2011,6,6,True,True,0.0
2011-06-07,17.583333333333332,25.6,13.1,17.6,24,24,2011,6,7,True,True,1.0
2011-06-08,13.049999999999999,19.4,7.1,0.2,24,24,2011,6,8,True,True,0.0
2011-06-09,12.779166666666667,14.0,11.7,21.799999999999997,24,24,2011,6,9,True,True,1.0
2011-06-10,14.620833333333332,19.3,11.6,0.0,24,24,2011,6,10,True,True,0.0
2011-06-11,13.612499999999999,19.8,10.0,0.2,24,24,2011,6,11,True,True,0.0
2011-06-12,14.529166666666667,22.4,9.3,0.0,24,24,2011,6,12,True,True,0.0
2011-06-13,17.462500000000002,25.4,12.5,0.0,24,24,2011,6,13,True,True,0.0
2011-06-14,15.825000000000001,21.7,11.0,0.0,24,24,2011,6,14,True,True,0.0
2011-06-15,16.025000000000002,22.4,11.6,0.0,24,24,2011,6,15,True,True,0.0
2011-06-16,16.408333333333335,23.8,11.5,0.2,24,24,2011,6,16,True,True,0.0
2011-06-17,17.608333333333334,25.4,12.2,0.0,24,24,2011,6,17,True,True,0.0
2011-06-18,18.545833333333334,25.2,13.8,0.0,24,24,2011,6,18,True,True,0.0
2011-06-19,18.683333333333334,25.4,13.5,0.0,24,24,2011,6,19,True,True,0.0
2011-06-20,19.712500000000002,27.1,14.8,0.0,24,24,2011,6,20,True,True,0.0
2011-06-21,20.5625,27.8,16.3,0.0,24,24,2011,6,21,True,True,0.0
2011-06-22,20.095833333333335,27.1,14.8,0.0,24,24,2011,6,22,True,True,0.0
2011-06-23,18.791666666666668,25.9,13.9,0.0,24,24,2011,6,23,True,True,0.0
2011-06-24,19.650000000000002,26.7,15.3,0.0,24,24,2011,6,24,True,True,0.0
2011-06-25,19.379166666666666,26.5,14.5,0.0,24,24,2011,6,25,True,True,0.0
2011-06-26,17.966666666666665,23.6,12.1,0.0,24,24,2011,6,26,True,True,0.0
2011-06-27,10.354166666666666,16.0,5.5,0.0,24,24,2011,6,27,True,True,0.0
2011-06-28,10.145833333333334,19.0,3.0,0.0,24,24,2011,6,28,True,True,0.0
2011-06-29,15.475,25.7,6.8,0.0,24,24,2011,6,29,True,True,0.0
2011-06-30,18.7,26.4,12.7,0.0,24,24,2011,6,30,True,True,0.0
2011-07-01,19.962500000000002,27.6,15.0,0.0,24,24,2011,7,1,True,True,0.0
2011-07-02,20.429166666666667,26.7,15.2,0.0,24,24,2011,7,2,True,True,0.0
2011-07-03,19.854166666666668,23.6,16.6,0.0,24,24,2011,7,3,True,True,0.0
2011-07-04,14.141666666666666,18.0,11.5,0.2,24,24,2011,7,4,True,True,0.0
2011-07-05,13.549999999999999,20.6,8.3,0.2,24,24,2011,7,5,True,True,0.0
2011-07-06,16.058333333333334,23.5,10.9,0.0,24,24,2011,7,6,True,True,0.0
2011-07-07,16.208333333333332,23.6,11.8,0.0,24,24,2011,7,7,True,True,0.0
2011-07-08,13.833333333333334,21.9,8.8,0.0,24,24,2011,7,8,True,True,0.0
2011-07-09,13.845833333333333,23.0,6.8,0.0,24,24,2011,7,9,True,True,0.0
2011-07-10,19.25,28.4,12.1,0.0,24,24,2011,7,10,True,True,0.0
2011-07-11,21.724999999999998,28.8,16.8,0.0,24,24,2011,7,11,True,True,0.0
2011-07-12,21.004166666666666,26.6,17.7,0.0,24,24,2011,7,12,True,True,0.0
2011-07-13,20.962500000000002,27.8,17.0,0.0,24,24,2011,7,13,True,True,0.0
2011-07-14,20.720833333333335,27.8,16.0,0.0,24,24,2011,7,14,True,True,0.0
2011-07-15,19.733333333333334,27.3,14.8,0.0,24,24,2011,7,15,True,True,0.0
2011-07-16,20.970833333333335,29.2,15.1,0.0,24,24,2011,7,16,True,True,0.0
2011-07-17,22.308333333333334,29.5,16.9,0.0,24,24,2011,7,17,True,True,0.0
2011-07-18,19.7375,26.7,14.7,0.0,24,24,2011,7,18,True,True,0.0
2011-07-19,20.320833333333333,27.8,15.4,0.4,24,24,2011,7,19,True,True,0.0
2011-07-20,22.579166666666666,30.7,16.1,0.0,24,24,2011,7,20,True,True,0.0
2011-07-21,22.412499999999998,29.4,17.7,0.0,24,24,2011,7,21,True,True,0.0
2011-07-22,18.091666666666665,20.4,15.6,7.4,24,24,2011,7,22,True,True,1.0
2011-07-23,17.075,22.3,13.3,0.0,24,24,2011,7,23,True,True,0.0
2011-07-24,18.662499999999998,25.4,13.8,0.0,24,24,2011,7,24,True,True,0.0
2011-07-25,18.866666666666667,25.4,13.6,0.0,24,24,2011,7,25,True,True,0.0
2011-07-26,19.304166666666667,26.8,14.6,0.0,24,24,2011,7,26,True,True,0.0
2011-07-27,20.025000000000002,26.6,14.8,0.0,24,24,2011,7,27,True,True,0.0
2011-07-28,19.900000000000002,27.7,14.3,0.0,24,24,2011,7,28,True,True,0.0
2011-07-29,21.745833333333334,29.1,16.2,0.0,24,24,2011,7,29,True,True,0.0
2011-07-30,19.504166666666666,23.7,16.5,0.0,24,24,2011,7,30,True,True,0.0
2011-07-31,20.25,27.3,16.0,0.0,24,24,2011,7,31,True,True,0.0
2011-08-01,20.3125,28.4,15.6,0.2,24,24,2011,8,1,True,True,0.0
2011-08-02,14.387500000000001,17.6,9.8,4.800000000000001,24,24,2011,8,2,True,True,1.0
2011-08-03,9.329166666666667,13.4,5.5,0.4,24,24,2011,8,3,True,True,0.0
2011-08-04,8.8,17.1,2.1,0.0,24,24,2011,8,4,True,True,0.0
2011-08-05,14.495833333333332,24.1,6.1,0.0,24,24,2011,8,5,True,True,0.0
2011-08-06,21.416666666666668,31.2,13.8,0.0,24,24,2011,8,6,True,True,0.0
2011-08-07,24.604166666666668,33.1,17.8,0.0,24,24,2011,8,7,True,True,0.0
2011-08-08,25.670833333333334,33.2,19.9,0.0,24,24,2011,8,8,True,True,0.0
2011-08-09,19.2,25.5,15.0,0.0,24,24,2011,8,9,True,True,0.0
2011-08-10,18.833333333333332,25.7,14.2,0.0,24,24,2011,8,10,True,True,0.0
2011-08-11,18.833333333333332,27.1,13.1,0.0,24,24,2011,8,11,True,True,0.0
2011-08-12,20.179166666666667,29.5,13.4,0.0,24,24,2011,8,12,True,True,0.0
2011-08-13,23.3125,33.1,16.6,0.0,24,24,2011,8,13,True,True,0.0
2011-08-14,23.683333333333334,32.3,17.0,0.0,24,24,2011,8,14,True,True,0.0
2011-08-15,22.0125,31.0,15.7,0.0,24,24,2011,8,15,True,True,0.0
2011-08-16,22.625,30.2,16.3,0.0,24,24,2011,8,16,True,True,0.0
2011-08-17,23.104166666666668,32.2,14.2,0.0,24,24,2011,8,17,True,True,0.0
2011-08-18,22.1375,31.2,15.0,0.0,24,24,2011,8,18,True,True,0.0
2011-08-19,23.929166666666664,33.0,15.6,1.2,24,24,2011,8,19,True,True,1.0
2011-08-20,18.400000000000002,20.3,15.1,17.800000000000004,24,24,2011,8,20,True,True,1.0
2011-08-21,14.179166666666667,18.0,12.1,0.6000000000000001,24,24,2011,8,21,True,True,0.0
2011-08-22,15.670833333333334,22.2,11.4,0.0,24,24,2011,8,22,True,True,0.0
2011-08-23,16.837500000000002,22.7,13.3,0.0,24,24,2011,8,23,True,True,0.0
2011-08-24,19.979166666666668,28.2,13.9,0.0,24,24,2011,8,24,True,True,0.0
2011-08-25,22.116666666666664,30.8,15.9,0.0,24,24,2011,8,25,True,True,0.0
2011-08-26,23.4875,30.7,17.4,0.0,24,24,2011,8,26,True,True,0.0
2011-08-27,22.3,31.3,15.6,0.0,24,24,2011,8,27,True,True,0.0
2011-08-28,25.0,33.2,18.2,0.0,24,24,2011,8,28,True,True,0.0
2011-08-29,26.1125,33.9,19.8,0.0,24,24,2011,8,29,True,True,0.0
2011-08-30,25.745833333333334,35.1,19.3,0.0,24,24,2011,8,30,True,True,0.0
2011-08-31,17.808333333333334,21.6,12.1,11.0,24,24,2011,8,31,True,True,1.0
2011-09-01,14.987499999999999,23.8,8.3,0.0,24,24,2011,9,1,True,True,0.0
2011-09-02,14.195833333333333,22.2,8.2,0.0,24,24,2011,9,2,True,True,0.0
2011-09-03,17.17083333333333,27.7,9.5,0.0,24,24,2011,9,3,True,True,0.0
2011-09-04,21.025000000000002,32.3,12.4,0.0,24,24,2011,9,4,True,True,0.0
2011-09-05,24.741666666666664,34.1,15.8,0.0,24,24,2011,9,5,True,True,0.0
2011-09-06,22.566666666666666,31.8,14.1,0.0,24,24,2011,9,6,True,True,0.0
2011-09-07,21.912499999999998,32.2,15.1,0.0,24,24,2011,9,7,True,True,0.0
2011-09-08,24.620833333333334,34.6,15.7,0.0,24,24,2011,9,8,True,True,0.0
2011-09-09,21.770833333333332,28.9,16.4,0.0,24,24,2011,9,9,True,True,0.0
2011-09-10,21.458333333333332,29.6,16.6,0.2,24,24,2011,9,10,True,True,0.0
2011-09-11,20.783333333333335,27.5,16.6,1.5999999999999999,24,24,2011,9,11,True,True,1.0
2011-09-12,20.120833333333334,29.0,13.7,0.0,24,24,2011,9,12,True,True,0.0
2011-09-13,21.433333333333334,32.2,12.2,0.0,24,24,2011,9,13,True,True,0.0
2011-09-14,19.308333333333334,27.3,14.5,0.0,24,24,2011,9,14,True,True,0.0
2011-09-15,21.3125,29.8,15.5,0.0,24,24,2011,9,15,True,True,0.0
2011-09-16,21.195833333333333,28.5,15.4,0.0,24,24,2011,9,16,True,True,0.0
2011-09-17,21.191666666666666,29.3,14.8,0.0,24,24,2011,9,17,True,True,0.0
2011-09-18,20.837500000000002,29.9,13.4,0.0,24,24,2011,9,18,True,True,0.0
2011-09-19,21.558333333333334,30.3,14.2,0.0,24,24,2011,9,19,True,True,0.0
2011-09-20,23.570833333333336,31.1,17.4,0.0,24,24,2011,9,20,True,True,0.0
2011-09-21,20.662499999999998,24.4,16.7,0.2,24,24,2011,9,21,True,True,0.0
2011-09-22,22.34583333333333,32.4,14.6,0.0,24,24,2011,9,22,True,True,0.0
2011-09-23,22.054166666666664,35.1,15.9,0.8,24,24,2011,9,23,True,True,0.0
2011-09-24,18.695833333333333,24.8,13.8,0.2,24,24,2011,9,24,True,True,0.0
2011-09-25,18.254166666666666,27.1,11.9,0.0,24,24,2011,9,25,True,True,0.0
2011-09-26,20.458333333333332,30.2,13.4,0.0,24,24,2011,9,26,True,True,0.0
2011-09-27,21.662499999999998,32.1,13.4,0.0,24,24,2011,9,27,True,True,0.0
2011-09-28,22.254166666666666,32.4,13.6,0.0,24,24,2011,9,28,True,True,0.0
2011-09-29,23.795833333333334,35.2,14.1,0.0,24,24,2011,9,29,True,True,0.0
2011-09-30,27.045833333333334,37.4,18.9,0.0,24,24,2011,9,30,True,True,0.0
2011-10-01,27.2625,36.6,19.7,0.2,24,24,2011,10,1,True,True,0.0
2011-10-02,20.066666666666666,25.8,16.8,3.0,24,24,2011,10,2,True,True,1.0
2011-10-03,21.316666666666666,29.8,15.1,0.2,24,24,2011,10,3,True,True,0.0
2011-10-04,21.245833333333334,29.7,15.6,0.0,24,24,2011,10,4,True,True,0.0
2011-10-05,22.391666666666666,31.3,15.1,2.4000000000000004,24,24,2011,10,5,True,True,1.0
2011-10-06,24.070833333333336,31.4,17.4,0.0,24,24,2011,10,6,True,True,0.0
2011-10-07,25.537499999999998,33.5,18.7,0.0,24,24,2011,10,7,True,True,0.0
2011-10-08,23.316666666666666,33.6,17.6,12.0,24,24,2011,10,8,True,True,1.0
2011-10-09,20.083333333333332,25.3,18.5,19.8,24,24,2011,10,9,True,True,1.0
2011-10-10,22.295833333333334,27.2,18.7,0.2,24,24,2011,10,10,True,True,0.0
2011-10-11,23.2375,30.8,19.6,4.2,24,24,2011,10,11,True,True,1.0
2011-10-12,23.379166666666666,30.4,18.3,0.0,24,24,2011,10,12,True,True,0.0
2011-10-13,21.925,26.9,18.2,34.0,24,24,2011,10,13,True,True,1.0
2011-10-14,21.245833333333334,23.8,20.3,33.8,24,24,2011,10,14,True,True,1.0
2011-10-15,20.991666666666667,27.4,18.0,25.0,24,24,2011,10,15,True,True,1.0
2011-10-16,21.243478260869566,27.4,17.9,0.8,23,23,2011,10,16,True,True,0.0
2011-10-17,19.970833333333335,25.6,15.9,0.2,24,24,2011,10,17,True,True,0.0
2011-10-18,19.375,26.7,13.1,0.0,24,24,2011,10,18,True,True,0.0
2011-10-19,19.891666666666666,27.9,14.0,0.0,24,24,2011,10,19,True,True,0.0
2011-10-20,19.729166666666668,27.6,13.5,0.0,24,24,2011,10,20,True,True,0.0
2011-10-21,19.7375,27.6,13.6,0.0,24,24,2011,10,21,True,True,0.0
2011-10-22,20.716666666666665,27.3,14.8,0.0,24,24,2011,10,22,True,True,0.0
2011-10-23,21.804166666666664,28.5,16.8,0.0,24,24,2011,10,23,True,True,0.0
2011-10-24,22.895833333333332,29.9,16.6,0.0,24,24,2011,10,24,True,True,0.0
2011-10-25,21.295833333333334,28.3,17.6,32.6,24,24,2011,10,25,True,True,1.0
2011-10-26,22.1875,28.7,17.7,0.4,24,24,2011,10,26,True,True,0.0
2011-10-27,23.291666666666668,31.1,15.9,0.0,24,24,2011,10,27,True,True,0.0
2011-10-28,25.679166666666664,33.1,18.8,0.0,24,24,2011,10,28,True,True,0.0
2011-10-29,24.78333333333333,33.1,17.8,3.4,24,24,2011,10,29,True,True,1.0
2011-10-30,20.29583333333333,25.0,17.6,6.2,24,24,2011,10,30,True,True,1.0
2011-10-31,17.995833333333334,23.4,14.3,1.4,24,24,2011,10,31,True,True,1.0
2011-11-01,17.425,24.3,12.1,0.0,24,24,2011,11,1,True,True,0.0
2011-11-02,17.837500000000002,25.5,12.1,0.0,24,24,2011,11,2,True,True,0.0
2011-11-03,18.900000000000002,27.7,12.0,0.0,24,24,2011,11,3,True,True,0.0
2011-11-04,20.587500000000002,30.5,12.9,0.0,24,24,2011,11,4,True,True,0.0
2011-11-05,22.745833333333334,32.4,14.8,0.0,24,24,2011,11,5,True,True,0.0
2011-11-06,21.8875,25.2,18.7,0.0,24,24,2011,11,6,True,True,0.0
2011-11-07,21.929166666666664,28.5,17.7,1.2,24,24,2011,11,7,True,True,1.0
2011-11-08,22.520833333333332,30.4,15.7,0.0,24,24,2011,11,8,True,True,0.0
2011-11-09,23.891666666666666,31.1,17.1,0.0,24,24,2011,11,9,True,True,0.0
2011-11-10,25.754166666666666,32.9,20.3,0.0,24,24,2011,11,10,True,True,0.0
2011-11-11,25.620833333333334,33.6,20.6,0.2,24,24,2011,11,11,True,True,0.0
2011-11-12,23.629166666666666,32.8,19.5,6.4,24,24,2011,11,12,True,True,1.0
2011-11-13,21.241666666666667,25.8,18.2,3.4000000000000004,24,24,2011,11,13,True,True,1.0
2011-11-14,19.625,23.1,17.3,37.2,24,24,2011,11,14,True,True,1.0
2011-11-15,20.495833333333334,25.2,17.1,38.2,24,24,2011,11,15,True,True,1.0
2011-11-16,18.633333333333333,23.9,15.1,0.0,24,24,2011,11,16,True,True,0.0
2011-11-17,19.5,27.2,12.2,0.0,24,24,2011,11,17,True,True,0.0
2011-11-18,20.166666666666668,27.7,13.7,0.0,24,24,2011,11,18,True,True,0.0
2011-11-19,19.795833333333334,28.5,12.1,0.0,24,24,2011,11,19,True,True,0.0
2011-11-20,21.366666666666664,28.7,15.3,0.0,24,24,2011,11,20,True,True,0.0
2011-11-21,23.895833333333332,32.4,16.3,0.0,24,24,2011,11,21,True,True,0.0
2011-11-22,21.916666666666668,26.8,17.5,16.400000000000002,24,24,2011,11,22,True,True,1.0
2011-11-23,21.05,28.4,15.2,0.0,24,24,2011,11,23,True,True,0.0
2011-11-24,22.8625,31.0,16.0,0.0,24,24,2011,11,24,True,True,0.0
2011-11-25,24.40416666666667,31.6,18.2,0.0,24,24,2011,11,25,True,True,0.0
2011-11-26,24.145833333333332,32.8,18.9,9.2,24,24,2011,11,26,True,True,1.0
2011-11-27,22.608333333333334,29.4,16.0,0.0,24,24,2011,11,27,True,True,0.0
2011-11-28,23.083333333333332,31.0,17.7,0.6,24,24,2011,11,28,True,True,0.0
2011-11-29,23.5125,31.5,17.9,1.5999999999999999,24,24,2011,11,29,True,True,1.0
2011-11-30,22.808333333333334,31.1,18.3,3.0,24,24,2011,11,30,True,True,1.0
2011-12-01,22.05,29.2,18.6,14.399999999999999,24,24,2011,12,1,True,True,1.0
2011-12-02,21.558333333333334,27.2,17.0,0.0,24,24,2011,12,2,True,True,0.0
2011-12-03,20.849999999999998,29.5,13.2,0.0,24,24,2011,12,3,True,True,0.0
2011-12-04,22.145833333333332,30.4,16.0,0.0,24,24,2011,12,4,True,True,0.0
2011-12-05,23.291666666666668,30.6,17.8,0.4,24,24,2011,12,5,True,True,0.0
2011-12-06,23.266666666666666,30.1,19.0,10.600000000000001,24,24,2011,12,6,True,True,1.0
2011-12-07,23.90416666666667,30.6,19.2,0.0,24,24,2011,12,7,True,True,0.0
2011-12-08,23.816666666666666,29.8,19.1,20.6,24,24,2011,12,8,True,True,1.0
2011-12-09,21.808333333333334,25.9,19.6,70.4,24,24,2011,12,9,True,True,1.0
2011-12-10,21.47083333333333,26.1,18.0,6.800000000000001,24,24,2011,12,10,True,True,1.0
2011-12-11,21.90833333333333,28.7,16.0,0.0,24,24,2011,12,11,True,True,0.0
2011-12-12,23.46666666666667,31.9,15.5,0.0,24,24,2011,12,12,True,True,0.0
2011-12-13,25.650000000000002,33.0,19.5,0.0,24,24,2011,12,13,True,True,0.0
2011-12-14,25.025000000000002,32.0,19.7,1.2,24,24,2011,12,14,True,True,1.0
2011-12-15,23.116666666666664,29.7,18.2,1.7999999999999998,24,24,2011,12,15,True,True,1.0
2011-12-16,23.52916666666667,30.7,15.6,0.0,24,24,2011,12,16,True,True,0.0
2011-12-17,24.349999999999998,31.8,17.5,0.0,24,24,2011,12,17,True,True,0.0
2011-12-18,24.075,31.3,18.9,0.2,24,24,2011,12,18,True,True,0.0
2011-12-19,24.633333333333336,32.9,18.1,0.0,24,24,2011,12,19,True,True,0.0
2011-12-20,23.241666666666664,30.4,18.0,29.0,24,24,2011,12,20,True,True,1.0
2011-12-21,25.425,32.5,19.7,0.0,24,24,2011,12,21,True,True,0.0
2011-12-22,25.15833333333333,32.8,18.7,0.0,24,24,2011,12,22,True,True,0.0
2011-12-23,25.462500000000002,32.7,19.0,1.4,24,24,2011,12,23,True,True,1.0
2011-12-24,25.141666666666666,32.6,20.6,0.0,24,24,2011,12,24,True,True,0.0
2011-12-25,24.84166666666667,33.0,19.6,0.0,24,24,2011,12,25,True,True,0.0
2011-12-26,23.625,29.7,19.6,0.0,24,24,2011,12,26,True,True,0.0
2011-12-27,24.195833333333336,30.9,18.9,0.0,24,24,2011,12,27,True,True,0.0
2011-12-28,24.233333333333334,33.1,18.5,0.2,24,24,2011,12,28,True,True,0.0
2011-12-29,22.504166666666666,29.0,17.9,1.0,24,24,2011,12,29,True,True,1.0
2011-12-30,22.379166666666666,28.5,17.2,6.8,24,24,2011,12,30,True,True,1.0
2011-12-31,22.183333333333334,28.2,19.3,12.4,24,24,2011,12,31,True,True,1.0
2012-01-01,21.599999999999998,24.7,19.8,31.4,24,24,2012,1,1,True,True,1.0
2012-01-02,21.808333333333334,28.8,16.5,0.0,24,24,2012,1,2,True,True,0.0
2012-01-03,24.058333333333334,31.5,17.8,0.0,24,24,2012,1,3,True,True,0.0
2012-01-04,25.1875,33.0,19.1,0.0,24,24,2012,1,4,True,True,0.0
2012-01-05,23.266666666666666,32.3,18.5,0.0,24,24,2012,1,5,True,True,0.0
2012-01-06,24.0,31.5,18.9,0.2,24,24,2012,1,6,True,True,0.0
2012-01-07,22.7625,30.2,18.9,21.6,24,24,2012,1,7,True,True,1.0
2012-01-08,22.204166666666666,30.9,18.2,11.6,24,24,2012,1,8,True,True,1.0
2012-01-09,22.420833333333334,30.1,17.6,7.6,24,24,2012,1,9,True,True,1.0
2012-01-10,20.366666666666667,24.3,18.3,5.6000000000000005,24,24,2012,1,10,True,True,1.0
2012-01-11,19.754166666666666,23.9,18.3,5.6,24,24,2012,1,11,True,True,1.0
2012-01-12,20.870833333333334,25.4,17.5,0.2,24,24,2012,1,12,True,True,0.0
2012-01-13,22.045833333333334,27.2,18.2,0.0,24,24,2012,1,13,True,True,0.0
2012-01-14,21.2625,25.5,19.5,14.399999999999999,24,24,2012,1,14,True,True,1.0
2012-01-15,21.883333333333336,29.0,19.7,7.4,24,24,2012,1,15,True,True,1.0
2012-01-16,22.429166666666664,27.6,19.7,0.0,24,24,2012,1,16,True,True,0.0
2012-01-17,22.804166666666664,29.6,18.9,4.4,24,24,2012,1,17,True,True,1.0
2012-01-18,21.037499999999998,25.8,18.6,8.8,24,24,2012,1,18,True,True,1.0
2012-01-19,21.683333333333334,26.8,18.6,0.4,24,24,2012,1,19,True,True,0.0
2012-01-20,22.84166666666667,28.5,19.6,0.0,24,24,2012,1,20,True,True,0.0
2012-01-21,22.9375,30.5,19.9,0.2,24,24,2012,1,21,True,True,0.0
2012-01-22,22.320833333333336,30.9,17.9,0.6000000000000001,24,24,2012,1,22,True,True,0.0
2012-01-23,23.275000000000002,31.2,19.4,14.8,24,24,2012,1,23,True,True,1.0
2012-01-24,22.570833333333336,28.2,18.8,3.8,24,24,2012,1,24,True,True,1.0
2012-01-25,23.458333333333332,29.7,20.2,2.6,24,24,2012,1,25,True,True,1.0
2012-01-26,21.183333333333334,25.0,18.5,88.6,24,24,2012,1,26,True,True,1.0
2012-01-27,18.341666666666665,20.6,16.6,1.8,24,24,2012,1,27,True,True,1.0
2012-01-28,19.8125,25.6,15.1,3.4000000000000004,24,24,2012,1,28,True,True,1.0
2012-01-29,21.616666666666664,29.5,14.7,0.0,24,24,2012,1,29,True,True,0.0
2012-01-30,22.912499999999998,31.0,15.3,0.0,24,24,2012,1,30,True,True,0.0
2012-01-31,22.820833333333336,31.4,14.7,0.0,24,24,2012,1,31,True,True,0.0
2012-02-01,23.900000000000002,32.5,17.1,0.0,24,24,2012,2,1,True,True,0.0
2012-02-02,25.099999999999998,31.3,18.8,0.0,24,24,2012,2,2,True,True,0.0
2012-02-03,25.59583333333333,32.4,19.9,0.0,24,24,2012,2,3,True,True,0.0
2012-02-04,25.808333333333334,32.6,20.0,0.0,24,24,2012,2,4,True,True,0.0
2012-02-05,25.962500000000002,32.9,19.9,0.0,24,24,2012,2,5,True,True,0.0
2012-02-06,25.7625,33.8,20.5,0.0,24,24,2012,2,6,True,True,0.0
2012-02-07,27.45,35.7,20.7,0.0,24,24,2012,2,7,True,True,0.0
2012-02-08,25.770833333333332,34.8,21.4,0.8,24,24,2012,2,8,True,True,0.0
2012-02-09,27.445833333333336,35.8,21.5,0.0,24,24,2012,2,9,True,True,0.0
2012-02-10,25.8125,33.4,20.5,15.799999999999999,24,24,2012,2,10,True,True,1.0
2012-02-11,22.391666666666666,27.9,20.2,7.0,24,24,2012,2,11,True,True,1.0
2012-02-12,22.129166666666666,27.3,20.4,2.0,24,24,2012,2,12,True,True,1.0
2012-02-13,22.0625,27.8,20.0,7.0,24,24,2012,2,13,True,True,1.0
2012-02-14,20.483333333333334,26.6,17.7,20.0,24,24,2012,2,14,True,True,1.0
2012-02-15,22.516666666666666,29.9,17.7,0.0,24,24,2012,2,15,True,True,0.0
2012-02-16,24.037499999999998,32.5,18.9,0.0,24,24,2012,2,16,True,True,0.0
2012-02-17,24.558333333333334,31.8,18.5,0.0,24,24,2012,2,17,True,True,0.0
2012-02-18,25.520833333333332,32.3,20.4,0.0,24,24,2012,2,18,True,True,0.0
2012-02-19,25.395833333333332,31.8,21.4,0.0,24,24,2012,2,19,True,True,0.0
2012-02-20,23.258333333333336,33.0,19.4,2.0,24,24,2012,2,20,True,True,1.0
2012-02-21,23.7,30.8,18.2,0.0,24,24,2012,2,21,True,True,0.0
2012-02-22,23.366666666666664,29.6,20.2,0.4,24,24,2012,2,22,True,True,0.0
2012-02-23,24.104166666666668,30.2,19.5,0.0,24,24,2012,2,23,True,True,0.0
2012-02-24,23.920833333333334,32.0,20.1,12.8,24,24,2012,2,24,True,True,1.0
2012-02-25,24.052,31.3,19.9,0.0,25,25,2012,2,25,True,True,0.0
2012-02-26,24.22083333333333,31.2,21.3,1.4,24,24,2012,2,26,True,True,1.0
2012-02-27,23.15833333333333,30.3,20.8,3.0,24,24,2012,2,27,True,True,1.0
2012-02-28,25.395833333333332,32.8,19.9,0.0,24,24,2012,2,28,True,True,0.0
2012-02-29,26.3625,34.0,20.2,0.0,24,24,2012,2,29,True,True,0.0
2012-03-01,26.849999999999998,34.2,21.3,0.0,24,24,2012,3,1,True,True,0.0
2012-03-02,23.870833333333334,32.3,19.5,16.0,24,24,2012,3,2,True,True,1.0
2012-03-03,24.03333333333333,32.7,19.4,25.799999999999997,24,24,2012,3,3,True,True,1.0
2012-03-04,23.84166666666667,30.7,18.7,0.0,24,24,2012,3,4,True,True,0.0
2012-03-05,24.7375,31.4,19.6,0.0,24,24,2012,3,5,True,True,0.0
2012-03-06,24.895833333333332,32.8,20.0,0.0,24,24,2012,3,6,True,True,0.0
2012-03-07,23.9875,31.1,18.8,0.0,24,24,2012,3,7,True,True,0.0
2012-03-08,23.083333333333332,30.8,16.7,0.0,24,24,2012,3,8,True,True,0.0
2012-03-09,24.733333333333334,32.9,19.0,0.0,24,24,2012,3,9,True,True,0.0
2012-03-10,22.34166666666667,29.8,17.8,8.2,24,24,2012,3,10,True,True,1.0
2012-03-11,22.420833333333334,30.1,17.5,0.2,24,24,2012,3,11,True,True,0.0
2012-03-12,24.087500000000002,30.7,18.6,0.0,24,24,2012,3,12,True,True,0.0
2012-03-13,24.633333333333336,31.4,20.2,0.0,24,24,2012,3,13,True,True,0.0
2012-03-14,24.254166666666666,31.6,19.2,1.2,24,24,2012,3,14,True,True,1.0
2012-03-15,22.645833333333332,31.3,19.6,63.8,24,24,2012,3,15,True,True,1.0
2012-03-16,22.170833333333334,26.2,19.6,0.0,24,24,2012,3,16,True,True,0.0
2012-03-17,22.208333333333332,27.1,18.8,0.4,24,24,2012,3,17,True,True,0.0
2012-03-18,21.787499999999998,28.6,17.3,0.0,24,24,2012,3,18,True,True,0.0
2012-03-19,21.754166666666666,29.7,15.2,0.0,24,24,2012,3,19,True,True,0.0
2012-03-20,22.508333333333336,30.3,17.0,0.0,24,24,2012,3,20,True,True,0.0
2012-03-21,23.691666666666666,31.8,17.9,0.0,24,24,2012,3,21,True,True,0.0
2012-03-22,23.825,32.4,18.6,25.4,24,24,2012,3,22,True,True,1.0
2012-03-23,20.5625,24.0,18.3,1.7999999999999998,24,24,2012,3,23,True,True,1.0
2012-03-24,22.96666666666667,29.2,19.4,0.0,24,24,2012,3,24,True,True,0.0
2012-03-25,23.633333333333336,30.7,18.5,0.0,24,24,2012,3,25,True,True,0.0
2012-03-26,25.304166666666664,33.3,20.0,0.0,24,24,2012,3,26,True,True,0.0
2012-03-27,23.150000000000002,27.9,19.5,0.0,24,24,2012,3,27,True,True,0.0
2012-03-28,21.791666666666668,27.9,17.6,0.0,24,24,2012,3,28,True,True,0.0
2012-03-29,20.833333333333332,30.4,13.7,0.0,24,24,2012,3,29,True,True,0.0
2012-03-30,21.829166666666666,29.7,16.8,0.0,24,24,2012,3,30,True,True,0.0
2012-03-31,22.245833333333334,29.4,16.7,0.0,24,24,2012,3,31,True,True,0.0
2012-04-01,22.008333333333336,30.2,16.4,0.0,24,24,2012,4,1,True,True,0.0
2012-04-02,22.191666666666666,30.6,16.4,0.0,24,24,2012,4,2,True,True,0.0
2012-04-03,22.4375,30.3,16.9,0.0,24,24,2012,4,3,True,True,0.0
2012-04-04,23.912499999999998,31.7,18.6,0.0,24,24,2012,4,4,True,True,0.0
2012-04-05,25.804166666666664,32.8,19.4,0.0,24,24,2012,4,5,True,True,0.0
2012-04-06,23.78333333333333,30.2,18.5,2.8,24,24,2012,4,6,True,True,1.0
2012-04-07,24.075,31.9,18.7,0.0,24,24,2012,4,7,True,True,0.0
2012-04-08,22.820833333333336,29.7,16.8,24.0,24,24,2012,4,8,True,True,1.0
2012-04-09,21.1875,29.0,17.0,0.2,24,24,2012,4,9,True,True,0.0
2012-04-10,22.879166666666666,27.9,19.9,0.0,24,24,2012,4,10,True,True,0.0
2012-04-11,22.46666666666667,29.0,19.5,23.0,24,24,2012,4,11,True,True,1.0
2012-04-12,23.745833333333334,31.1,19.3,0.0,24,24,2012,4,12,True,True,0.0
2012-04-13,24.78333333333333,31.5,20.2,0.0,24,24,2012,4,13,True,True,0.0
2012-04-14,25.066666666666666,31.0,20.4,0.0,24,24,2012,4,14,True,True,0.0
2012-04-15,23.962500000000002,30.4,18.9,0.0,24,24,2012,4,15,True,True,0.0
2012-04-16,22.579166666666666,28.7,19.0,0.0,24,24,2012,4,16,True,True,0.0
2012-04-17,21.916666666666668,29.7,16.2,0.0,24,24,2012,4,17,True,True,0.0
2012-04-18,22.166666666666668,30.4,17.0,0.0,24,24,2012,4,18,True,True,0.0
2012-04-19,22.40833333333333,30.1,17.1,0.0,24,24,2012,4,19,True,True,0.0
2012-04-20,22.6375,29.2,18.5,1.4,24,24,2012,4,20,True,True,1.0
2012-04-21,18.875,20.8,17.0,38.6,24,24,2012,4,21,True,True,1.0
2012-04-22,19.520833333333332,24.1,17.2,0.4,24,24,2012,4,22,True,True,0.0
2012-04-23,20.075,28.3,15.1,0.0,24,24,2012,4,23,True,True,0.0
2012-04-24,19.970833333333335,26.7,15.6,0.0,24,24,2012,4,24,True,True,0.0
2012-04-25,21.316666666666666,29.4,15.4,0.0,24,24,2012,4,25,True,True,0.0
2012-04-26,22.666666666666668,28.3,19.1,5.4,24,24,2012,4,26,True,True,1.0
2012-04-27,21.083333333333332,26.0,17.9,0.4,24,24,2012,4,27,True,True,0.0
2012-04-28,19.8,23.1,17.3,0.0,24,24,2012,4,28,True,True,0.0
2012-04-29,18.712500000000002,20.6,17.0,41.2,24,24,2012,4,29,True,True,1.0
2012-04-30,16.4375,18.8,11.9,25.800000000000004,24,24,2012,4,30,True,True,1.0
2012-05-01,13.416666666666666,20.2,9.0,0.2,24,24,2012,5,1,True,True,0.0
2012-05-02,15.266666666666666,22.0,9.2,0.0,24,24,2012,5,2,True,True,0.0
2012-05-03,18.2375,24.6,13.8,0.0,24,24,2012,5,3,True,True,0.0
2012-05-04,19.204166666666666,26.1,15.1,0.0,24,24,2012,5,4,True,True,0.0
2012-05-05,19.287499999999998,26.5,14.6,0.0,24,24,2012,5,5,True,True,0.0
2012-05-06,19.766666666666666,26.2,15.4,0.0,24,24,2012,5,6,True,True,0.0
2012-05-07,19.55,25.6,15.2,0.0,24,24,2012,5,7,True,True,0.0
2012-05-08,19.554166666666667,25.5,15.9,0.0,24,24,2012,5,8,True,True,0.0
2012-05-09,18.8,25.6,14.3,0.0,24,24,2012,5,9,True,True,0.0
2012-05-10,20.095833333333335,28.0,14.7,0.0,24,24,2012,5,10,True,True,0.0
2012-05-11,21.541666666666668,28.4,15.1,0.0,24,24,2012,5,11,True,True,0.0
2012-05-12,18.099999999999998,20.8,17.0,39.8,24,24,2012,5,12,True,True,1.0
2012-05-13,19.75,24.3,17.5,0.2,24,24,2012,5,13,True,True,0.0
2012-05-14,16.7625,19.6,14.8,10.0,24,24,2012,5,14,True,True,1.0
2012-05-15,16.866666666666667,21.2,14.6,0.0,24,24,2012,5,15,True,True,0.0
2012-05-16,17.679166666666667,23.5,14.1,0.0,24,24,2012,5,16,True,True,0.0
2012-05-17,17.175,23.0,13.5,0.0,24,24,2012,5,17,True,True,0.0
2012-05-18,17.245833333333334,23.7,13.5,0.0,24,24,2012,5,18,True,True,0.0
2012-05-19,17.058333333333334,23.7,12.9,0.0,24,24,2012,5,19,True,True,0.0
2012-05-20,17.716666666666665,24.9,13.4,0.0,24,24,2012,5,20,True,True,0.0
2012-05-21,18.033333333333335,24.6,13.6,0.0,24,24,2012,5,21,True,True,0.0
2012-05-22,17.779166666666665,23.8,14.1,0.0,24,24,2012,5,22,True,True,0.0
2012-05-23,18.266666666666666,24.6,13.6,0.0,24,24,2012,5,23,True,True,0.0
2012-05-24,18.575,23.3,15.0,5.6,24,24,2012,5,24,True,True,1.0
2012-05-25,18.9375,23.5,15.6,18.0,24,24,2012,5,25,True,True,1.0
2012-05-26,17.995833333333334,24.3,13.6,0.2,24,24,2012,5,26,True,True,0.0
2012-05-27,18.474999999999998,26.4,15.2,4.800000000000001,24,24,2012,5,27,True,True,1.0
2012-05-28,18.695833333333333,25.2,15.3,0.4,24,24,2012,5,28,True,True,0.0
2012-05-29,20.766666666666666,27.5,15.6,0.0,24,24,2012,5,29,True,True,0.0
2012-05-30,21.425,28.2,16.5,0.0,24,24,2012,5,30,True,True,0.0
2012-05-31,21.129166666666666,26.0,17.3,0.0,24,24,2012,5,31,True,True,0.0
2012-06-01,17.4,20.0,16.2,9.8,24,24,2012,6,1,True,True,1.0
2012-06-02,18.804166666666667,25.1,16.1,0.2,24,24,2012,6,2,True,True,0.0
2012-06-03,20.454166666666666,27.4,14.8,0.0,24,24,2012,6,3,True,True,0.0
2012-06-04,21.679166666666664,28.2,17.0,12.0,24,24,2012,6,4,True,True,1.0
2012-06-05,18.3875,19.8,17.1,50.0,24,24,2012,6,5,True,True,1.0
2012-06-06,18.400000000000002,20.9,17.4,4.199999999999999,24,24,2012,6,6,True,True,1.0
2012-06-07,16.670833333333334,18.9,12.6,11.2,24,24,2012,6,7,True,True,1.0
2012-06-08,13.241666666666667,15.4,11.6,3.4,24,24,2012,6,8,True,True,1.0
2012-06-09,15.233333333333334,20.3,11.5,0.0,24,24,2012,6,9,True,True,0.0
2012-06-10,16.441666666666666,21.1,12.7,0.2,24,24,2012,6,10,True,True,0.0
2012-06-11,20.162499999999998,26.1,16.5,2.8,24,24,2012,6,11,True,True,1.0
2012-06-12,20.170833333333334,26.5,16.7,0.2,24,24,2012,6,12,True,True,0.0
2012-06-13,18.5625,25.2,15.7,0.0,24,24,2012,6,13,True,True,0.0
2012-06-14,18.104166666666668,25.0,15.1,0.2,24,24,2012,6,14,True,True,0.0
2012-06-15,18.945833333333333,26.0,15.7,0.2,24,24,2012,6,15,True,True,0.0
2012-06-16,19.633333333333333,26.2,16.3,0.2,24,24,2012,6,16,True,True,0.0
2012-06-17,19.004166666666666,25.5,14.5,0.0,24,24,2012,6,17,True,True,0.0
2012-06-18,20.445833333333333,26.3,15.3,0.0,24,24,2012,6,18,True,True,0.0
2012-06-19,17.795833333333334,21.4,16.9,18.200000000000003,24,24,2012,6,19,True,True,1.0
2012-06-20,17.70416666666667,18.7,16.5,41.6,24,24,2012,6,20,True,True,1.0
2012-06-21,16.883333333333333,18.6,15.5,40.0,24,24,2012,6,21,True,True,1.0
2012-06-22,16.433333333333334,20.8,11.8,1.0,24,24,2012,6,22,True,True,1.0
2012-06-23,14.829166666666666,20.9,10.4,0.2,24,24,2012,6,23,True,True,0.0
2012-06-24,17.266666666666666,24.6,12.1,0.0,24,24,2012,6,24,True,True,0.0
2012-06-25,17.566666666666666,23.4,13.4,0.0,24,24,2012,6,25,True,True,0.0
2012-06-26,16.241666666666667,22.4,11.3,0.0,24,24,2012,6,26,True,True,0.0
2012-06-27,17.095833333333335,23.9,12.6,0.0,24,24,2012,6,27,True,True,0.0
2012-06-28,18.229166666666668,25.3,14.0,0.0,24,24,2012,6,28,True,True,0.0
2012-06-29,19.345833333333335,26.2,14.5,0.0,24,24,2012,6,29,True,True,0.0
2012-06-30,20.099999999999998,27.5,14.0,0.0,24,24,2012,6,30,True,True,0.0
2012-07-01,19.849999999999998,27.2,14.8,0.0,24,24,2012,7,1,True,True,0.0
2012-07-02,20.462500000000002,27.9,15.9,0.0,24,24,2012,7,2,True,True,0.0
2012-07-03,20.316666666666666,26.8,16.0,0.0,24,24,2012,7,3,True,True,0.0
2012-07-04,19.779166666666665,25.8,15.7,0.0,24,24,2012,7,4,True,True,0.0
2012-07-05,19.579166666666666,26.7,14.1,0.0,24,24,2012,7,5,True,True,0.0
2012-07-06,20.25,26.7,15.2,0.0,24,24,2012,7,6,True,True,0.0
2012-07-07,18.816666666666666,24.4,14.4,2.4000000000000004,24,24,2012,7,7,True,True,1.0
2012-07-08,14.279166666666667,18.6,10.9,3.5999999999999996,24,24,2012,7,8,True,True,1.0
2012-07-09,15.291666666666666,22.6,10.1,0.0,24,24,2012,7,9,True,True,0.0
2012-07-10,17.525000000000002,24.7,12.2,0.0,24,24,2012,7,10,True,True,0.0
2012-07-11,19.904166666666665,26.5,14.9,0.0,24,24,2012,7,11,True,True,0.0
2012-07-12,18.420833333333334,23.6,12.7,3.4000000000000004,24,24,2012,7,12,True,True,1.0
2012-07-13,12.35,19.9,6.8,0.0,24,24,2012,7,13,True,True,0.0
2012-07-14,13.079166666666666,21.5,7.2,0.0,24,24,2012,7,14,True,True,0.0
2012-07-15,14.229166666666666,21.3,9.0,0.0,24,24,2012,7,15,True,True,0.0
2012-07-16,15.0875,19.7,12.3,0.0,24,24,2012,7,16,True,True,0.0
2012-07-17,15.108333333333334,19.7,12.4,1.0,24,24,2012,7,17,True,True,1.0
2012-07-18,10.879166666666668,16.0,8.0,0.0,24,24,2012,7,18,True,True,0.0
2012-07-19,12.720833333333333,20.0,6.6,0.2,24,24,2012,7,19,True,True,0.0
2012-07-20,14.741666666666667,22.7,8.6,0.0,24,24,2012,7,20,True,True,0.0
2012-07-21,17.099999999999998,26.4,9.4,0.0,24,24,2012,7,21,True,True,0.0
2012-07-22,21.25,29.4,14.6,0.0,24,24,2012,7,22,True,True,0.0
2012-07-23,22.541666666666668,30.3,17.8,0.0,24,24,2012,7,23,True,True,0.0
2012-07-24,22.28333333333333,27.9,16.6,0.0,24,24,2012,7,24,True,True,0.0
2012-07-25,22.474999999999998,29.9,16.4,0.0,24,24,2012,7,25,True,True,0.0
2012-07-26,20.8875,28.6,13.7,0.0,24,24,2012,7,26,True,True,0.0
2012-07-27,21.5125,29.8,16.2,0.0,24,24,2012,7,27,True,True,0.0
2012-07-28,20.904166666666665,28.9,15.2,0.0,24,24,2012,7,28,True,True,0.0
2012-07-29,22.179166666666664,29.8,16.8,0.0,24,24,2012,7,29,True,True,0.0
2012-07-30,19.25,24.7,14.7,0.0,24,24,2012,7,30,True,True,0.0
2012-07-31,18.7375,25.3,14.0,0.0,24,24,2012,7,31,True,True,0.0
2012-08-01,18.837500000000002,25.5,14.5,0.0,24,24,2012,8,1,True,True,0.0
2012-08-02,19.908333333333335,26.8,15.0,0.0,24,24,2012,8,2,True,True,0.0
2012-08-03,20.579166666666666,27.4,15.6,0.0,24,24,2012,8,3,True,True,0.0
2012-08-04,21.224999999999998,28.3,13.5,0.0,24,24,2012,8,4,True,True,0.0
2012-08-05,21.425,28.7,15.5,0.0,24,24,2012,8,5,True,True,0.0
2012-08-06,18.5125,24.7,14.2,0.0,24,24,2012,8,6,True,True,0.0
2012-08-07,17.5,26.4,10.5,0.0,24,24,2012,8,7,True,True,0.0
2012-08-08,19.720833333333335,28.3,13.3,0.0,24,24,2012,8,8,True,True,0.0
2012-08-09,19.900000000000002,28.4,14.5,0.0,24,24,2012,8,9,True,True,0.0
2012-08-10,19.858333333333334,28.0,14.8,0.0,24,24,2012,8,10,True,True,0.0
2012-08-11,19.925,27.6,14.2,0.0,24,24,2012,8,11,True,True,0.0
2012-08-12,20.25,27.3,15.3,0.0,24,24,2012,8,12,True,True,0.0
2012-08-13,20.858333333333334,27.9,15.7,0.0,24,24,2012,8,13,True,True,0.0
2012-08-14,20.741666666666667,28.2,14.5,0.0,24,24,2012,8,14,True,True,0.0
2012-08-15,20.691666666666666,27.8,14.9,0.0,24,24,2012,8,15,True,True,0.0
2012-08-16,21.087500000000002,27.6,15.5,0.0,24,24,2012,8,16,True,True,0.0
2012-08-17,21.425,28.8,16.2,0.0,24,24,2012,8,17,True,True,0.0
2012-08-18,20.2375,27.5,14.6,0.0,24,24,2012,8,18,True,True,0.0
2012-08-19,21.233333333333334,27.7,15.6,0.0,24,24,2012,8,19,True,True,0.0
2012-08-20,20.754166666666666,27.6,14.9,0.0,24,24,2012,8,20,True,True,0.0
2012-08-21,21.145833333333332,28.6,15.3,0.0,24,24,2012,8,21,True,True,0.0
2012-08-22,21.291666666666668,28.5,14.5,0.0,24,24,2012,8,22,True,True,0.0
2012-08-23,20.6875,27.7,15.1,0.0,24,24,2012,8,23,True,True,0.0
2012-08-24,20.675,28.7,14.2,0.0,24,24,2012,8,24,True,True,0.0
2012-08-25,21.479166666666668,28.7,15.9,0.0,24,24,2012,8,25,True,True,0.0
2012-08-26,20.845833333333335,28.9,16.3,0.0,24,24,2012,8,26,True,True,0.0
2012-08-27,21.154166666666665,30.1,14.8,0.0,24,24,2012,8,27,True,True,0.0
2012-08-28,18.258333333333333,24.4,15.1,0.0,24,24,2012,8,28,True,True,0.0
2012-08-29,,,,,21,21,2012,8,29,False,False,
2012-08-30,17.841666666666665,25.0,12.3,0.0,24,24,2012,8,30,True,True,0.0
2012-08-31,18.320833333333333,29.5,10.0,0.0,24,24,2012,8,31,True,True,0.0
2012-09-01,21.791666666666668,32.3,13.4,0.0,24,24,2012,9,1,True,True,0.0
2012-09-02,22.65416666666667,32.4,14.6,0.0,24,24,2012,9,2,True,True,0.0
2012-09-03,21.90416666666667,30.9,16.4,0.0,24,24,2012,9,3,True,True,0.0
2012-09-04,20.1125,28.1,15.5,0.0,24,24,2012,9,4,True,True,0.0
2012-09-05,21.495833333333334,32.4,13.1,0.0,24,24,2012,9,5,True,True,0.0
2012-09-06,24.958333333333332,32.8,18.8,0.0,24,24,2012,9,6,True,True,0.0
2012-09-07,24.537499999999998,33.1,18.5,0.0,24,24,2012,9,7,True,True,0.0
2012-09-08,25.84583333333333,34.5,19.6,0.0,24,24,2012,9,8,True,True,0.0
2012-09-09,25.995833333333334,34.7,19.8,0.0,24,24,2012,9,9,True,True,0.0
2012-09-10,25.09583333333333,34.3,17.0,0.0,24,24,2012,9,10,True,True,0.0
2012-09-11,25.441666666666666,33.7,19.3,0.0,24,24,2012,9,11,True,True,0.0
2012-09-12,24.4375,33.7,17.0,0.0,24,24,2012,9,12,True,True,0.0
2012-09-13,25.40833333333333,35.0,19.6,0.0,24,24,2012,9,13,True,True,0.0
2012-09-14,23.400000000000002,31.5,17.8,0.0,24,24,2012,9,14,True,True,0.0
2012-09-15,24.09583333333333,34.4,16.2,0.0,24,24,2012,9,15,True,True,0.0
2012-09-16,26.46666666666667,35.4,19.3,0.0,24,24,2012,9,16,True,True,0.0
2012-09-17,27.09583333333333,35.5,19.8,0.0,24,24,2012,9,17,True,True,0.0
2012-09-18,28.058333333333334,34.9,22.1,0.0,24,24,2012,9,18,True,True,0.0
2012-09-19,25.141666666666666,34.6,17.4,13.2,24,24,2012,9,19,True,True,1.0
2012-09-20,19.504166666666666,22.7,17.3,4.6,24,24,2012,9,20,True,True,1.0
2012-09-21,17.229166666666668,19.9,16.6,64.6,24,24,2012,9,21,True,True,1.0
2012-09-22,18.758333333333333,25.5,14.3,0.0,24,24,2012,9,22,True,True,0.0
2012-09-23,19.204166666666666,27.6,12.4,0.0,24,24,2012,9,23,True,True,0.0
2012-09-24,18.979166666666668,24.7,14.5,0.2,24,24,2012,9,24,True,True,0.0
2012-09-25,18.3125,20.0,15.7,2.6,24,24,2012,9,25,True,True,1.0
2012-09-26,15.120833333333332,19.1,9.2,0.0,24,24,2012,9,26,True,True,0.0
2012-09-27,13.420833333333334,20.4,6.5,0.0,24,24,2012,9,27,True,True,0.0
2012-09-28,16.7125,24.6,10.6,0.0,24,24,2012,9,28,True,True,0.0
2012-09-29,18.575,27.8,11.5,0.0,24,24,2012,9,29,True,True,0.0
2012-09-30,21.004166666666666,30.8,13.3,0.0,24,24,2012,9,30,True,True,0.0
2012-10-01,23.670833333333334,33.1,15.3,0.0,24,24,2012,10,1,True,True,0.0
2012-10-02,24.495833333333334,33.9,15.7,0.0,24,24,2012,10,2,True,True,0.0
2012-10-03,27.295833333333334,35.6,20.8,0.0,24,24,2012,10,3,True,True,0.0
2012-10-04,24.65833333333333,33.2,18.0,0.0,24,24,2012,10,4,True,True,0.0
2012-10-05,23.46666666666667,30.9,20.6,0.0,24,24,2012,10,5,True,True,0.0
2012-10-06,25.84166666666667,34.1,19.2,0.0,24,24,2012,10,6,True,True,0.0
2012-10-07,26.325,33.8,20.6,0.0,24,24,2012,10,7,True,True,0.0
2012-10-08,25.25,33.2,19.2,0.0,24,24,2012,10,8,True,True,0.0
2012-10-09,25.037499999999998,34.0,17.8,0.0,24,24,2012,10,9,True,True,0.0
2012-10-10,25.483333333333334,31.8,21.2,0.0,24,24,2012,10,10,True,True,0.0
2012-10-11,20.5125,25.3,16.8,3.4000000000000004,24,24,2012,10,11,True,True,1.0
2012-10-12,17.429166666666667,21.0,15.6,6.0,24,24,2012,10,12,True,True,1.0
2012-10-13,19.458333333333332,24.9,15.8,0.0,24,24,2012,10,13,True,True,0.0
2012-10-14,20.104166666666668,25.8,15.6,0.0,24,24,2012,10,14,True,True,0.0
2012-10-15,21.17083333333333,30.3,14.1,0.0,24,24,2012,10,15,True,True,0.0
2012-10-16,21.104166666666668,31.1,15.6,4.4,24,24,2012,10,16,True,True,1.0
2012-10-17,21.175,27.9,17.3,1.5999999999999999,24,24,2012,10,17,True,True,1.0
2012-10-18,23.354166666666668,31.1,17.2,0.0,24,24,2012,10,18,True,True,0.0
2012-10-19,22.454166666666666,29.6,17.5,0.0,24,24,2012,10,19,True,True,0.0
2012-10-20,23.683333333333334,32.7,17.9,0.4,24,24,2012,10,20,True,True,0.0
2012-10-21,25.252173913043475,33.3,18.8,0.0,23,23,2012,10,21,True,True,0.0
2012-10-22,25.566666666666666,33.3,18.7,0.8,24,24,2012,10,22,True,True,0.0
2012-10-23,24.962500000000002,33.7,21.0,10.2,24,24,2012,10,23,True,True,1.0
2012-10-24,24.204166666666666,30.5,20.0,0.2,24,24,2012,10,24,True,True,0.0
2012-10-25,25.270833333333332,34.2,19.9,2.4,24,24,2012,10,25,True,True,1.0
2012-10-26,25.462500000000002,34.6,19.8,1.6,24,24,2012,10,26,True,True,1.0
2012-10-27,25.141666666666666,33.5,19.1,10.799999999999999,24,24,2012,10,27,True,True,1.0
2012-10-28,27.570833333333336,35.7,23.0,0.0,24,24,2012,10,28,True,True,0.0
2012-10-29,26.7625,35.6,19.8,0.0,24,24,2012,10,29,True,True,0.0
2012-10-30,29.325,37.9,23.6,0.0,24,24,2012,10,30,True,True,0.0
2012-10-31,29.483333333333334,38.6,21.9,4.0,24,24,2012,10,31,True,True,1.0
2012-11-01,23.254166666666666,31.6,19.9,3.6,24,24,2012,11,1,True,True,1.0
2012-11-02,23.375,30.4,19.5,0.0,24,24,2012,11,2,True,True,0.0
2012-11-03,20.162499999999998,24.4,17.1,1.4,24,24,2012,11,3,True,True,1.0
2012-11-04,22.754166666666666,31.0,16.6,0.0,24,24,2012,11,4,True,True,0.0
2012-11-05,23.849999999999998,32.8,16.5,0.0,24,24,2012,11,5,True,True,0.0
2012-11-06,24.558333333333334,32.5,18.8,0.0,24,24,2012,11,6,True,True,0.0
2012-11-07,24.254166666666666,32.9,17.4,0.0,24,24,2012,11,7,True,True,0.0
2012-11-08,21.141666666666666,26.5,19.0,15.399999999999999,24,24,2012,11,8,True,True,1.0
2012-11-09,20.654166666666665,24.2,19.4,38.6,24,24,2012,11,9,True,True,1.0
2012-11-10,23.474999999999998,29.2,19.4,0.0,24,24,2012,11,10,True,True,0.0
2012-11-11,24.599999999999998,31.9,19.8,0.0,24,24,2012,11,11,True,True,0.0
2012-11-12,24.8875,30.9,22.0,2.4,24,24,2012,11,12,True,True,1.0
2012-11-13,22.058333333333334,27.7,17.6,18.200000000000003,24,24,2012,11,13,True,True,1.0
2012-11-14,20.358333333333334,27.1,15.1,0.0,24,24,2012,11,14,True,True,0.0
2012-11-15,20.666666666666668,27.9,15.9,0.0,24,24,2012,11,15,True,True,0.0
2012-11-16,22.070833333333336,30.7,14.6,0.0,24,24,2012,11,16,True,True,0.0
2012-11-17,21.6875,28.9,15.6,0.0,24,24,2012,11,17,True,True,0.0
2012-11-18,21.004166666666666,30.4,12.7,0.0,24,24,2012,11,18,True,True,0.0
2012-11-19,22.675,31.2,16.0,0.0,24,24,2012,11,19,True,True,0.0
2012-11-20,24.400000000000002,32.9,18.3,0.0,24,24,2012,11,20,True,True,0.0
2012-11-21,26.03333333333333,33.1,19.7,0.0,24,24,2012,11,21,True,True,0.0
2012-11-22,25.379166666666666,34.3,18.4,0.0,24,24,2012,11,22,True,True,0.0
2012-11-23,26.833333333333332,34.8,18.9,0.0,24,24,2012,11,23,True,True,0.0
2012-11-24,23.65416666666667,28.2,20.3,32.8,24,24,2012,11,24,True,True,1.0
2012-11-25,21.204166666666666,25.5,18.2,13.2,24,24,2012,11,25,True,True,1.0
2012-11-26,22.525000000000002,29.6,17.6,0.0,24,24,2012,11,26,True,True,0.0
2012-11-27,23.129166666666666,31.3,18.2,0.0,24,24,2012,11,27,True,True,0.0
2012-11-28,25.141666666666666,33.1,19.1,0.0,24,24,2012,11,28,True,True,0.0
2012-11-29,26.820833333333336,33.6,21.0,0.0,24,24,2012,11,29,True,True,0.0
2012-11-30,24.166666666666668,30.0,19.5,0.0,24,24,2012,11,30,True,True,0.0
2012-12-01,24.833333333333332,32.2,19.7,0.0,24,24,2012,12,1,True,True,0.0
2012-12-02,25.420833333333334,32.2,18.9,0.0,24,24,2012,12,2,True,True,0.0
2012-12-03,24.733333333333334,34.3,19.6,0.4,24,24,2012,12,3,True,True,0.0
2012-12-04,26.22083333333333,33.5,20.6,0.0,24,24,2012,12,4,True,True,0.0
2012-12-05,26.504166666666666,33.8,21.9,0.0,24,24,2012,12,5,True,True,0.0
2012-12-06,25.349999999999998,34.4,21.0,12.8,24,24,2012,12,6,True,True,1.0
2012-12-07,27.337500000000002,34.6,21.7,0.0,24,24,2012,12,7,True,True,0.0
2012-12-08,29.079166666666666,36.9,22.7,0.0,24,24,2012,12,8,True,True,0.0
2012-12-09,26.77916666666667,34.7,21.2,0.0,24,24,2012,12,9,True,True,0.0
2012-12-10,26.72083333333333,34.6,19.9,0.0,24,24,2012,12,10,True,True,0.0
2012-12-11,25.633333333333336,32.4,20.9,0.4,24,24,2012,12,11,True,True,0.0
2012-12-12,24.474999999999998,33.8,20.1,14.8,24,24,2012,12,12,True,True,1.0
2012-12-13,24.166666666666668,32.7,19.5,4.8,24,24,2012,12,13,True,True,1.0
2012-12-14,23.958333333333332,29.3,21.3,19.0,24,24,2012,12,14,True,True,1.0
2012-12-15,22.045833333333334,26.1,20.7,8.8,24,24,2012,12,15,True,True,1.0
2012-12-16,23.037499999999998,28.4,20.6,4.0,24,24,2012,12,16,True,True,1.0
2012-12-17,20.849999999999998,23.2,19.4,25.6,24,24,2012,12,17,True,True,1.0
2012-12-18,23.59583333333333,29.4,18.9,0.4,24,24,2012,12,18,True,True,0.0
2012-12-19,25.541666666666668,32.0,20.5,0.2,24,24,2012,12,19,True,True,0.0
2012-12-20,27.03333333333333,34.5,21.1,0.0,24,24,2012,12,20,True,True,0.0
2012-12-21,26.84166666666667,35.8,21.8,4.2,24,24,2012,12,21,True,True,1.0
2012-12-22,24.2,29.8,19.8,0.2,24,24,2012,12,22,True,True,0.0
2012-12-23,23.991666666666664,32.1,20.2,10.399999999999999,24,24,2012,12,23,True,True,1.0
2012-12-24,24.849999999999998,33.5,19.8,3.6,24,24,2012,12,24,True,True,1.0
2012-12-25,27.266666666666666,34.6,21.7,0.0,24,24,2012,12,25,True,True,0.0
2012-12-26,25.3875,30.6,22.1,0.0,24,24,2012,12,26,True,True,0.0
2012-12-27,25.933333333333334,32.6,20.4,0.0,24,24,2012,12,27,True,True,0.0
2012-12-28,22.829166666666666,29.4,18.9,5.2,24,24,2012,12,28,True,True,1.0
2012-12-29,23.733333333333334,30.1,20.1,0.0,24,24,2012,12,29,True,True,0.0
2012-12-30,23.5125,30.7,21.1,0.0,24,24,2012,12,30,True,True,0.0
2012-12-31,25.05,32.6,20.4,0.0,24,24,2012,12,31,True,True,0.0
2013-01-01,23.5,32.7,20.2,14.799999999999999,24,24,2013,1,1,True,True,1.0
2013-01-02,23.2625,28.6,20.1,0.2,24,24,2013,1,2,True,True,0.0
2013-01-03,22.208333333333332,28.7,18.6,0.0,24,24,2013,1,3,True,True,0.0
2013-01-04,24.133333333333336,32.4,19.0,23.599999999999998,24,24,2013,1,4,True,True,1.0
2013-01-05,24.516666666666666,30.9,19.5,0.8,24,24,2013,1,5,True,True,0.0
2013-01-06,23.7,31.0,19.4,3.2,24,24,2013,1,6,True,True,1.0
2013-01-07,25.3875,33.0,20.0,0.0,24,24,2013,1,7,True,True,0.0
2013-01-08,23.745833333333334,31.2,20.2,10.6,24,24,2013,1,8,True,True,1.0
2013-01-09,24.004166666666666,28.9,20.7,1.5999999999999999,24,24,2013,1,9,True,True,1.0
2013-01-10,22.45,26.1,19.5,0.2,24,24,2013,1,10,True,True,0.0
2013-01-11,20.945833333333333,27.9,15.4,0.2,24,24,2013,1,11,True,True,0.0
2013-01-12,19.608333333333334,25.6,15.3,9.2,24,24,2013,1,12,True,True,1.0
2013-01-13,19.875,23.7,18.5,59.8,24,24,2013,1,13,True,True,1.0
2013-01-14,21.241666666666667,26.3,19.0,3.8,24,24,2013,1,14,True,True,1.0
2013-01-15,21.208333333333332,25.6,19.1,4.800000000000001,24,24,2013,1,15,True,True,1.0
2013-01-16,19.883333333333333,23.0,17.7,53.2,24,24,2013,1,16,True,True,1.0
2013-01-17,20.712500000000002,27.3,16.9,6.4,24,24,2013,1,17,True,True,1.0
2013-01-18,23.995833333333334,31.5,19.3,0.0,24,24,2013,1,18,True,True,0.0
2013-01-19,23.900000000000002,32.0,19.8,0.2,24,24,2013,1,19,True,True,0.0
2013-01-20,23.195833333333336,29.4,18.4,0.0,24,24,2013,1,20,True,True,0.0
2013-01-21,21.758333333333336,28.4,16.2,0.0,24,24,2013,1,21,True,True,0.0
2013-01-22,22.28333333333333,28.9,17.3,0.0,24,24,2013,1,22,True,True,0.0
2013-01-23,23.7,30.3,19.2,0.0,24,24,2013,1,23,True,True,0.0
2013-01-24,25.070833333333336,32.4,19.6,0.0,24,24,2013,1,24,True,True,0.0
2013-01-25,25.28333333333333,30.8,21.1,53.0,24,24,2013,1,25,True,True,1.0
2013-01-26,23.333333333333332,30.3,20.3,4.800000000000001,24,24,2013,1,26,True,True,1.0
2013-01-27,23.666666666666668,30.2,19.4,0.0,24,24,2013,1,27,True,True,0.0
2013-01-28,22.820833333333336,29.5,18.7,0.0,24,24,2013,1,28,True,True,0.0
2013-01-29,23.683333333333334,30.3,19.0,0.0,24,24,2013,1,29,True,True,0.0
2013-01-30,22.941666666666666,28.0,19.9,0.2,24,24,2013,1,30,True,True,0.0
2013-01-31,22.929166666666664,27.0,20.2,7.400000000000001,24,24,2013,1,31,True,True,1.0
2013-02-01,24.9875,31.2,21.3,0.0,24,24,2013,2,1,True,True,0.0
2013-02-02,24.058333333333334,29.0,20.9,1.2,24,24,2013,2,2,True,True,1.0
2013-02-03,21.370833333333334,25.4,18.0,37.599999999999994,24,24,2013,2,3,True,True,1.0
2013-02-04,23.454166666666666,29.6,19.7,1.2,24,24,2013,2,4,True,True,1.0
2013-02-05,23.308333333333334,30.6,17.8,0.0,24,24,2013,2,5,True,True,0.0
2013-02-06,21.745833333333334,29.0,18.3,1.9999999999999998,24,24,2013,2,6,True,True,1.0
2013-02-07,21.008333333333333,26.2,18.5,12.4,24,24,2013,2,7,True,True,1.0
2013-02-08,19.995833333333334,22.7,18.9,19.0,24,24,2013,2,8,True,True,1.0
2013-02-09,19.691666666666666,21.6,18.5,7.2,24,24,2013,2,9,True,True,1.0
2013-02-10,22.183333333333334,27.7,19.0,3.0,24,24,2013,2,10,True,True,1.0
2013-02-11,24.52916666666667,31.5,19.2,0.0,24,24,2013,2,11,True,True,0.0
2013-02-12,25.579166666666666,32.8,20.4,0.2,24,24,2013,2,12,True,True,0.0
2013-02-13,23.40833333333333,31.7,20.5,0.2,24,24,2013,2,13,True,True,0.0
2013-02-14,25.55,34.3,20.0,0.0,24,24,2013,2,14,True,True,0.0
2013-02-15,24.766666666666666,33.8,20.9,0.4,24,24,2013,2,15,True,True,0.0
2013-02-16,25.736,33.9,20.7,0.0,25,25,2013,2,16,True,True,0.0
2013-02-17,24.679166666666664,31.9,19.3,25.0,24,24,2013,2,17,True,True,1.0
2013-02-18,25.900000000000002,33.2,19.3,3.0,24,24,2013,2,18,True,True,1.0
2013-02-19,22.55,27.0,18.8,5.4,24,24,2013,2,19,True,True,1.0
2013-02-20,24.775000000000002,32.5,20.0,0.0,24,24,2013,2,20,True,True,0.0
2013-02-21,24.6125,32.3,19.7,0.0,24,24,2013,2,21,True,True,0.0
2013-02-22,22.329166666666666,31.4,18.4,17.4,24,24,2013,2,22,True,True,1.0
2013-02-23,22.816666666666666,28.0,19.4,1.4,24,24,2013,2,23,True,True,1.0
2013-02-24,24.09166666666667,31.4,19.4,0.0,24,24,2013,2,24,True,True,0.0
2013-02-25,24.808333333333334,31.3,19.4,0.4,24,24,2013,2,25,True,True,0.0
2013-02-26,23.375,30.4,19.1,6.6,24,24,2013,2,26,True,True,1.0
2013-02-27,23.491666666666664,29.6,20.0,1.0,24,24,2013,2,27,True,True,1.0
2013-02-28,24.429166666666664,31.6,19.3,0.0,24,24,2013,2,28,True,True,0.0
2013-03-01,23.504166666666666,30.0,19.4,0.0,24,24,2013,3,1,True,True,0.0
2013-03-02,23.7375,31.3,17.8,0.0,24,24,2013,3,2,True,True,0.0
2013-03-03,24.650000000000002,31.5,19.6,0.0,24,24,2013,3,3,True,True,0.0
2013-03-04,25.849999999999998,32.9,20.9,0.0,24,24,2013,3,4,True,True,0.0
2013-03-05,25.912499999999998,33.3,21.2,0.4,24,24,2013,3,5,True,True,0.0
2013-03-06,25.579166666666666,33.0,20.8,0.2,24,24,2013,3,6,True,True,0.0
2013-03-07,24.170833333333334,31.4,20.1,1.0,24,24,2013,3,7,True,True,1.0
2013-03-08,25.754166666666666,34.4,19.9,0.0,24,24,2013,3,8,True,True,0.0
2013-03-09,25.508333333333336,32.6,21.5,0.2,24,24,2013,3,9,True,True,0.0
2013-03-10,23.22083333333333,30.2,19.8,5.4,24,24,2013,3,10,True,True,1.0
2013-03-11,23.770833333333332,32.3,19.9,15.6,24,24,2013,3,11,True,True,1.0
2013-03-12,24.4375,31.6,20.3,1.4000000000000001,24,24,2013,3,12,True,True,1.0
2013-03-13,22.883333333333336,28.7,20.3,7.6000000000000005,24,24,2013,3,13,True,True,1.0
2013-03-14,23.454166666666666,28.0,20.9,0.0,24,24,2013,3,14,True,True,0.0
2013-03-15,23.145833333333332,30.7,19.3,32.0,24,24,2013,3,15,True,True,1.0
2013-03-16,21.650000000000002,23.9,20.5,10.2,24,24,2013,3,16,True,True,1.0
2013-03-17,20.445833333333333,21.7,18.5,12.600000000000001,24,24,2013,3,17,True,True,1.0
2013-03-18,18.679166666666667,21.3,16.3,0.4,24,24,2013,3,18,True,True,0.0
2013-03-19,19.666666666666668,23.8,16.8,0.0,24,24,2013,3,19,True,True,0.0
2013-03-20,18.958333333333332,20.1,17.9,38.2,24,24,2013,3,20,True,True,1.0
2013-03-21,20.458333333333332,24.8,17.5,64.60000000000001,24,24,2013,3,21,True,True,1.0
2013-03-22,21.829166666666666,27.5,17.9,0.2,24,24,2013,3,22,True,True,0.0
2013-03-23,22.6375,30.3,17.8,0.8,24,24,2013,3,23,True,True,0.0
2013-03-24,22.316666666666666,27.9,18.7,0.0,24,24,2013,3,24,True,True,0.0
2013-03-25,22.5125,29.4,18.7,0.2,24,24,2013,3,25,True,True,0.0
2013-03-26,20.729166666666668,23.8,18.9,2.4000000000000004,24,24,2013,3,26,True,True,1.0
2013-03-27,21.537499999999998,27.9,17.2,0.0,24,24,2013,3,27,True,True,0.0
2013-03-28,,,,,18,18,2013,3,28,False,False,
2013-03-29,,,,,18,18,2013,3,29,False,False,
2013-03-30,21.72083333333333,28.8,16.8,0.0,24,24,2013,3,30,True,True,0.0
2013-03-31,22.791666666666668,30.0,17.3,0.0,24,24,2013,3,31,True,True,0.0
2013-04-01,24.3875,31.5,19.2,0.0,24,24,2013,4,1,True,True,0.0
2013-04-02,20.454166666666666,23.7,18.9,29.8,24,24,2013,4,2,True,True,1.0
2013-04-03,21.870833333333334,26.8,18.5,0.6,24,24,2013,4,3,True,True,0.0
2013-04-04,23.195833333333336,27.8,19.9,0.0,24,24,2013,4,4,True,True,0.0
2013-04-05,22.445833333333336,25.6,20.1,40.0,24,24,2013,4,5,True,True,1.0
2013-04-06,22.7625,27.4,19.9,0.0,24,24,2013,4,6,True,True,0.0
2013-04-07,23.3125,29.1,20.2,0.0,24,24,2013,4,7,True,True,0.0
2013-04-08,23.320833333333336,29.4,19.9,0.0,24,24,2013,4,8,True,True,0.0
2013-04-09,22.59166666666667,28.9,18.2,0.0,24,24,2013,4,9,True,True,0.0
2013-04-10,21.458333333333332,25.9,18.5,0.0,24,24,2013,4,10,True,True,0.0
2013-04-11,22.425,27.6,18.0,0.0,24,24,2013,4,11,True,True,0.0
2013-04-12,23.400000000000002,29.1,19.9,1.5999999999999999,24,24,2013,4,12,True,True,1.0
2013-04-13,20.962500000000002,24.2,18.8,25.799999999999997,24,24,2013,4,13,True,True,1.0
2013-04-14,20.166666666666668,24.9,17.0,0.0,24,24,2013,4,14,True,True,0.0
2013-04-15,18.141666666666666,25.9,14.8,0.0,24,24,2013,4,15,True,True,0.0
2013-04-16,18.625,26.4,14.0,0.2,24,24,2013,4,16,True,True,0.0
2013-04-17,18.275000000000002,25.0,13.4,0.0,24,24,2013,4,17,True,True,0.0
2013-04-18,17.629166666666666,25.8,11.8,0.0,24,24,2013,4,18,True,True,0.0
2013-04-19,19.216666666666665,26.9,13.9,0.0,24,24,2013,4,19,True,True,0.0
2013-04-20,19.133333333333333,26.2,14.3,0.0,24,24,2013,4,20,True,True,0.0
2013-04-21,18.683333333333334,25.5,13.3,0.0,24,24,2013,4,21,True,True,0.0
2013-04-22,18.729166666666668,24.9,14.9,0.0,24,24,2013,4,22,True,True,0.0
2013-04-23,18.650000000000002,25.4,14.9,0.0,24,24,2013,4,23,True,True,0.0
2013-04-24,19.849999999999998,26.6,15.1,0.0,24,24,2013,4,24,True,True,0.0
2013-04-25,20.295833333333334,26.7,14.8,0.0,24,24,2013,4,25,True,True,0.0
2013-04-26,20.775000000000002,27.9,16.2,0.0,24,24,2013,4,26,True,True,0.0
2013-04-27,20.675,27.7,16.0,0.0,24,24,2013,4,27,True,True,0.0
2013-04-28,20.379166666666666,27.4,15.5,0.0,24,24,2013,4,28,True,True,0.0
2013-04-29,21.308333333333334,28.5,16.7,0.0,24,24,2013,4,29,True,True,0.0
2013-04-30,22.295833333333334,29.8,16.8,0.0,24,24,2013,4,30,True,True,0.0
2013-05-01,23.170833333333334,29.9,18.3,0.0,24,24,2013,5,1,True,True,0.0
2013-05-02,22.3,29.3,17.7,0.0,24,24,2013,5,2,True,True,0.0
2013-05-03,23.337500000000002,30.7,18.1,0.0,24,24,2013,5,3,True,True,0.0
2013-05-04,23.5125,30.6,18.4,0.0,24,24,2013,5,4,True,True,0.0
2013-05-05,21.525000000000002,30.0,17.4,0.0,24,24,2013,5,5,True,True,0.0
2013-05-06,17.954166666666666,24.7,14.3,0.0,24,24,2013,5,6,True,True,0.0
2013-05-07,16.820833333333333,24.4,10.9,0.0,24,24,2013,5,7,True,True,0.0
2013-05-08,15.066666666666668,23.1,9.5,0.0,24,24,2013,5,8,True,True,0.0
2013-05-09,15.862499999999999,25.5,9.0,0.0,24,24,2013,5,9,True,True,0.0
2013-05-10,18.158333333333335,27.5,10.8,0.0,24,24,2013,5,10,True,True,0.0
2013-05-11,20.04583333333333,28.3,14.0,0.0,24,24,2013,5,11,True,True,0.0
2013-05-12,20.454166666666666,28.1,15.4,0.0,24,24,2013,5,12,True,True,0.0
2013-05-13,20.866666666666667,28.5,16.3,0.0,24,24,2013,5,13,True,True,0.0
2013-05-14,21.516666666666666,27.8,17.0,0.0,24,24,2013,5,14,True,True,0.0
2013-05-15,23.141666666666666,30.0,18.3,0.0,24,24,2013,5,15,True,True,0.0
2013-05-16,21.979166666666668,27.7,19.3,0.0,24,24,2013,5,16,True,True,0.0
2013-05-17,18.991666666666667,22.3,16.0,0.0,24,24,2013,5,17,True,True,0.0
2013-05-18,19.4375,26.2,14.7,0.0,24,24,2013,5,18,True,True,0.0
2013-05-19,20.754166666666666,28.2,15.9,0.0,24,24,2013,5,19,True,True,0.0
2013-05-20,21.912499999999998,29.2,17.1,0.0,24,24,2013,5,20,True,True,0.0
2013-05-21,21.90833333333333,28.3,17.8,0.0,24,24,2013,5,21,True,True,0.0
2013-05-22,19.779166666666665,24.6,17.2,2.0,24,24,2013,5,22,True,True,1.0
2013-05-23,17.729166666666668,21.6,15.0,0.6000000000000001,24,24,2013,5,23,True,True,0.0
2013-05-24,16.070833333333333,18.4,14.6,3.2,24,24,2013,5,24,True,True,1.0
2013-05-25,16.183333333333334,23.1,11.3,0.2,24,24,2013,5,25,True,True,0.0
2013-05-26,17.154166666666665,23.4,12.5,0.0,24,24,2013,5,26,True,True,0.0
2013-05-27,16.425,18.4,14.9,38.6,24,24,2013,5,27,True,True,1.0
2013-05-28,16.033333333333335,17.7,15.0,63.2,24,24,2013,5,28,True,True,1.0
2013-05-29,16.041666666666668,17.1,14.9,20.4,24,24,2013,5,29,True,True,1.0
2013-05-30,17.858333333333334,21.9,15.7,17.400000000000002,24,24,2013,5,30,True,True,1.0
2013-05-31,18.075,23.2,15.2,0.2,24,24,2013,5,31,True,True,0.0
2013-06-01,19.716666666666665,26.8,14.3,0.2,24,24,2013,6,1,True,True,0.0
2013-06-02,17.695833333333333,20.6,15.7,14.8,24,24,2013,6,2,True,True,1.0
2013-06-03,16.979166666666668,20.7,15.0,0.0,24,24,2013,6,3,True,True,0.0
2013-06-04,16.358333333333334,22.8,12.4,0.2,24,24,2013,6,4,True,True,0.0
2013-06-05,17.220833333333335,24.6,12.4,0.2,24,24,2013,6,5,True,True,0.0
2013-06-06,19.608333333333334,27.0,15.2,0.0,24,24,2013,6,6,True,True,0.0
2013-06-07,19.295833333333334,26.9,14.8,0.0,24,24,2013,6,7,True,True,0.0
2013-06-08,18.533333333333335,25.8,14.2,0.0,24,24,2013,6,8,True,True,0.0
2013-06-09,18.5625,25.3,14.1,0.0,24,24,2013,6,9,True,True,0.0
2013-06-10,19.470833333333335,26.0,15.7,0.0,24,24,2013,6,10,True,True,0.0
2013-06-11,19.474999999999998,27.3,16.6,3.2,24,24,2013,6,11,True,True,1.0
2013-06-12,19.425,27.1,15.7,21.8,24,24,2013,6,12,True,True,1.0
2013-06-13,18.9875,26.0,15.5,0.2,24,24,2013,6,13,True,True,0.0
2013-06-14,17.370833333333334,23.9,14.7,0.2,24,24,2013,6,14,True,True,0.0
2013-06-15,15.616666666666667,20.7,11.9,0.2,24,24,2013,6,15,True,True,0.0
2013-06-16,18.341666666666665,24.4,14.6,10.8,24,24,2013,6,16,True,True,1.0
2013-06-17,17.833333333333332,22.9,15.3,0.2,24,24,2013,6,17,True,True,0.0
2013-06-18,17.825,23.9,13.2,0.2,24,24,2013,6,18,True,True,0.0
2013-06-19,19.787499999999998,27.2,14.5,0.0,24,24,2013,6,19,True,True,0.0
2013-06-20,19.091666666666665,22.5,17.4,2.6,24,24,2013,6,20,True,True,1.0
2013-06-21,20.666666666666668,24.9,17.3,0.2,24,24,2013,6,21,True,True,0.0
2013-06-22,16.516666666666666,21.3,13.5,0.0,24,24,2013,6,22,True,True,0.0
2013-06-23,16.279166666666665,20.1,14.2,0.2,24,24,2013,6,23,True,True,0.0
2013-06-24,17.8,23.7,14.6,0.0,24,24,2013,6,24,True,True,0.0
2013-06-25,17.240909090909092,21.8,15.4,3.8000000000000003,22,22,2013,6,25,True,True,1.0
2013-06-26,16.654166666666665,18.1,15.9,9.600000000000001,24,24,2013,6,26,True,True,1.0
2013-06-27,17.154166666666665,19.9,15.6,0.2,24,24,2013,6,27,True,True,0.0
2013-06-28,19.212500000000002,25.5,15.1,0.0,24,24,2013,6,28,True,True,0.0
2013-06-29,21.258333333333333,27.8,17.0,1.4,24,24,2013,6,29,True,True,1.0
2013-06-30,20.654166666666665,26.1,18.2,2.4000000000000004,24,24,2013,6,30,True,True,1.0
2013-07-01,17.208333333333332,19.1,15.9,15.4,24,24,2013,7,1,True,True,1.0
2013-07-02,15.616666666666667,20.4,12.3,0.0,24,24,2013,7,2,True,True,0.0
2013-07-03,17.9875,24.2,13.3,0.0,24,24,2013,7,3,True,True,0.0
2013-07-04,18.833333333333332,25.0,14.1,0.0,24,24,2013,7,4,True,True,0.0
2013-07-05,,,,,17,17,2013,7,5,False,False,
2013-07-06,,,,,0,0,2013,7,6,False,False,
2013-07-07,,,,,0,0,2013,7,7,False,False,
2013-07-08,,,,,0,0,2013,7,8,False,False,
2013-07-09,,,,,0,0,2013,7,9,False,False,
2013-07-10,,,,,0,0,2013,7,10,False,False,
2013-07-11,,,,,0,0,2013,7,11,False,False,
2013-07-12,,,,,0,0,2013,7,12,False,False,
2013-07-13,,,,,0,0,2013,7,13,False,False,
2013-07-14,,,,,0,0,2013,7,14,False,False,
2013-07-15,,,,,0,0,2013,7,15,False,False,
2013-07-16,,,,,0,0,2013,7,16,False,False,
2013-07-17,,,,,0,0,2013,7,17,False,False,
2013-07-18,,,,,0,0,2013,7,18,False,False,
2013-07-19,,,,,0,0,2013,7,19,False,False,
2013-07-20,,,,,0,0,2013,7,20,False,False,
2013-07-21,,,,,0,0,2013,7,21,False,False,
2013-07-22,,,,,0,0,2013,7,22,False,False,
2013-07-23,,,,,0,0,2013,7,23,False,False,
2013-07-24,,,,,0,0,2013,7,24,False,False,
2013-07-25,,,,,0,0,2013,7,25,False,False,
2013-07-26,,,,,0,0,2013,7,26,False,False,
2013-07-27,,,,,0,0,2013,7,27,False,False,
2013-07-28,,,,,0,0,2013,7,28,False,False,
2013-07-29,,,,,0,0,2013,7,29,False,False,
2013-07-30,,,,,0,0,2013,7,30,False,False,
2013-07-31,,,,,0,0,2013,7,31,False,False,
2013-08-01,,,,,0,0,2013,8,1,False,False,
2013-08-02,,,,,0,0,2013,8,2,False,False,
2013-08-03,,,,,0,0,2013,8,3,False,False,
2013-08-04,,,,,0,0,2013,8,4,False,False,
2013-08-05,,,,,0,0,2013,8,5,False,False,
2013-08-06,,,,,0,0,2013,8,6,False,False,
2013-08-07,,,,,0,0,2013,8,7,False,False,
2013-08-08,,,,,0,0,2013,8,8,False,False,
2013-08-09,,,,,0,0,2013,8,9,False,False,
2013-08-10,,,,,0,0,2013,8,10,False,False,
2013-08-11,,,,,0,0,2013,8,11,False,False,
2013-08-12,,,,,0,0,2013,8,12,False,False,
2013-08-13,,,,,0,0,2013,8,13,False,False,
2013-08-14,,,,,0,0,2013,8,14,False,False,
2013-08-15,,,,,0,0,2013,8,15,False,False,
2013-08-16,,,,,0,0,2013,8,16,False,False,
2013-08-17,,,,,0,0,2013,8,17,False,False,
2013-08-18,,,,,0,0,2013,8,18,False,False,
2013-08-19,,,,,0,0,2013,8,19,False,False,
2013-08-20,,,,,0,0,2013,8,20,False,False,
2013-08-21,,,,,0,0,2013,8,21,False,False,
2013-08-22,,,,,0,0,2013,8,22,False,False,
2013-08-23,,,,,0,0,2013,8,23,False,False,
2013-08-24,,,,,0,0,2013,8,24,False,False,
2013-08-25,,,,,0,0,2013,8,25,False,False,
2013-08-26,,,,,0,0,2013,8,26,False,False,
2013-08-27,,,,,0,0,2013,8,27,False,False,
2013-08-28,,,,,0,0,2013,8,28,False,False,
2013-08-29,,,,,0,0,2013,8,29,False,False,
2013-08-30,,,,,0,0,2013,8,30,False,False,
2013-08-31,,,,,0,0,2013,8,31,False,False,
2013-09-01,,,,,0,0,2013,9,1,False,False,
2013-09-02,,,,,0,0,2013,9,2,False,False,
2013-09-03,,,,,0,0,2013,9,3,False,False,
2013-09-04,,,,,0,0,2013,9,4,False,False,
2013-09-05,,,,,0,0,2013,9,5,False,False,
2013-09-06,,,,,0,0,2013,9,6,False,False,
2013-09-07,,,,,0,0,2013,9,7,False,False,
2013-09-08,,,,,0,0,2013,9,8,False,False,
2013-09-09,,,,,0,0,2013,9,9,False,False,
2013-09-10,,,,,0,0,2013,9,10,False,False,
2013-09-11,,,,,0,0,2013,9,11,False,False,
2013-09-12,,,,,0,0,2013,9,12,False,False,
2013-09-13,,,,,0,0,2013,9,13,False,False,
2013-09-14,,,,,0,0,2013,9,14,False,False,
2013-09-15,,,,,0,0,2013,9,15,False,False,
2013-09-16,,,,,9,9,2013,9,16,False,False,
2013-09-17,18.017391304347825,20.0,15.3,29.4,23,23,2013,9,17,True,True,1.0
2013-09-18,17.304166666666667,20.8,14.0,0.2,24,24,2013,9,18,True,True,0.0
2013-09-19,20.9875,28.2,15.4,0.0,24,24,2013,9,19,True,True,0.0
2013-09-20,23.900000000000002,33.6,16.1,0.0,24,24,2013,9,20,True,True,0.0
2013-09-21,26.891666666666666,35.3,20.0,0.0,24,24,2013,9,21,True,True,0.0
2013-09-22,24.3875,32.0,20.8,3.1999999999999997,24,24,2013,9,22,True,True,1.0
2013-09-23,20.808333333333334,26.5,17.4,0.0,24,24,2013,9,23,True,True,0.0
2013-09-24,17.083333333333332,20.7,12.6,0.0,24,24,2013,9,24,True,True,0.0
2013-09-25,14.966666666666667,23.7,7.3,0.0,24,24,2013,9,25,True,True,0.0
2013-09-26,16.141666666666666,24.4,9.4,0.0,24,24,2013,9,26,True,True,0.0
2013-09-27,17.770833333333332,28.1,8.9,0.0,24,24,2013,9,27,True,True,0.0
2013-09-28,20.395833333333332,32.4,12.0,0.0,24,24,2013,9,28,True,True,0.0
2013-09-29,16.758333333333333,18.8,14.5,12.2,24,24,2013,9,29,True,True,1.0
2013-09-30,18.745833333333334,21.7,15.9,6.8,24,24,2013,9,30,True,True,1.0
2013-10-01,20.166666666666668,24.3,16.7,2.4,24,24,2013,10,1,True,True,1.0
2013-10-02,19.454166666666666,22.2,17.3,40.6,24,24,2013,10,2,True,True,1.0
2013-10-03,21.6875,27.6,18.5,4.0,24,24,2013,10,3,True,True,1.0
2013-10-04,18.508333333333333,20.9,16.8,35.599999999999994,24,24,2013,10,4,True,True,1.0
2013-10-05,21.125,27.9,16.3,0.0,24,24,2013,10,5,True,True,0.0
2013-10-06,18.675,25.6,12.7,0.0,24,24,2013,10,6,True,True,0.0
2013-10-07,18.037499999999998,25.2,13.8,0.0,24,24,2013,10,7,True,True,0.0
2013-10-08,17.858333333333334,23.2,12.8,0.0,24,24,2013,10,8,True,True,0.0
2013-10-09,19.508333333333333,27.1,13.4,0.0,24,24,2013,10,9,True,True,0.0
2013-10-10,20.587500000000002,28.5,13.8,0.0,24,24,2013,10,10,True,True,0.0
2013-10-11,21.504166666666666,28.0,15.0,0.0,24,24,2013,10,11,True,True,0.0
2013-10-12,20.079166666666666,22.5,17.8,0.6000000000000001,24,24,2013,10,12,True,True,0.0
2013-10-13,23.666666666666668,31.9,16.8,0.0,24,24,2013,10,13,True,True,0.0
2013-10-14,25.59166666666667,32.8,19.0,0.0,24,24,2013,10,14,True,True,0.0
2013-10-15,24.02916666666667,31.1,19.0,0.2,24,24,2013,10,15,True,True,0.0
2013-10-16,18.641666666666666,20.0,17.8,10.8,24,24,2013,10,16,True,True,1.0
2013-10-17,20.520833333333332,26.2,17.3,1.2,24,24,2013,10,17,True,True,1.0
2013-10-18,20.845833333333335,26.9,18.1,0.2,24,24,2013,10,18,True,True,0.0
2013-10-19,22.433333333333334,30.2,16.3,0.0,24,24,2013,10,19,True,True,0.0
2013-10-20,24.32608695652174,32.7,16.8,0.0,23,23,2013,10,20,True,True,0.0
2013-10-21,26.754166666666666,33.8,20.0,0.0,24,24,2013,10,21,True,True,0.0
2013-10-22,24.974999999999998,32.4,18.7,0.0,24,24,2013,10,22,True,True,0.0
2013-10-23,25.05,34.3,19.0,0.0,24,24,2013,10,23,True,True,0.0
2013-10-24,25.53333333333333,34.2,20.1,10.6,24,24,2013,10,24,True,True,1.0
2013-10-25,23.066666666666666,29.2,19.5,8.2,24,24,2013,10,25,True,True,1.0
2013-10-26,24.916666666666668,33.3,19.1,0.0,24,24,2013,10,26,True,True,0.0
2013-10-27,26.116666666666664,33.6,19.3,18.2,24,24,2013,10,27,True,True,1.0
2013-10-28,20.666666666666668,27.9,15.9,0.0,24,24,2013,10,28,True,True,0.0
2013-10-29,20.029166666666665,28.6,12.2,0.0,24,24,2013,10,29,True,True,0.0
2013-10-30,21.679166666666664,32.1,13.9,0.0,24,24,2013,10,30,True,True,0.0
2013-10-31,22.170833333333334,29.9,16.2,0.0,24,24,2013,10,31,True,True,0.0
2013-11-01,22.733333333333334,30.8,16.9,0.0,24,24,2013,11,1,True,True,0.0
2013-11-02,23.145833333333332,30.7,16.0,0.0,24,24,2013,11,2,True,True,0.0
2013-11-03,24.8125,32.2,18.8,8.6,24,24,2013,11,3,True,True,1.0
2013-11-04,21.0625,26.1,17.9,11.2,24,24,2013,11,4,True,True,1.0
2013-11-05,18.025000000000002,20.2,15.2,0.8,24,24,2013,11,5,True,True,0.0
2013-11-06,17.333333333333332,21.5,15.6,7.4,24,24,2013,11,6,True,True,1.0
2013-11-07,19.3875,26.3,15.0,0.2,24,24,2013,11,7,True,True,0.0
2013-11-08,21.474999999999998,29.9,15.6,0.0,24,24,2013,11,8,True,True,0.0
2013-11-09,24.1125,33.2,17.1,0.0,24,24,2013,11,9,True,True,0.0
2013-11-10,26.700000000000003,34.6,20.1,0.0,24,24,2013,11,10,True,True,0.0
2013-11-11,27.266666666666666,35.5,19.8,0.0,24,24,2013,11,11,True,True,0.0
2013-11-12,25.179166666666664,31.1,21.0,0.0,24,24,2013,11,12,True,True,0.0
2013-11-13,24.525000000000002,31.4,19.6,0.0,24,24,2013,11,13,True,True,0.0
2013-11-14,23.579166666666666,31.7,16.8,0.0,24,24,2013,11,14,True,True,0.0
2013-11-15,24.366666666666664,33.0,16.2,0.0,24,24,2013,11,15,True,True,0.0
2013-11-16,22.925,29.2,20.4,0.2,24,24,2013,11,16,True,True,0.0
2013-11-17,23.179166666666664,29.2,19.1,0.0,24,24,2013,11,17,True,True,0.0
2013-11-18,23.020833333333332,29.9,17.0,0.0,24,24,2013,11,18,True,True,0.0
2013-11-19,23.4875,31.4,17.8,35.8,24,24,2013,11,19,True,True,1.0
2013-11-20,24.125,33.5,19.0,0.0,24,24,2013,11,20,True,True,0.0
2013-11-21,24.129166666666666,33.2,19.9,0.6000000000000001,24,24,2013,11,21,True,True,0.0
2013-11-22,20.845833333333335,26.3,17.5,52.4,24,24,2013,11,22,True,True,1.0
2013-11-23,20.6375,25.3,18.1,0.2,24,24,2013,11,23,True,True,0.0
2013-11-24,20.066666666666666,23.2,18.0,8.2,24,24,2013,11,24,True,True,1.0
2013-11-25,20.883333333333333,24.1,19.2,4.800000000000001,24,24,2013,11,25,True,True,1.0
2013-11-26,22.620833333333334,29.4,17.2,0.0,24,24,2013,11,26,True,True,0.0
2013-11-27,23.208333333333332,30.9,17.5,0.0,24,24,2013,11,27,True,True,0.0
2013-11-28,25.675,33.5,19.0,0.0,24,24,2013,11,28,True,True,0.0
2013-11-29,25.162499999999998,33.0,20.5,23.0,24,24,2013,11,29,True,True,1.0
2013-11-30,24.1125,30.3,19.3,15.4,24,24,2013,11,30,True,True,1.0
2013-12-01,24.837500000000002,30.4,20.8,0.0,24,24,2013,12,1,True,True,0.0
2013-12-02,24.383333333333336,31.3,19.8,0.0,24,24,2013,12,2,True,True,0.0
2013-12-03,26.445833333333336,33.8,20.1,0.2,24,24,2013,12,3,True,True,0.0
2013-12-04,27.041666666666668,35.3,20.4,0.0,24,24,2013,12,4,True,True,0.0
2013-12-05,26.170833333333334,35.1,19.1,3.4,24,24,2013,12,5,True,True,1.0
2013-12-06,23.995833333333334,31.6,17.6,0.0,24,24,2013,12,6,True,True,0.0
2013-12-07,23.84583333333333,29.6,19.7,0.0,24,24,2013,12,7,True,True,0.0
2013-12-08,24.9375,33.1,19.8,3.6,24,24,2013,12,8,True,True,1.0
2013-12-09,25.891666666666666,31.9,21.3,0.4,24,24,2013,12,9,True,True,0.0
2013-12-10,22.337500000000002,25.6,20.7,19.6,24,24,2013,12,10,True,True,1.0
2013-12-11,22.508333333333336,27.6,19.6,0.6000000000000001,24,24,2013,12,11,True,True,0.0
2013-12-12,22.65416666666667,28.8,18.1,0.0,24,24,2013,12,12,True,True,0.0
2013-12-13,22.9875,30.4,17.2,0.0,24,24,2013,12,13,True,True,0.0
2013-12-14,23.666666666666668,30.7,18.0,0.0,24,24,2013,12,14,True,True,0.0
2013-12-15,25.733333333333334,32.7,20.4,0.0,24,24,2013,12,15,True,True,0.0
2013-12-16,25.120833333333334,32.6,18.4,0.0,24,24,2013,12,16,True,True,0.0
2013-12-17,23.875,32.1,17.4,0.0,24,24,2013,12,17,True,True,0.0
2013-12-18,22.84166666666667,32.0,14.3,0.0,24,24,2013,12,18,True,True,0.0
2013-12-19,24.208333333333332,32.8,17.9,0.0,24,24,2013,12,19,True,True,0.0
2013-12-20,24.65833333333333,33.3,19.2,0.0,24,24,2013,12,20,True,True,0.0
2013-12-21,24.087500000000002,31.8,18.7,0.0,24,24,2013,12,21,True,True,0.0
2013-12-22,24.40833333333333,32.6,18.4,0.0,24,24,2013,12,22,True,True,0.0
2013-12-23,23.104166666666668,28.9,19.8,6.3999999999999995,24,24,2013,12,23,True,True,1.0
2013-12-24,23.329166666666666,30.0,19.2,0.2,24,24,2013,12,24,True,True,0.0
2013-12-25,23.954166666666666,30.2,21.7,0.8,24,24,2013,12,25,True,True,0.0
2013-12-26,26.133333333333336,34.0,20.9,0.2,24,24,2013,12,26,True,True,0.0
2013-12-27,27.620833333333334,35.6,23.2,0.0,24,24,2013,12,27,True,True,0.0
2013-12-28,25.491666666666664,31.0,20.8,2.6,24,24,2013,12,28,True,True,1.0
2013-12-29,23.75,31.3,20.2,5.8,24,24,2013,12,29,True,True,1.0
2013-12-30,24.145833333333332,31.0,20.6,5.4,24,24,2013,12,30,True,True,1.0
2013-12-31,24.933333333333334,30.1,21.3,1.4,24,24,2013,12,31,True,True,1.0
2014-01-01,25.120833333333334,31.8,22.1,2.2,24,24,2014,1,1,True,True,1.0
2014-01-02,25.145833333333332,32.0,20.1,9.6,24,24,2014,1,2,True,True,1.0
2014-01-03,27.25,34.9,21.8,0.0,24,24,2014,1,3,True,True,0.0
2014-01-04,26.354166666666668,35.4,21.3,0.0,24,24,2014,1,4,True,True,0.0
2014-01-05,25.333333333333332,34.1,20.2,0.0,24,24,2014,1,5,True,True,0.0
2014-01-06,25.46666666666667,33.5,20.6,0.0,24,24,2014,1,6,True,True,0.0
2014-01-07,25.875,33.6,20.2,0.0,24,24,2014,1,7,True,True,0.0
2014-01-08,26.041666666666668,33.0,20.6,0.0,24,24,2014,1,8,True,True,0.0
2014-01-09,25.116666666666664,33.5,19.8,0.2,24,24,2014,1,9,True,True,0.0
2014-01-10,26.433333333333334,34.5,21.2,0.0,24,24,2014,1,10,True,True,0.0
2014-01-11,26.6125,34.0,20.4,0.0,24,24,2014,1,11,True,True,0.0
2014-01-12,23.95,31.5,20.5,6.8,24,24,2014,1,12,True,True,1.0
2014-01-13,21.433333333333334,27.6,19.4,15.600000000000001,24,24,2014,1,13,True,True,1.0
2014-01-14,24.195833333333336,31.6,18.4,0.0,24,24,2014,1,14,True,True,0.0
2014-01-15,24.05,31.8,18.8,0.0,24,24,2014,1,15,True,True,0.0
2014-01-16,21.933333333333334,26.6,19.3,14.4,24,24,2014,1,16,True,True,1.0
2014-01-17,24.46666666666667,31.2,20.4,0.0,24,24,2014,1,17,True,True,0.0
2014-01-18,23.879166666666666,31.8,18.4,0.0,24,24,2014,1,18,True,True,0.0
2014-01-19,24.195833333333336,33.1,17.1,0.0,24,24,2014,1,19,True,True,0.0
2014-01-20,25.679166666666664,34.5,19.3,0.0,24,24,2014,1,20,True,True,0.0
2014-01-21,25.9875,32.5,21.2,0.0,24,24,2014,1,21,True,True,0.0
2014-01-22,25.008333333333336,31.7,21.6,3.0,24,24,2014,1,22,True,True,1.0
2014-01-23,23.983333333333334,30.1,19.2,20.8,24,24,2014,1,23,True,True,1.0
2014-01-24,25.695833333333336,34.4,19.8,3.2,24,24,2014,1,24,True,True,1.0
2014-01-25,23.666666666666668,31.9,18.7,14.600000000000001,24,24,2014,1,25,True,True,1.0
2014-01-26,25.770833333333332,32.7,20.8,1.4,24,24,2014,1,26,True,True,1.0
2014-01-27,25.56086956521739,33.1,20.5,0.4,23,23,2014,1,27,True,True,0.0
2014-01-28,24.666666666666668,32.9,18.4,1.4,24,24,2014,1,28,True,True,1.0
2014-01-29,25.333333333333332,33.1,19.1,0.0,24,24,2014,1,29,True,True,0.0
2014-01-30,26.316666666666666,33.7,20.8,0.0,24,24,2014,1,30,True,True,0.0
2014-01-31,27.212500000000002,34.6,20.5,0.0,24,24,2014,1,31,True,True,0.0
2014-02-01,27.645833333333332,34.2,22.8,0.0,24,24,2014,2,1,True,True,0.0
2014-02-02,27.587500000000002,34.2,22.2,0.0,24,24,2014,2,2,True,True,0.0
2014-02-03,27.662499999999998,34.4,22.9,0.0,24,24,2014,2,3,True,True,0.0
2014-02-04,27.729166666666668,35.8,22.5,0.0,24,24,2014,2,4,True,True,0.0
2014-02-05,28.791666666666668,37.1,22.1,0.0,24,24,2014,2,5,True,True,0.0
2014-02-06,28.3625,35.5,22.4,0.0,24,24,2014,2,6,True,True,0.0
2014-02-07,28.458333333333332,36.0,21.2,0.0,24,24,2014,2,7,True,True,0.0
2014-02-08,25.8125,33.9,18.5,29.8,24,24,2014,2,8,True,True,1.0
2014-02-09,25.983333333333334,34.4,18.5,0.8,24,24,2014,2,9,True,True,0.0
2014-02-10,26.95,35.6,21.3,0.0,24,24,2014,2,10,True,True,0.0
2014-02-11,27.46666666666667,34.4,22.5,0.0,24,24,2014,2,11,True,True,0.0
2014-02-12,24.308333333333334,30.6,21.0,0.0,24,24,2014,2,12,True,True,0.0
2014-02-13,24.6125,32.7,20.3,0.8,24,24,2014,2,13,True,True,0.0
2014-02-14,24.25,31.9,19.1,26.0,24,24,2014,2,14,True,True,1.0
2014-02-15,20.544,22.7,19.1,27.0,25,25,2014,2,15,True,True,1.0
2014-02-16,21.96666666666667,27.7,20.3,12.4,24,24,2014,2,16,True,True,1.0
2014-02-17,23.09583333333333,29.3,19.6,0.2,24,24,2014,2,17,True,True,0.0
2014-02-18,23.825,30.0,19.1,0.0,24,24,2014,2,18,True,True,0.0
2014-02-19,23.795833333333334,30.9,18.6,0.0,24,24,2014,2,19,True,True,0.0
2014-02-20,24.65416666666667,32.6,18.3,0.0,24,24,2014,2,20,True,True,0.0
2014-02-21,25.125,31.0,20.0,0.0,24,24,2014,2,21,True,True,0.0
2014-02-22,21.270833333333332,24.7,18.9,9.2,24,24,2014,2,22,True,True,1.0
2014-02-23,22.629166666666666,27.6,20.1,3.2,24,24,2014,2,23,True,True,1.0
2014-02-24,22.0125,26.6,19.7,1.2000000000000002,24,24,2014,2,24,True,True,1.0
2014-02-25,23.633333333333336,30.5,19.8,0.0,24,24,2014,2,25,True,True,0.0
2014-02-26,25.375,33.0,19.5,0.0,24,24,2014,2,26,True,True,0.0
2014-02-27,25.120833333333334,31.8,19.9,12.799999999999999,24,24,2014,2,27,True,True,1.0
2014-02-28,23.329166666666666,29.3,19.2,1.7999999999999998,24,24,2014,2,28,True,True,1.0
2014-03-01,22.625,29.5,18.2,5.4,24,24,2014,3,1,True,True,1.0
2014-03-02,23.90416666666667,29.7,19.8,0.0,24,24,2014,3,2,True,True,0.0
2014-03-03,24.2375,30.2,20.1,0.0,24,24,2014,3,3,True,True,0.0
2014-03-04,23.974999999999998,30.3,20.4,0.2,24,24,2014,3,4,True,True,0.0
2014-03-05,22.229166666666668,26.9,20.3,12.600000000000001,24,24,2014,3,5,True,True,1.0
2014-03-06,24.958333333333332,31.4,20.5,0.0,24,24,2014,3,6,True,True,0.0
2014-03-07,23.166666666666668,28.9,19.7,0.2,24,24,2014,3,7,True,True,0.0
2014-03-08,22.316666666666666,29.9,18.2,0.0,24,24,2014,3,8,True,True,0.0
2014-03-09,23.45,30.8,18.2,0.0,24,24,2014,3,9,True,True,0.0
2014-03-10,23.920833333333334,32.2,19.5,0.8,24,24,2014,3,10,True,True,0.0
2014-03-11,24.116666666666664,31.4,20.3,11.6,24,24,2014,3,11,True,True,1.0
2014-03-12,22.25,27.4,19.8,0.6,24,24,2014,3,12,True,True,0.0
2014-03-13,22.495833333333334,27.4,20.2,6.800000000000001,24,24,2014,3,13,True,True,1.0
2014-03-14,23.616666666666664,32.4,19.9,0.8,24,24,2014,3,14,True,True,0.0
2014-03-15,25.395833333333332,33.3,20.9,0.2,24,24,2014,3,15,True,True,0.0
2014-03-16,26.633333333333336,33.2,21.8,0.0,24,24,2014,3,16,True,True,0.0
2014-03-17,25.3625,33.1,20.1,9.0,24,24,2014,3,17,True,True,1.0
2014-03-18,25.754166666666666,32.7,19.1,0.0,24,24,2014,3,18,True,True,0.0
2014-03-19,25.28333333333333,31.6,20.1,0.0,24,24,2014,3,19,True,True,0.0
2014-03-20,22.958333333333332,31.3,19.9,21.8,24,24,2014,3,20,True,True,1.0
2014-03-21,22.258333333333336,28.5,20.2,13.200000000000001,24,24,2014,3,21,True,True,1.0
2014-03-22,22.4875,28.4,18.9,0.4,24,24,2014,3,22,True,True,0.0
2014-03-23,21.52916666666667,26.5,17.2,0.0,24,24,2014,3,23,True,True,0.0
2014-03-24,21.620833333333334,28.9,16.5,0.0,24,24,2014,3,24,True,True,0.0
2014-03-25,22.429166666666664,29.8,16.9,0.0,24,24,2014,3,25,True,True,0.0
2014-03-26,22.504166666666666,29.2,17.6,0.0,24,24,2014,3,26,True,True,0.0
2014-03-27,23.320833333333336,30.8,18.4,0.0,24,24,2014,3,27,True,True,0.0
2014-03-28,23.8,31.1,18.3,0.0,24,24,2014,3,28,True,True,0.0
2014-03-29,22.043478260869566,31.0,18.8,32.4,23,23,2014,3,29,True,True,1.0
2014-03-30,21.008333333333333,23.3,19.0,7.6000000000000005,24,24,2014,3,30,True,True,1.0
2014-03-31,22.954166666666666,28.5,20.2,0.6000000000000001,24,24,2014,3,31,True,True,0.0
2014-04-01,24.829166666666666,31.6,20.3,0.0,24,24,2014,4,1,True,True,0.0
2014-04-02,24.02916666666667,31.4,19.7,0.0,24,24,2014,4,2,True,True,0.0
2014-04-03,23.775000000000002,31.7,18.0,0.0,24,24,2014,4,3,True,True,0.0
2014-04-04,24.375,30.8,20.2,0.0,24,24,2014,4,4,True,True,0.0
2014-04-05,23.666666666666668,30.5,19.0,0.0,24,24,2014,4,5,True,True,0.0
2014-04-06,23.583333333333332,31.4,18.1,0.0,24,24,2014,4,6,True,True,0.0
2014-04-07,24.525000000000002,32.6,19.1,0.0,24,24,2014,4,7,True,True,0.0
2014-04-08,24.708333333333332,32.4,19.3,0.0,24,24,2014,4,8,True,True,0.0
2014-04-09,23.974999999999998,32.2,20.0,7.2,24,24,2014,4,9,True,True,1.0
2014-04-10,23.691666666666666,31.1,18.7,0.2,24,24,2014,4,10,True,True,0.0
2014-04-11,24.245833333333334,30.5,19.1,0.0,24,24,2014,4,11,True,True,0.0
2014-04-12,23.150000000000002,30.3,20.4,12.400000000000002,24,24,2014,4,12,True,True,1.0
2014-04-13,22.275000000000002,27.5,19.8,4.6000000000000005,24,24,2014,4,13,True,True,1.0
2014-04-14,20.712500000000002,23.5,18.5,0.2,24,24,2014,4,14,True,True,0.0
2014-04-15,18.716666666666665,22.6,16.3,24.2,24,24,2014,4,15,True,True,1.0
2014-04-16,21.441666666666666,27.4,17.6,0.0,24,24,2014,4,16,True,True,0.0
2014-04-17,22.349999999999998,29.8,17.7,0.0,24,24,2014,4,17,True,True,0.0
2014-04-18,22.2375,29.2,17.5,0.0,24,24,2014,4,18,True,True,0.0
2014-04-19,24.083333333333332,30.7,19.4,0.0,24,24,2014,4,19,True,True,0.0
2014-04-20,22.84583333333333,29.8,18.0,0.0,24,24,2014,4,20,True,True,0.0
2014-04-21,22.22083333333333,29.0,17.3,0.0,24,24,2014,4,21,True,True,0.0
2014-04-22,20.508333333333333,25.2,16.8,22.799999999999997,24,24,2014,4,22,True,True,1.0
2014-04-23,20.283333333333335,24.4,16.6,0.2,24,24,2014,4,23,True,True,0.0
2014-04-24,20.3125,26.1,16.7,0.0,24,24,2014,4,24,True,True,0.0
2014-04-25,19.6125,26.2,15.4,0.2,24,24,2014,4,25,True,True,0.0
2014-04-26,18.920833333333334,25.6,14.4,0.0,24,24,2014,4,26,True,True,0.0
2014-04-27,17.720833333333335,24.3,13.4,0.0,24,24,2014,4,27,True,True,0.0
2014-04-28,18.104166666666668,24.6,13.3,0.0,24,24,2014,4,28,True,True,0.0
2014-04-29,18.454166666666666,25.5,13.1,0.0,24,24,2014,4,29,True,True,0.0
2014-04-30,19.3,25.5,13.9,0.0,24,24,2014,4,30,True,True,0.0
2014-05-01,18.733333333333334,23.1,13.3,0.0,24,24,2014,5,1,True,True,0.0
2014-05-02,19.591666666666665,26.0,15.1,0.0,24,24,2014,5,2,True,True,0.0
2014-05-03,20.304166666666667,27.3,16.3,0.0,24,24,2014,5,3,True,True,0.0
2014-05-04,20.76666666666667,28.3,16.0,0.0,24,24,2014,5,4,True,True,0.0
2014-05-05,21.429166666666664,28.7,16.7,0.0,24,24,2014,5,5,True,True,0.0
2014-05-06,21.587500000000002,28.6,17.4,0.0,24,24,2014,5,6,True,True,0.0
2014-05-07,22.229166666666668,29.1,18.1,0.0,24,24,2014,5,7,True,True,0.0
2014-05-08,22.212500000000002,29.2,16.8,0.0,24,24,2014,5,8,True,True,0.0
2014-05-09,21.087500000000002,29.2,16.2,0.0,24,24,2014,5,9,True,True,0.0
2014-05-10,18.279166666666665,24.6,14.5,0.0,24,24,2014,5,10,True,True,0.0
2014-05-11,18.4375,24.9,14.1,0.0,24,24,2014,5,11,True,True,0.0
2014-05-12,18.462500000000002,25.8,13.1,0.0,24,24,2014,5,12,True,True,0.0
2014-05-13,19.916666666666668,27.0,14.5,0.0,24,24,2014,5,13,True,True,0.0
2014-05-14,20.679166666666667,28.0,16.0,0.0,24,24,2014,5,14,True,True,0.0
2014-05-15,19.608333333333334,27.1,14.6,0.0,24,24,2014,5,15,True,True,0.0
2014-05-16,20.191666666666666,28.1,15.5,0.0,24,24,2014,5,16,True,True,0.0
2014-05-17,20.3125,26.5,16.5,0.0,24,24,2014,5,17,True,True,0.0
2014-05-18,20.916666666666668,28.1,16.9,0.0,24,24,2014,5,18,True,True,0.0
2014-05-19,20.541666666666668,28.1,15.7,0.0,24,24,2014,5,19,True,True,0.0
2014-05-20,19.870833333333334,27.6,15.3,0.0,24,24,2014,5,20,True,True,0.0
2014-05-21,21.233333333333334,28.8,15.0,0.0,24,24,2014,5,21,True,True,0.0
2014-05-22,20.504166666666666,27.6,18.1,15.8,24,24,2014,5,22,True,True,1.0
2014-05-23,19.158333333333335,21.0,17.8,38.599999999999994,24,24,2014,5,23,True,True,1.0
2014-05-24,17.3,19.7,15.3,4.6,24,24,2014,5,24,True,True,1.0
2014-05-25,16.683333333333334,20.6,14.3,0.2,24,24,2014,5,25,True,True,0.0
2014-05-26,16.525000000000002,20.2,12.9,0.0,24,24,2014,5,26,True,True,0.0
2014-05-27,13.112499999999999,18.7,9.3,0.0,24,24,2014,5,27,True,True,0.0
2014-05-28,15.633333333333333,21.4,11.4,0.2,24,24,2014,5,28,True,True,0.0
2014-05-29,16.720833333333335,23.1,12.3,0.0,24,24,2014,5,29,True,True,0.0
2014-05-30,17.195833333333333,24.4,12.6,0.0,24,24,2014,5,30,True,True,0.0
2014-05-31,18.304166666666667,25.8,12.6,0.0,24,24,2014,5,31,True,True,0.0
2014-06-01,18.445833333333333,22.0,16.8,0.2,24,24,2014,6,1,True,True,0.0
2014-06-02,16.954166666666666,22.3,11.0,0.6,24,24,2014,6,2,True,True,0.0
2014-06-03,13.970833333333333,22.4,9.4,0.0,24,24,2014,6,3,True,True,0.0
2014-06-04,16.170833333333334,25.1,9.4,0.0,24,24,2014,6,4,True,True,0.0
2014-06-05,21.816666666666666,29.0,16.6,0.0,24,24,2014,6,5,True,True,0.0
2014-06-06,21.349999999999998,26.3,18.6,0.0,24,24,2014,6,6,True,True,0.0
2014-06-07,22.579166666666666,29.2,17.8,0.0,24,24,2014,6,7,True,True,0.0
2014-06-08,22.95,29.2,16.4,0.0,24,24,2014,6,8,True,True,0.0
2014-06-09,21.004166666666666,27.0,15.2,1.8,24,24,2014,6,9,True,True,1.0
2014-06-10,19.3625,23.4,17.1,0.0,24,24,2014,6,10,True,True,0.0
2014-06-11,19.3625,26.0,15.1,0.0,24,24,2014,6,11,True,True,0.0
2014-06-12,20.075,26.9,15.3,0.0,24,24,2014,6,12,True,True,0.0
2014-06-13,20.462500000000002,27.5,16.3,0.0,24,24,2014,6,13,True,True,0.0
2014-06-14,21.125,27.7,16.1,0.0,24,24,2014,6,14,True,True,0.0
2014-06-15,20.75,26.8,16.7,0.0,24,24,2014,6,15,True,True,0.0
2014-06-16,19.995833333333334,27.5,15.8,0.0,24,24,2014,6,16,True,True,0.0
2014-06-17,20.483333333333334,27.5,16.5,0.0,24,24,2014,6,17,True,True,0.0
2014-06-18,20.287499999999998,28.1,15.7,0.0,24,24,2014,6,18,True,True,0.0
2014-06-19,16.529166666666665,22.1,12.3,0.0,24,24,2014,6,19,True,True,0.0
2014-06-20,15.279166666666667,23.0,10.5,0.0,24,24,2014,6,20,True,True,0.0
2014-06-21,16.329166666666666,23.3,11.2,0.0,24,24,2014,6,21,True,True,0.0
2014-06-22,17.724999999999998,25.9,12.5,0.2,24,24,2014,6,22,True,True,0.0
2014-06-23,19.025000000000002,25.9,14.7,0.0,24,24,2014,6,23,True,True,0.0
2014-06-24,19.591666666666665,26.1,14.9,0.0,24,24,2014,6,24,True,True,0.0
2014-06-25,20.554166666666667,27.5,13.5,0.0,24,24,2014,6,25,True,True,0.0
2014-06-26,20.929166666666667,27.9,16.5,0.0,24,24,2014,6,26,True,True,0.0
2014-06-27,21.420833333333334,29.0,16.5,0.0,24,24,2014,6,27,True,True,0.0
2014-06-28,21.304166666666667,27.8,16.7,0.0,24,24,2014,6,28,True,True,0.0
2014-06-29,15.762500000000001,18.2,12.0,0.0,24,24,2014,6,29,True,True,0.0
2014-06-30,13.395833333333334,20.9,8.1,0.0,24,24,2014,6,30,True,True,0.0
2014-07-01,15.700000000000001,24.9,7.9,0.0,24,24,2014,7,1,True,True,0.0
2014-07-02,20.541666666666668,28.8,14.9,0.0,24,24,2014,7,2,True,True,0.0
2014-07-03,22.474999999999998,30.3,16.0,0.0,24,24,2014,7,3,True,True,0.0
2014-07-04,23.129166666666666,30.3,18.0,0.0,24,24,2014,7,4,True,True,0.0
2014-07-05,22.21666666666667,28.5,17.9,0.0,24,24,2014,7,5,True,True,0.0
2014-07-06,20.6875,27.1,15.3,0.0,24,24,2014,7,6,True,True,0.0
2014-07-07,19.691666666666666,25.4,15.7,0.2,24,24,2014,7,7,True,True,0.0
2014-07-08,17.479166666666668,21.7,15.1,3.0,24,24,2014,7,8,True,True,1.0
2014-07-09,17.2375,22.2,14.7,5.3999999999999995,24,24,2014,7,9,True,True,1.0
2014-07-10,16.995833333333334,22.6,13.5,0.4,24,24,2014,7,10,True,True,0.0
2014-07-11,16.283333333333335,22.8,12.2,0.0,24,24,2014,7,11,True,True,0.0
2014-07-12,16.954166666666666,24.0,11.7,0.2,24,24,2014,7,12,True,True,0.0
2014-07-13,17.720833333333335,24.8,13.3,0.0,24,24,2014,7,13,True,True,0.0
2014-07-14,17.579166666666666,24.6,12.9,0.0,24,24,2014,7,14,True,True,0.0
2014-07-15,18.087500000000002,25.6,12.8,0.0,24,24,2014,7,15,True,True,0.0
2014-07-16,18.779166666666665,26.5,13.2,0.0,24,24,2014,7,16,True,True,0.0
2014-07-17,20.916666666666668,28.1,14.7,0.0,24,24,2014,7,17,True,True,0.0
2014-07-18,18.212500000000002,23.6,15.0,2.2,24,24,2014,7,18,True,True,1.0
2014-07-19,14.841666666666667,21.7,10.2,0.2,24,24,2014,7,19,True,True,0.0
2014-07-20,14.929166666666667,23.5,9.1,0.0,24,24,2014,7,20,True,True,0.0
2014-07-21,16.462500000000002,25.8,9.4,0.0,24,24,2014,7,21,True,True,0.0
2014-07-22,19.224999999999998,28.1,12.5,0.0,24,24,2014,7,22,True,True,0.0
2014-07-23,21.620833333333334,28.3,16.1,0.0,24,24,2014,7,23,True,True,0.0
2014-07-24,17.541666666666668,21.0,14.2,11.8,24,24,2014,7,24,True,True,1.0
2014-07-25,11.450000000000001,14.5,7.9,0.2,24,24,2014,7,25,True,True,0.0
2014-07-26,12.904166666666667,16.0,7.9,0.6000000000000001,24,24,2014,7,26,True,True,0.0
2014-07-27,15.65,18.4,13.9,0.6000000000000001,24,24,2014,7,27,True,True,0.0
2014-07-28,16.308333333333334,21.1,13.7,0.0,24,24,2014,7,28,True,True,0.0
2014-07-29,17.89166666666667,24.6,13.4,0.0,24,24,2014,7,29,True,True,0.0
2014-07-30,17.829166666666666,25.7,11.7,0.0,24,24,2014,7,30,True,True,0.0
2014-07-31,18.933333333333334,27.0,13.0,0.0,24,24,2014,7,31,True,True,0.0
2014-08-01,20.724999999999998,29.0,14.3,0.0,24,24,2014,8,1,True,True,0.0
2014-08-02,21.78333333333333,29.5,14.7,0.0,24,24,2014,8,2,True,True,0.0
2014-08-03,22.895833333333332,30.5,17.1,0.0,24,24,2014,8,3,True,True,0.0
2014-08-04,22.929166666666664,31.5,16.5,0.0,24,24,2014,8,4,True,True,0.0
2014-08-05,18.841666666666665,23.9,13.6,0.0,24,24,2014,8,5,True,True,0.0
2014-08-06,17.883333333333333,27.3,10.7,0.0,24,24,2014,8,6,True,True,0.0
2014-08-07,20.97826086956522,29.4,14.4,0.0,23,23,2014,8,7,True,True,0.0
2014-08-08,20.283333333333335,28.2,15.5,0.0,24,24,2014,8,8,True,True,0.0
2014-08-09,19.129166666666666,26.3,14.2,0.0,24,24,2014,8,9,True,True,0.0
2014-08-10,19.712500000000002,27.9,13.8,0.0,24,24,2014,8,10,True,True,0.0
2014-08-11,21.875,30.3,11.9,0.0,24,24,2014,8,11,True,True,0.0
2014-08-12,24.233333333333334,32.2,18.1,0.0,24,24,2014,8,12,True,True,0.0
2014-08-13,17.9375,23.7,11.7,13.8,24,24,2014,8,13,True,True,1.0
2014-08-14,14.133333333333333,20.2,9.1,0.0,24,24,2014,8,14,True,True,0.0
2014-08-15,18.191666666666666,25.8,12.7,0.0,24,24,2014,8,15,True,True,0.0
2014-08-16,20.6375,28.8,14.7,0.0,24,24,2014,8,16,True,True,0.0
2014-08-17,19.474999999999998,27.6,16.0,4.4,24,24,2014,8,17,True,True,1.0
2014-08-18,20.808333333333334,28.2,15.8,0.0,24,24,2014,8,18,True,True,0.0
2014-08-19,19.616666666666667,28.0,13.8,0.0,24,24,2014,8,19,True,True,0.0
2014-08-20,19.2625,28.4,12.3,0.0,24,24,2014,8,20,True,True,0.0
2014-08-21,20.820833333333333,30.0,13.6,0.0,24,24,2014,8,21,True,True,0.0
2014-08-22,23.0,31.6,16.7,0.0,24,24,2014,8,22,True,True,0.0
2014-08-23,23.616666666666664,31.7,15.4,0.0,24,24,2014,8,23,True,True,0.0
2014-08-24,24.175,33.1,17.1,0.0,24,24,2014,8,24,True,True,0.0
2014-08-25,25.22083333333333,33.6,17.6,0.0,24,24,2014,8,25,True,True,0.0
2014-08-26,21.945833333333336,28.5,15.6,0.0,24,24,2014,8,26,True,True,0.0
2014-08-27,19.054166666666667,26.7,13.4,0.2,24,24,2014,8,27,True,True,0.0
2014-08-28,19.845833333333335,28.8,14.6,0.0,24,24,2014,8,28,True,True,0.0
2014-08-29,18.679166666666667,27.5,12.0,0.0,24,24,2014,8,29,True,True,0.0
2014-08-30,20.775000000000002,31.5,12.2,0.0,24,24,2014,8,30,True,True,0.0
2014-08-31,22.224999999999998,35.5,14.9,0.2,24,24,2014,8,31,True,True,0.0
2014-09-01,19.4125,26.8,15.3,6.2,24,24,2014,9,1,True,True,1.0
2014-09-02,23.754166666666666,33.0,18.0,30.4,24,24,2014,9,2,True,True,1.0
2014-09-03,20.791666666666668,28.3,16.2,10.0,24,24,2014,9,3,True,True,1.0
2014-09-04,18.454166666666666,24.2,14.8,0.0,24,24,2014,9,4,True,True,0.0
2014-09-05,19.0625,26.7,14.2,0.0,24,24,2014,9,5,True,True,0.0
2014-09-06,20.104166666666668,29.2,12.0,0.0,24,24,2014,9,6,True,True,0.0
2014-09-07,21.375,28.0,17.2,0.0,24,24,2014,9,7,True,True,0.0
2014-09-08,23.320833333333336,31.3,17.5,0.0,24,24,2014,9,8,True,True,0.0
2014-09-09,23.712500000000002,31.1,16.8,0.0,24,24,2014,9,9,True,True,0.0
2014-09-10,24.766666666666666,33.6,17.7,0.0,24,24,2014,9,10,True,True,0.0
2014-09-11,26.3,35.1,19.5,0.0,24,24,2014,9,11,True,True,0.0
2014-09-12,24.183333333333334,33.6,16.9,0.0,24,24,2014,9,12,True,True,0.0
2014-09-13,23.125,32.5,15.0,0.0,24,24,2014,9,13,True,True,0.0
2014-09-14,24.541666666666668,33.6,17.1,0.0,24,24,2014,9,14,True,True,0.0
2014-09-15,23.745833333333334,31.2,18.0,0.0,24,24,2014,9,15,True,True,0.0
2014-09-16,22.575,31.1,15.5,0.0,24,24,2014,9,16,True,True,0.0
2014-09-17,22.2625,31.7,14.9,0.0,24,24,2014,9,17,True,True,0.0
2014-09-18,22.837500000000002,32.1,14.9,0.0,24,24,2014,9,18,True,True,0.0
2014-09-19,21.058333333333334,28.4,18.1,5.0,24,24,2014,9,19,True,True,1.0
2014-09-20,19.220833333333335,21.2,18.2,10.2,24,24,2014,9,20,True,True,1.0
2014-09-21,21.441666666666666,28.9,17.7,0.2,24,24,2014,9,21,True,True,0.0
2014-09-22,19.474999999999998,26.4,14.0,0.0,24,24,2014,9,22,True,True,0.0
2014-09-23,21.670833333333334,32.2,12.9,0.0,24,24,2014,9,23,True,True,0.0
2014-09-24,22.620833333333334,33.3,17.8,8.0,24,24,2014,9,24,True,True,1.0
2014-09-25,21.158333333333335,27.3,17.7,3.8000000000000003,24,24,2014,9,25,True,True,1.0
2014-09-26,21.016666666666666,29.9,18.1,21.799999999999997,24,24,2014,9,26,True,True,1.0
2014-09-27,19.599999999999998,22.6,17.9,3.0,24,24,2014,9,27,True,True,1.0
2014-09-28,21.704166666666666,28.3,17.5,0.0,24,24,2014,9,28,True,True,0.0
2014-09-29,24.09166666666667,33.3,19.0,1.4,24,24,2014,9,29,True,True,1.0
2014-09-30,22.945833333333336,30.1,17.3,9.200000000000001,24,24,2014,9,30,True,True,1.0
2014-10-01,23.416666666666668,30.7,19.7,0.2,24,24,2014,10,1,True,True,0.0
2014-10-02,20.358333333333334,26.2,14.9,0.0,24,24,2014,10,2,True,True,0.0
2014-10-03,18.379166666666666,26.2,13.7,0.0,24,24,2014,10,3,True,True,0.0
2014-10-04,17.608333333333334,24.6,12.6,0.0,24,24,2014,10,4,True,True,0.0
2014-10-05,18.204166666666666,25.9,12.2,0.0,24,24,2014,10,5,True,True,0.0
2014-10-06,18.908333333333335,28.7,11.8,0.0,24,24,2014,10,6,True,True,0.0
2014-10-07,19.775000000000002,27.5,13.5,0.0,24,24,2014,10,7,True,True,0.0
2014-10-08,22.983333333333334,31.7,14.6,0.0,24,24,2014,10,8,True,True,0.0
2014-10-09,24.770833333333332,33.8,17.0,0.0,24,24,2014,10,9,True,True,0.0
2014-10-10,26.545833333333334,36.1,18.9,0.0,24,24,2014,10,10,True,True,0.0
2014-10-11,28.0,36.2,20.6,0.0,24,24,2014,10,11,True,True,0.0
2014-10-12,27.65833333333333,36.7,19.9,0.0,24,24,2014,10,12,True,True,0.0
2014-10-13,28.766666666666666,37.5,21.3,0.0,24,24,2014,10,13,True,True,0.0
2014-10-14,29.758333333333336,39.6,20.7,0.0,24,24,2014,10,14,True,True,0.0
2014-10-15,27.504166666666666,36.9,20.2,0.0,24,24,2014,10,15,True,True,0.0
2014-10-16,26.412499999999998,37.4,18.1,0.0,24,24,2014,10,16,True,True,0.0
2014-10-17,28.508333333333336,39.1,20.7,0.0,24,24,2014,10,17,True,True,0.0
2014-10-18,26.833333333333332,36.0,19.5,0.0,24,24,2014,10,18,True,True,0.0
2014-10-19,27.243478260869566,38.6,20.0,0.8,23,23,2014,10,19,True,True,0.0
2014-10-20,,,,,21,21,2014,10,20,False,False,
2014-10-21,,,,,11,11,2014,10,21,False,False,
2014-10-22,,,,,4,4,2014,10,22,False,False,
2014-10-23,,,,,0,0,2014,10,23,False,False,
2014-10-24,,,,,0,0,2014,10,24,False,False,
2014-10-25,,,,,0,0,2014,10,25,False,False,
2014-10-26,,,,,0,0,2014,10,26,False,False,
2014-10-27,,,,,0,0,2014,10,27,False,False,
2014-10-28,,,,,0,0,2014,10,28,False,False,
2014-10-29,,,,,0,0,2014,10,29,False,False,
2014-10-30,,,,,0,0,2014,10,30,False,False,
2014-10-31,,,,,0,0,2014,10,31,False,False,
2014-11-01,,,,,0,0,2014,11,1,False,False,
2014-11-02,,,,,0,0,2014,11,2,False,False,
2014-11-03,,,,,0,0,2014,11,3,False,False,
2014-11-04,,,,,0,0,2014,11,4,False,False,
2014-11-05,,,,,0,0,2014,11,5,False,False,
2014-11-06,,,,,0,0,2014,11,6,False,False,
2014-11-07,,,,,0,0,2014,11,7,False,False,
2014-11-08,,,,,0,0,2014,11,8,False,False,
2014-11-09,,,,,0,0,2014,11,9,False,False,
2014-11-10,,,,,0,0,2014,11,10,False,False,
2014-11-11,,,,,0,0,2014,11,11,False,False,
2014-11-12,,,,,0,0,2014,11,12,False,False,
2014-11-13,,,,,0,0,2014,11,13,False,False,
2014-11-14,,,,,0,0,2014,11,14,False,False,
2014-11-15,,,,,0,0,2014,11,15,False,False,
2014-11-16,,,,,0,0,2014,11,16,False,False,
2014-11-17,,,,,0,0,2014,11,17,False,False,
2014-11-18,,,,,0,0,2014,11,18,False,False,
2014-11-19,,,,,0,0,2014,11,19,False,False,
2014-11-20,,,,,0,0,2014,11,20,False,False,
2014-11-21,,,,,0,0,2014,11,21,False,False,
2014-11-22,,,,,0,0,2014,11,22,False,False,
2014-11-23,,,,,0,0,2014,11,23,False,False,
2014-11-24,,,,,0,0,2014,11,24,False,False,
2014-11-25,,,,,0,0,2014,11,25,False,False,
2014-11-26,,,,,0,0,2014,11,26,False,False,
2014-11-27,,,,,0,0,2014,11,27,False,False,
2014-11-28,,,,,0,0,2014,11,28,False,False,
2014-11-29,,,,,0,0,2014,11,29,False,False,
2014-11-30,,,,,0,0,2014,11,30,False,False,
2014-12-01,,,,,8,8,2014,12,1,False,False,
2014-12-02,24.075,29.3,19.7,0.0,24,24,2014,12,2,True,True,0.0
2014-12-03,23.679166666666664,30.3,18.3,0.0,24,24,2014,12,3,True,True,0.0
2014-12-04,23.008333333333336,31.7,17.8,7.4,24,24,2014,12,4,True,True,1.0
2014-12-05,21.462500000000002,28.1,16.8,0.2,24,24,2014,12,5,True,True,0.0
2014-12-06,22.474999999999998,30.6,16.8,8.2,24,24,2014,12,6,True,True,1.0
2014-12-07,23.3125,31.0,18.2,0.6,24,24,2014,12,7,True,True,0.0
2014-12-08,22.366666666666664,28.1,19.0,6.4,24,24,2014,12,8,True,True,1.0
2014-12-09,22.25,28.6,19.0,1.0,24,24,2014,12,9,True,True,1.0
2014-12-10,21.454166666666666,25.3,19.7,5.6,24,24,2014,12,10,True,True,1.0
2014-12-11,22.933333333333334,28.4,20.1,15.8,24,24,2014,12,11,True,True,1.0
2014-12-12,23.391666666666666,29.9,19.8,6.8,24,24,2014,12,12,True,True,1.0
2014-12-13,21.616666666666664,25.5,19.5,62.4,24,24,2014,12,13,True,True,1.0
2014-12-14,22.72083333333333,30.2,19.0,23.2,24,24,2014,12,14,True,True,1.0
2014-12-15,22.108333333333334,28.9,17.0,0.2,24,24,2014,12,15,True,True,0.0
2014-12-16,22.541666666666668,32.4,15.2,0.0,24,24,2014,12,16,True,True,0.0
2014-12-17,24.150000000000002,33.7,17.1,0.0,24,24,2014,12,17,True,True,0.0
2014-12-18,26.099999999999998,33.9,19.6,0.0,24,24,2014,12,18,True,True,0.0
2014-12-19,25.416666666666668,31.5,21.4,0.8,24,24,2014,12,19,True,True,0.0
2014-12-20,24.695833333333336,31.5,20.4,6.3999999999999995,24,24,2014,12,20,True,True,1.0
2014-12-21,23.108333333333334,28.9,20.5,16.200000000000003,24,24,2014,12,21,True,True,1.0
2014-12-22,23.325,30.5,20.5,3.0,24,24,2014,12,22,True,True,1.0
2014-12-23,20.641666666666666,22.0,18.4,26.0,24,24,2014,12,23,True,True,1.0
2014-12-24,21.795833333333334,27.7,17.5,0.2,24,24,2014,12,24,True,True,0.0
2014-12-25,23.504166666666666,33.3,18.9,0.0,24,24,2014,12,25,True,True,0.0
2014-12-26,26.241666666666664,34.2,20.3,0.2,24,24,2014,12,26,True,True,0.0
2014-12-27,27.625,34.4,21.5,0.0,24,24,2014,12,27,True,True,0.0
2014-12-28,27.770833333333332,35.1,22.3,0.0,24,24,2014,12,28,True,True,0.0
2014-12-29,26.825,34.4,20.6,1.6,24,24,2014,12,29,True,True,1.0
2014-12-30,25.079166666666666,32.8,19.5,2.4000000000000004,24,24,2014,12,30,True,True,1.0
2014-12-31,24.995833333333334,31.6,20.5,0.2,24,24,2014,12,31,True,True,0.0
2015-01-01,25.84166666666667,33.5,21.0,0.4,24,24,2015,1,1,True,True,0.0
2015-01-02,26.766666666666666,35.1,21.1,0.6000000000000001,24,24,2015,1,2,True,True,0.0
2015-01-03,25.3875,33.6,21.5,0.8,24,24,2015,1,3,True,True,0.0
2015-01-04,24.59583333333333,31.3,19.6,0.0,24,24,2015,1,4,True,True,0.0
2015-01-05,23.34583333333333,33.0,19.3,19.0,24,24,2015,1,5,True,True,1.0
2015-01-06,23.0125,31.0,18.9,20.999999999999996,24,24,2015,1,6,True,True,1.0
2015-01-07,24.233333333333334,32.7,19.3,16.599999999999998,24,24,2015,1,7,True,True,1.0
2015-01-08,24.525000000000002,33.2,19.1,1.0,24,24,2015,1,8,True,True,1.0
2015-01-09,26.733333333333334,34.6,20.5,0.0,24,24,2015,1,9,True,True,0.0
2015-01-10,27.537499999999998,35.2,21.1,0.0,24,24,2015,1,10,True,True,0.0
2015-01-11,28.71666666666667,36.1,22.6,0.0,24,24,2015,1,11,True,True,0.0
2015-01-12,25.791666666666668,34.2,18.3,6.0,24,24,2015,1,12,True,True,1.0
2015-01-13,27.691666666666666,35.3,22.3,0.0,24,24,2015,1,13,True,True,0.0
2015-01-14,25.541666666666668,32.5,21.3,0.2,24,24,2015,1,14,True,True,0.0
2015-01-15,27.004166666666666,35.0,20.7,0.0,24,24,2015,1,15,True,True,0.0
2015-01-16,27.125,34.4,21.5,2.8000000000000003,24,24,2015,1,16,True,True,1.0
2015-01-17,28.224999999999998,35.4,22.6,0.0,24,24,2015,1,17,True,True,0.0
2015-01-18,28.599999999999998,36.8,23.7,0.0,24,24,2015,1,18,True,True,0.0
2015-01-19,29.245833333333334,36.9,23.9,0.0,24,24,2015,1,19,True,True,0.0
2015-01-20,27.691666666666666,36.8,22.5,11.6,24,24,2015,1,20,True,True,1.0
2015-01-21,26.27916666666667,34.7,19.9,6.6,24,24,2015,1,21,True,True,1.0
2015-01-22,23.926086956521736,30.4,19.9,0.2,23,23,2015,1,22,True,True,0.0
2015-01-23,23.03333333333333,29.6,18.0,0.0,24,24,2015,1,23,True,True,0.0
2015-01-24,24.52916666666667,31.8,19.2,0.0,24,24,2015,1,24,True,True,0.0
2015-01-25,25.445833333333336,31.5,20.1,0.0,24,24,2015,1,25,True,True,0.0
2015-01-26,23.704166666666666,31.1,19.3,14.0,24,24,2015,1,26,True,True,1.0
2015-01-27,22.629166666666666,28.6,19.5,15.799999999999999,24,24,2015,1,27,True,True,1.0
2015-01-28,23.525000000000002,30.1,19.9,17.4,24,24,2015,1,28,True,True,1.0
2015-01-29,23.462500000000002,29.5,20.3,7.6000000000000005,24,24,2015,1,29,True,True,1.0
2015-01-30,23.525000000000002,31.4,18.8,0.4,24,24,2015,1,30,True,True,0.0
2015-01-31,24.258333333333336,31.5,19.6,0.0,24,24,2015,1,31,True,True,0.0
2015-02-01,25.604166666666668,34.3,19.3,0.0,24,24,2015,2,1,True,True,0.0
2015-02-02,24.974999999999998,33.3,19.9,0.6000000000000001,24,24,2015,2,2,True,True,0.0
2015-02-03,24.1375,32.1,18.5,0.0,24,24,2015,2,3,True,True,0.0
2015-02-04,22.804166666666664,27.1,19.4,6.6,24,24,2015,2,4,True,True,1.0
2015-02-05,22.520833333333332,28.9,19.7,4.4,24,24,2015,2,5,True,True,1.0
2015-02-06,21.633333333333336,29.0,18.1,2.4,24,24,2015,2,6,True,True,1.0
2015-02-07,23.099999999999998,31.1,17.9,0.0,24,24,2015,2,7,True,True,0.0
2015-02-08,24.34166666666667,31.7,19.0,0.0,24,24,2015,2,8,True,True,0.0
2015-02-09,23.770833333333332,30.5,19.9,7.6000000000000005,24,24,2015,2,9,True,True,1.0
2015-02-10,23.479166666666668,31.2,19.7,8.2,24,24,2015,2,10,True,True,1.0
2015-02-11,24.974999999999998,31.1,20.3,0.4,24,24,2015,2,11,True,True,0.0
2015-02-12,25.929166666666664,32.8,21.4,0.2,24,24,2015,2,12,True,True,0.0
2015-02-13,22.59583333333333,26.7,18.9,19.799999999999997,24,24,2015,2,13,True,True,1.0
2015-02-14,22.983333333333334,28.5,19.9,0.0,24,24,2015,2,14,True,True,0.0
2015-02-15,22.416666666666668,28.5,20.0,1.0,24,24,2015,2,15,True,True,1.0
2015-02-16,22.170833333333334,28.1,18.4,2.0,24,24,2015,2,16,True,True,1.0
2015-02-17,21.8875,27.8,19.0,6.799999999999999,24,24,2015,2,17,True,True,1.0
2015-02-18,21.479166666666668,25.5,19.6,24.4,24,24,2015,2,18,True,True,1.0
2015-02-19,23.52916666666667,30.0,20.9,9.599999999999998,24,24,2015,2,19,True,True,1.0
2015-02-20,23.645833333333332,28.6,20.2,6.800000000000001,24,24,2015,2,20,True,True,1.0
2015-02-21,25.468000000000004,32.2,21.0,0.0,25,25,2015,2,21,True,True,0.0
2015-02-22,25.6125,32.9,20.4,0.0,24,24,2015,2,22,True,True,0.0
2015-02-23,25.133333333333336,32.6,19.9,0.0,24,24,2015,2,23,True,True,0.0
2015-02-24,25.954166666666666,32.9,21.1,0.0,24,24,2015,2,24,True,True,0.0
2015-02-25,23.933333333333334,31.1,19.0,8.2,24,24,2015,2,25,True,True,1.0
2015-02-26,24.525000000000002,31.7,19.5,0.0,24,24,2015,2,26,True,True,0.0
2015-02-27,24.383333333333336,31.5,20.4,0.0,24,24,2015,2,27,True,True,0.0
2015-02-28,24.004166666666666,30.7,19.0,0.0,24,24,2015,2,28,True,True,0.0
2015-03-01,23.78333333333333,30.1,19.5,0.0,24,24,2015,3,1,True,True,0.0
2015-03-02,24.349999999999998,31.3,18.6,0.0,24,24,2015,3,2,True,True,0.0
2015-03-03,24.84583333333333,31.5,19.7,0.0,24,24,2015,3,3,True,True,0.0
2015-03-04,25.4375,33.1,20.1,0.0,24,24,2015,3,4,True,True,0.0
2015-03-05,25.254166666666666,31.9,21.0,0.2,24,24,2015,3,5,True,True,0.0
2015-03-06,23.308333333333334,29.7,19.0,2.8000000000000003,24,24,2015,3,6,True,True,1.0
2015-03-07,21.766666666666666,26.6,20.0,57.2,24,24,2015,3,7,True,True,1.0
2015-03-08,22.108333333333334,27.2,19.8,58.8,24,24,2015,3,8,True,True,1.0
2015-03-09,21.26666666666667,23.7,20.0,23.399999999999995,24,24,2015,3,9,True,True,1.0
2015-03-10,22.95,28.8,20.2,2.0,24,24,2015,3,10,True,True,1.0
2015-03-11,22.704166666666666,30.1,19.0,18.400000000000002,24,24,2015,3,11,True,True,1.0
2015-03-12,21.483333333333334,28.7,18.1,0.4,24,24,2015,3,12,True,True,0.0
2015-03-13,21.808333333333334,26.4,18.2,0.0,24,24,2015,3,13,True,True,0.0
2015-03-14,22.03333333333333,26.7,19.6,4.6000000000000005,24,24,2015,3,14,True,True,1.0
2015-03-15,22.233333333333334,28.1,18.4,0.2,24,24,2015,3,15,True,True,0.0
2015-03-16,23.879166666666666,31.5,19.0,0.0,24,24,2015,3,16,True,True,0.0
2015-03-17,22.6875,28.7,18.4,0.0,24,24,2015,3,17,True,True,0.0
2015-03-18,21.441666666666666,26.4,18.8,0.0,24,24,2015,3,18,True,True,0.0
2015-03-19,20.391666666666666,23.6,18.8,10.6,24,24,2015,3,19,True,True,1.0
2015-03-20,21.379166666666666,26.3,19.0,8.6,24,24,2015,3,20,True,True,1.0
2015-03-21,21.0,27.7,18.3,0.4,24,24,2015,3,21,True,True,0.0
2015-03-22,21.920833333333334,28.5,18.6,0.2,24,24,2015,3,22,True,True,0.0
2015-03-23,22.079166666666666,29.0,17.2,0.0,24,24,2015,3,23,True,True,0.0
2015-03-24,22.045833333333334,29.2,16.1,0.0,24,24,2015,3,24,True,True,0.0
2015-03-25,22.445833333333336,29.4,17.0,0.0,24,24,2015,3,25,True,True,0.0
2015-03-26,23.52916666666667,31.6,18.1,0.0,24,24,2015,3,26,True,True,0.0
2015-03-27,23.837500000000002,28.4,20.4,0.0,24,24,2015,3,27,True,True,0.0
2015-03-28,24.254166666666666,30.6,19.2,0.0,24,24,2015,3,28,True,True,0.0
2015-03-29,23.625,30.4,20.2,7.0,24,24,2015,3,29,True,True,1.0
2015-03-30,22.379166666666666,27.0,19.5,8.4,24,24,2015,3,30,True,True,1.0
2015-03-31,23.474999999999998,29.8,19.7,0.0,24,24,2015,3,31,True,True,0.0
2015-04-01,23.770833333333332,30.8,18.8,0.0,24,24,2015,4,1,True,True,0.0
2015-04-02,23.270833333333332,29.7,18.8,0.0,24,24,2015,4,2,True,True,0.0
2015-04-03,21.7,29.9,16.4,0.0,24,24,2015,4,3,True,True,0.0
2015-04-04,21.491666666666664,28.7,17.0,13.2,24,24,2015,4,4,True,True,1.0
2015-04-05,22.175,26.0,20.2,1.4000000000000001,24,24,2015,4,5,True,True,1.0
2015-04-06,22.775000000000002,28.4,18.6,0.0,24,24,2015,4,6,True,True,0.0
2015-04-07,19.554166666666667,24.8,16.0,0.0,24,24,2015,4,7,True,True,0.0
2015-04-08,19.966666666666665,27.7,15.4,0.0,24,24,2015,4,8,True,True,0.0
2015-04-09,20.995833333333334,29.0,16.1,0.0,24,24,2015,4,9,True,True,0.0
2015-04-10,21.520833333333332,28.9,16.4,0.0,24,24,2015,4,10,True,True,0.0
2015-04-11,21.541666666666668,29.1,16.2,0.0,24,24,2015,4,11,True,True,0.0
2015-04-12,22.270833333333332,30.0,17.4,0.0,24,24,2015,4,12,True,True,0.0
2015-04-13,21.34583333333333,29.7,15.3,0.0,24,24,2015,4,13,True,True,0.0
2015-04-14,22.2625,28.6,17.5,0.0,24,24,2015,4,14,True,True,0.0
2015-04-15,22.445833333333336,28.3,19.4,0.0,24,24,2015,4,15,True,True,0.0
2015-04-16,22.84166666666667,29.7,19.0,0.0,24,24,2015,4,16,True,True,0.0
2015-04-17,22.933333333333334,29.8,18.1,0.0,24,24,2015,4,17,True,True,0.0
2015-04-18,24.0125,31.1,19.4,0.0,24,24,2015,4,18,True,True,0.0
2015-04-19,23.004166666666666,28.2,20.8,5.8,24,24,2015,4,19,True,True,1.0
2015-04-20,24.12608695652174,31.2,19.6,0.2,23,23,2015,4,20,True,True,0.0
2015-04-21,24.712500000000002,30.7,20.7,12.0,24,24,2015,4,21,True,True,1.0
2015-04-22,22.025000000000002,27.2,19.3,5.2,24,24,2015,4,22,True,True,1.0
2015-04-23,22.787499999999998,29.0,19.0,0.0,24,24,2015,4,23,True,True,0.0
2015-04-24,22.079166666666666,28.3,17.8,0.0,24,24,2015,4,24,True,True,0.0
2015-04-25,21.34583333333333,28.0,15.9,0.0,24,24,2015,4,25,True,True,0.0
2015-04-26,19.1,26.1,14.2,0.0,24,24,2015,4,26,True,True,0.0
2015-04-27,20.195833333333333,28.2,15.3,0.0,24,24,2015,4,27,True,True,0.0
2015-04-28,20.754166666666666,28.1,15.6,0.0,24,24,2015,4,28,True,True,0.0
2015-04-29,19.991666666666667,25.7,16.4,0.0,24,24,2015,4,29,True,True,0.0
2015-04-30,19.045833333333334,25.7,14.9,0.0,24,24,2015,4,30,True,True,0.0
2015-05-01,18.6875,27.1,12.7,0.0,24,24,2015,5,1,True,True,0.0
2015-05-02,20.216666666666665,28.2,13.8,0.0,24,24,2015,5,2,True,True,0.0
2015-05-03,22.354166666666668,28.3,17.7,0.0,24,24,2015,5,3,True,True,0.0
2015-05-04,21.129166666666666,25.6,18.2,16.400000000000002,24,24,2015,5,4,True,True,1.0
2015-05-05,20.8625,26.6,17.4,0.0,24,24,2015,5,5,True,True,0.0
2015-05-06,19.650000000000002,26.5,15.4,0.0,24,24,2015,5,6,True,True,0.0
2015-05-07,18.908333333333335,26.0,14.4,0.0,24,24,2015,5,7,True,True,0.0
2015-05-08,17.6125,23.5,13.2,0.2,24,24,2015,5,8,True,True,0.0
2015-05-09,19.1125,27.3,13.4,0.0,24,24,2015,5,9,True,True,0.0
2015-05-10,19.270833333333332,27.5,16.3,12.799999999999999,24,24,2015,5,10,True,True,1.0
2015-05-11,17.216666666666665,20.0,15.3,0.0,24,24,2015,5,11,True,True,0.0
2015-05-12,17.6125,24.2,12.4,0.2,24,24,2015,5,12,True,True,0.0
2015-05-13,17.929166666666667,21.9,14.8,0.0,24,24,2015,5,13,True,True,0.0
2015-05-14,18.712500000000002,25.3,14.0,0.0,24,24,2015,5,14,True,True,0.0
2015-05-15,18.091666666666665,22.3,14.6,0.0,24,24,2015,5,15,True,True,0.0
2015-05-16,17.8625,24.0,13.8,0.0,24,24,2015,5,16,True,True,0.0
2015-05-17,18.020833333333332,23.8,13.7,0.0,24,24,2015,5,17,True,True,0.0
2015-05-18,18.216666666666665,20.9,16.8,0.4,24,24,2015,5,18,True,True,0.0
2015-05-19,20.070833333333333,24.6,16.9,0.0,24,24,2015,5,19,True,True,0.0
2015-05-20,18.708333333333332,21.2,17.0,3.5999999999999996,24,24,2015,5,20,True,True,1.0
2015-05-21,19.704166666666666,25.5,16.3,0.0,24,24,2015,5,21,True,True,0.0
2015-05-22,20.554166666666667,26.8,16.5,0.2,24,24,2015,5,22,True,True,0.0
2015-05-23,20.0,24.3,17.1,0.0,24,24,2015,5,23,True,True,0.0
2015-05-24,21.34583333333333,27.6,16.3,0.0,24,24,2015,5,24,True,True,0.0
2015-05-25,22.458333333333332,29.3,18.6,0.0,24,24,2015,5,25,True,True,0.0
2015-05-26,23.145833333333332,29.1,19.0,0.0,24,24,2015,5,26,True,True,0.0
2015-05-27,22.104166666666668,28.9,17.8,0.0,24,24,2015,5,27,True,True,0.0
2015-05-28,17.620833333333334,18.2,17.1,8.200000000000001,24,24,2015,5,28,True,True,1.0
2015-05-29,16.566666666666666,22.2,12.9,4.4,24,24,2015,5,29,True,True,1.0
2015-05-30,15.008333333333333,21.3,10.0,4.0,24,24,2015,5,30,True,True,1.0
2015-05-31,15.512500000000001,17.7,12.5,56.199999999999996,24,24,2015,5,31,True,True,1.0
2015-06-01,18.241666666666667,21.2,16.5,0.6,24,24,2015,6,1,True,True,0.0
2015-06-02,17.145833333333332,19.1,15.6,0.0,24,24,2015,6,2,True,True,0.0
2015-06-03,18.129166666666666,24.3,14.1,0.2,24,24,2015,6,3,True,True,0.0
2015-06-04,19.479166666666668,25.0,16.1,0.0,24,24,2015,6,4,True,True,0.0
2015-06-05,19.816666666666666,26.2,16.2,0.2,24,24,2015,6,5,True,True,0.0
2015-06-06,19.875,26.6,15.1,0.0,24,24,2015,6,6,True,True,0.0
2015-06-07,20.833333333333332,27.8,16.7,0.0,24,24,2015,6,7,True,True,0.0
2015-06-08,20.658333333333335,27.8,16.4,0.0,24,24,2015,6,8,True,True,0.0
2015-06-09,21.133333333333333,27.2,16.2,0.0,24,24,2015,6,9,True,True,0.0
2015-06-10,21.675,27.8,17.7,0.0,24,24,2015,6,10,True,True,0.0
2015-06-11,21.820833333333336,28.1,15.3,0.0,24,24,2015,6,11,True,True,0.0
2015-06-12,21.120833333333334,27.3,15.9,0.0,24,24,2015,6,12,True,True,0.0
2015-06-13,20.829166666666666,28.1,15.5,0.0,24,24,2015,6,13,True,True,0.0
2015-06-14,22.383333333333336,28.5,16.1,0.0,24,24,2015,6,14,True,True,0.0
2015-06-15,17.241666666666667,21.7,12.1,0.2,24,24,2015,6,15,True,True,0.0
2015-06-16,15.054166666666667,21.3,9.4,0.0,24,24,2015,6,16,True,True,0.0
2015-06-17,20.204166666666666,28.7,13.9,0.0,24,24,2015,6,17,True,True,0.0
2015-06-18,21.679166666666664,28.3,17.2,0.0,24,24,2015,6,18,True,True,0.0
2015-06-19,16.641666666666666,20.1,13.9,0.2,24,24,2015,6,19,True,True,0.0
2015-06-20,17.379166666666666,22.8,13.4,0.0,24,24,2015,6,20,True,True,0.0
2015-06-21,18.075,24.7,13.4,0.0,24,24,2015,6,21,True,True,0.0
2015-06-22,19.2,25.9,14.4,0.0,24,24,2015,6,22,True,True,0.0
2015-06-23,19.358333333333334,26.3,15.6,0.0,24,24,2015,6,23,True,True,0.0
2015-06-24,17.291666666666668,20.7,15.2,0.0,24,24,2015,6,24,True,True,0.0
2015-06-25,17.083333333333332,22.7,13.1,0.0,24,24,2015,6,25,True,True,0.0
2015-06-26,16.758333333333333,22.8,13.0,0.0,24,24,2015,6,26,True,True,0.0
2015-06-27,16.170833333333334,22.9,11.4,0.0,24,24,2015,6,27,True,True,0.0
2015-06-28,15.966666666666667,23.1,11.0,0.0,24,24,2015,6,28,True,True,0.0
2015-06-29,17.779166666666665,25.4,12.0,0.0,24,24,2015,6,29,True,True,0.0
2015-06-30,19.2375,25.3,15.1,0.0,24,24,2015,6,30,True,True,0.0
2015-07-01,17.1375,19.7,15.5,14.2,24,24,2015,7,1,True,True,1.0
2015-07-02,16.474999999999998,17.4,15.2,8.8,24,24,2015,7,2,True,True,1.0
2015-07-03,16.650000000000002,19.9,14.9,1.4000000000000001,24,24,2015,7,3,True,True,1.0
2015-07-04,17.508333333333333,20.2,15.7,4.4,24,24,2015,7,4,True,True,1.0
2015-07-05,13.708333333333334,15.8,11.7,0.2,24,24,2015,7,5,True,True,0.0
2015-07-06,17.425,24.0,12.6,0.0,24,24,2015,7,6,True,True,0.0
2015-07-07,17.608333333333334,18.6,16.6,6.0,24,24,2015,7,7,True,True,1.0
2015-07-08,16.591666666666665,17.4,15.6,24.599999999999998,24,24,2015,7,8,True,True,1.0
2015-07-09,16.82916666666667,21.1,15.0,0.0,24,24,2015,7,9,True,True,0.0
2015-07-10,19.791666666666668,26.1,14.6,0.2,24,24,2015,7,10,True,True,0.0
2015-07-11,16.7625,20.2,15.5,6.4,24,24,2015,7,11,True,True,1.0
2015-07-12,20.195833333333333,27.7,14.4,0.2,24,24,2015,7,12,True,True,0.0
2015-07-13,22.575,29.1,16.8,0.0,24,24,2015,7,13,True,True,0.0
2015-07-14,22.191666666666666,29.7,16.7,0.0,24,24,2015,7,14,True,True,0.0
2015-07-15,21.416666666666668,26.8,18.5,0.0,24,24,2015,7,15,True,True,0.0
2015-07-16,20.6125,26.5,17.1,0.0,24,24,2015,7,16,True,True,0.0
2015-07-17,19.133333333333333,25.8,16.2,0.0,24,24,2015,7,17,True,True,0.0
2015-07-18,19.379166666666666,26.3,14.6,0.0,24,24,2015,7,18,True,True,0.0
2015-07-19,19.641666666666666,26.7,15.0,0.0,24,24,2015,7,19,True,True,0.0
2015-07-20,20.566666666666666,27.4,15.4,0.0,24,24,2015,7,20,True,True,0.0
2015-07-21,18.979166666666668,23.3,15.6,1.5999999999999999,24,24,2015,7,21,True,True,1.0
2015-07-22,16.441666666666666,22.4,12.8,0.0,24,24,2015,7,22,True,True,0.0
2015-07-23,17.858333333333334,25.7,12.2,0.0,24,24,2015,7,23,True,True,0.0
2015-07-24,19.691666666666666,27.0,14.7,0.0,24,24,2015,7,24,True,True,0.0
2015-07-25,18.804166666666667,25.2,16.1,5.2,24,24,2015,7,25,True,True,1.0
2015-07-26,16.5875,23.7,13.9,0.0,24,24,2015,7,26,True,True,0.0
2015-07-27,17.099999999999998,25.8,11.5,0.0,24,24,2015,7,27,True,True,0.0
2015-07-28,18.150000000000002,26.9,12.0,0.0,24,24,2015,7,28,True,True,0.0
2015-07-29,19.191666666666666,27.1,13.9,0.0,24,24,2015,7,29,True,True,0.0
2015-07-30,18.8625,27.3,13.1,0.0,24,24,2015,7,30,True,True,0.0
2015-07-31,19.991666666666667,27.9,14.0,0.0,24,24,2015,7,31,True,True,0.0
2015-08-01,20.616666666666667,28.3,15.3,0.0,24,24,2015,8,1,True,True,0.0
2015-08-02,20.8625,28.4,15.2,0.0,24,24,2015,8,2,True,True,0.0
2015-08-03,21.8,30.2,16.5,0.0,24,24,2015,8,3,True,True,0.0
2015-08-04,21.650000000000002,29.3,15.7,0.0,24,24,2015,8,4,True,True,0.0
2015-08-05,21.366666666666664,29.7,15.8,0.0,24,24,2015,8,5,True,True,0.0
2015-08-06,21.90416666666667,30.1,15.8,0.0,24,24,2015,8,6,True,True,0.0
2015-08-07,22.425,30.4,15.9,0.0,24,24,2015,8,7,True,True,0.0
2015-08-08,22.65833333333333,30.0,16.6,0.0,24,24,2015,8,8,True,True,0.0
2015-08-09,21.483333333333334,28.6,16.0,0.0,24,24,2015,8,9,True,True,0.0
2015-08-10,21.25,28.8,15.8,0.0,24,24,2015,8,10,True,True,0.0
2015-08-11,21.329166666666666,28.7,16.0,0.0,24,24,2015,8,11,True,True,0.0
2015-08-12,20.1875,27.7,14.6,0.0,24,24,2015,8,12,True,True,0.0
2015-08-13,20.545833333333334,28.0,14.8,0.0,24,24,2015,8,13,True,True,0.0
2015-08-14,20.5125,27.6,14.9,0.0,24,24,2015,8,14,True,True,0.0
2015-08-15,21.575,28.8,16.1,0.0,24,24,2015,8,15,True,True,0.0
2015-08-16,22.420833333333334,30.1,16.8,0.0,24,24,2015,8,16,True,True,0.0
2015-08-17,22.441666666666666,29.7,16.4,0.0,24,24,2015,8,17,True,True,0.0
2015-08-18,22.4375,28.5,18.4,0.0,24,24,2015,8,18,True,True,0.0
2015-08-19,19.641666666666666,27.3,14.1,4.6000000000000005,24,24,2015,8,19,True,True,1.0
2015-08-20,17.779166666666665,25.7,12.0,0.0,24,24,2015,8,20,True,True,0.0
2015-08-21,18.075,26.0,13.0,0.0,24,24,2015,8,21,True,True,0.0
2015-08-22,19.458333333333332,29.2,12.5,0.0,24,24,2015,8,22,True,True,0.0
2015-08-23,21.958333333333332,31.8,14.4,0.0,24,24,2015,8,23,True,True,0.0
2015-08-24,18.695833333333333,25.5,15.8,4.8,24,24,2015,8,24,True,True,1.0
2015-08-25,17.720833333333335,24.8,14.9,1.0,24,24,2015,8,25,True,True,1.0
2015-08-26,20.595833333333335,28.5,14.4,0.0,24,24,2015,8,26,True,True,0.0
2015-08-27,16.720833333333335,20.9,13.7,7.0,24,24,2015,8,27,True,True,1.0
2015-08-28,17.308333333333334,25.0,12.6,0.2,24,24,2015,8,28,True,True,0.0
2015-08-29,19.241666666666667,29.2,12.1,0.0,24,24,2015,8,29,True,True,0.0
2015-08-30,23.09583333333333,33.3,14.8,0.0,24,24,2015,8,30,True,True,0.0
2015-08-31,25.541666666666668,34.2,19.0,0.0,24,24,2015,8,31,True,True,0.0
2015-09-01,25.25,34.2,17.6,0.0,24,24,2015,9,1,True,True,0.0
2015-09-02,20.970833333333335,29.1,15.4,0.0,24,24,2015,9,2,True,True,0.0
2015-09-03,21.5,32.0,13.2,0.0,24,24,2015,9,3,True,True,0.0
2015-09-04,21.833333333333332,31.3,15.7,0.0,24,24,2015,9,4,True,True,0.0
2015-09-05,18.625,25.0,14.1,0.0,24,24,2015,9,5,True,True,0.0
2015-09-06,19.933333333333334,28.6,14.1,0.0,24,24,2015,9,6,True,True,0.0
2015-09-07,20.508333333333333,27.0,17.6,7.6,24,24,2015,9,7,True,True,1.0
2015-09-08,17.866666666666667,20.8,16.5,36.8,24,24,2015,9,8,True,True,1.0
2015-09-09,18.345833333333335,23.2,15.2,0.0,24,24,2015,9,9,True,True,0.0
2015-09-10,18.55,22.0,16.4,23.6,24,24,2015,9,10,True,True,1.0
2015-09-11,19.541666666666668,23.7,17.7,26.799999999999997,24,24,2015,9,11,True,True,1.0
2015-09-12,17.270833333333332,21.0,14.7,1.2000000000000002,24,24,2015,9,12,True,True,1.0
2015-09-13,17.466666666666665,24.7,12.5,0.2,24,24,2015,9,13,True,True,0.0
2015-09-14,18.354166666666668,25.9,12.4,0.0,24,24,2015,9,14,True,True,0.0
2015-09-15,22.5,31.9,14.5,0.0,24,24,2015,9,15,True,True,0.0
2015-09-16,27.045833333333334,34.6,21.1,0.0,24,24,2015,9,16,True,True,0.0
2015-09-17,27.150000000000002,34.5,19.3,0.0,24,24,2015,9,17,True,True,0.0
2015-09-18,28.008333333333336,35.8,22.0,0.0,24,24,2015,9,18,True,True,0.0
2015-09-19,27.575000000000003,35.6,20.7,0.0,24,24,2015,9,19,True,True,0.0
2015-09-20,26.079166666666666,35.5,18.6,0.0,24,24,2015,9,20,True,True,0.0
2015-09-21,25.679166666666664,35.5,18.5,0.0,24,24,2015,9,21,True,True,0.0
2015-09-22,26.795833333333334,35.2,21.1,0.0,24,24,2015,9,22,True,True,0.0
2015-09-23,26.804166666666664,35.7,19.9,0.0,24,24,2015,9,23,True,True,0.0
2015-09-24,28.820833333333336,37.3,22.2,0.0,24,24,2015,9,24,True,True,0.0
2015-09-25,27.15416666666667,35.7,18.8,58.0,24,24,2015,9,25,True,True,1.0
2015-09-26,21.391666666666666,27.7,18.2,11.8,24,24,2015,9,26,True,True,1.0
2015-09-27,25.233333333333334,33.0,19.7,10.0,24,24,2015,9,27,True,True,1.0
2015-09-28,20.658333333333335,26.0,17.2,5.8,24,24,2015,9,28,True,True,1.0
2015-09-29,23.0,29.2,18.3,0.2,24,24,2015,9,29,True,True,0.0
2015-09-30,22.791666666666668,29.8,18.1,0.0,24,24,2015,9,30,True,True,0.0
2015-10-01,22.883333333333336,28.7,18.7,0.0,24,24,2015,10,1,True,True,0.0
2015-10-02,25.400000000000002,34.2,18.4,0.0,24,24,2015,10,2,True,True,0.0
2015-10-03,21.033333333333335,25.2,18.9,3.6,24,24,2015,10,3,True,True,1.0
2015-10-04,21.5625,27.3,18.3,0.0,24,24,2015,10,4,True,True,0.0
2015-10-05,21.78333333333333,29.3,16.3,0.0,24,24,2015,10,5,True,True,0.0
2015-10-06,21.650000000000002,31.1,14.1,0.0,24,24,2015,10,6,True,True,0.0
2015-10-07,24.620833333333334,34.5,15.8,0.0,24,24,2015,10,7,True,True,0.0
2015-10-08,28.195833333333336,35.6,22.4,0.0,24,24,2015,10,8,True,True,0.0
2015-10-09,24.891666666666666,31.4,19.8,6.4,24,24,2015,10,9,True,True,1.0
2015-10-10,21.479166666666668,27.0,18.8,8.6,24,24,2015,10,10,True,True,1.0
2015-10-11,23.087500000000002,29.1,19.2,0.0,24,24,2015,10,11,True,True,0.0
2015-10-12,21.525000000000002,27.6,16.5,0.8,24,24,2015,10,12,True,True,0.0
2015-10-13,22.320833333333336,30.8,15.9,0.6000000000000001,24,24,2015,10,13,True,True,0.0
2015-10-14,26.175,35.7,18.2,0.0,24,24,2015,10,14,True,True,0.0
2015-10-15,27.974999999999998,35.5,22.1,0.0,24,24,2015,10,15,True,True,0.0
2015-10-16,28.962500000000002,37.6,21.1,0.0,24,24,2015,10,16,True,True,0.0
2015-10-17,26.133333333333336,36.2,18.6,0.0,24,24,2015,10,17,True,True,0.0
2015-10-18,21.247826086956522,28.4,16.8,0.0,23,23,2015,10,18,True,True,0.0
2015-10-19,23.650000000000002,33.9,15.7,0.0,24,24,2015,10,19,True,True,0.0
2015-10-20,27.516666666666666,37.9,19.0,0.0,24,24,2015,10,20,True,True,0.0
2015-10-21,28.95,35.5,23.8,0.0,24,24,2015,10,21,True,True,0.0
2015-10-22,24.9375,36.4,17.4,16.400000000000002,24,24,2015,10,22,True,True,1.0
2015-10-23,20.958333333333332,27.1,17.8,0.0,24,24,2015,10,23,True,True,0.0
2015-10-24,22.8,29.8,17.4,0.0,24,24,2015,10,24,True,True,0.0
2015-10-25,21.7,31.8,17.3,33.4,24,24,2015,10,25,True,True,1.0
2015-10-26,22.179166666666664,29.3,17.2,1.8,24,24,2015,10,26,True,True,1.0
2015-10-27,23.724999999999998,30.5,20.0,9.200000000000001,24,24,2015,10,27,True,True,1.0
2015-10-28,22.733333333333334,28.0,20.4,0.4,24,24,2015,10,28,True,True,0.0
2015-10-29,23.479166666666668,30.3,18.0,0.0,24,24,2015,10,29,True,True,0.0
2015-10-30,24.1875,31.3,18.3,0.0,24,24,2015,10,30,True,True,0.0
2015-10-31,21.5,25.7,19.6,17.799999999999997,24,24,2015,10,31,True,True,1.0
2015-11-01,21.145833333333332,24.2,19.5,6.0,24,24,2015,11,1,True,True,1.0
2015-11-02,21.525000000000002,27.0,19.0,29.6,24,24,2015,11,2,True,True,1.0
2015-11-03,22.900000000000002,27.8,20.4,4.6,24,24,2015,11,3,True,True,1.0
2015-11-04,23.675,30.6,20.9,10.8,24,24,2015,11,4,True,True,1.0
2015-11-05,22.6875,29.0,18.8,2.4,24,24,2015,11,5,True,True,1.0
2015-11-06,22.09166666666667,27.4,18.4,16.8,24,24,2015,11,6,True,True,1.0
2015-11-07,19.704166666666666,23.6,16.6,0.0,24,24,2015,11,7,True,True,0.0
2015-11-08,21.041666666666668,26.1,17.5,0.0,24,24,2015,11,8,True,True,0.0
2015-11-09,23.425,29.8,19.5,0.2,24,24,2015,11,9,True,True,0.0
2015-11-10,25.95,33.1,20.5,0.0,24,24,2015,11,10,True,True,0.0
2015-11-11,26.0,32.2,21.8,0.0,24,24,2015,11,11,True,True,0.0
2015-11-12,26.391666666666666,34.1,19.9,0.0,24,24,2015,11,12,True,True,0.0
2015-11-13,25.474999999999998,34.9,20.9,3.1999999999999997,24,24,2015,11,13,True,True,1.0
2015-11-14,25.94583333333333,33.0,19.8,0.0,24,24,2015,11,14,True,True,0.0
2015-11-15,23.166666666666668,29.9,19.4,9.6,24,24,2015,11,15,True,True,1.0
2015-11-16,24.2625,30.9,20.6,17.8,24,24,2015,11,16,True,True,1.0
2015-11-17,22.84166666666667,32.0,18.7,23.8,24,24,2015,11,17,True,True,1.0
2015-11-18,23.21666666666667,32.0,18.4,0.4,24,24,2015,11,18,True,True,0.0
2015-11-19,25.383333333333336,31.9,20.7,0.0,24,24,2015,11,19,True,True,0.0
2015-11-20,22.599999999999998,26.4,18.9,13.2,24,24,2015,11,20,True,True,1.0
2015-11-21,24.045833333333334,30.3,19.4,0.0,24,24,2015,11,21,True,True,0.0
2015-11-22,24.516666666666666,32.3,18.2,0.0,24,24,2015,11,22,True,True,0.0
2015-11-23,22.745833333333334,29.7,19.0,38.0,24,24,2015,11,23,True,True,1.0
2015-11-24,20.020833333333332,21.3,18.4,25.599999999999998,24,24,2015,11,24,True,True,1.0
2015-11-25,20.058333333333334,22.8,18.7,10.0,24,24,2015,11,25,True,True,1.0
2015-11-26,23.2375,29.4,18.4,0.0,24,24,2015,11,26,True,True,0.0
2015-11-27,24.4875,32.0,18.0,0.0,24,24,2015,11,27,True,True,0.0
2015-11-28,23.912499999999998,31.0,19.7,2.0,24,24,2015,11,28,True,True,1.0
2015-11-29,23.5,28.5,19.6,0.4,24,24,2015,11,29,True,True,0.0
2015-11-30,23.354166666666668,29.9,19.1,2.2,24,24,2015,11,30,True,True,1.0
2015-12-01,22.583333333333332,29.8,17.4,0.0,24,24,2015,12,1,True,True,0.0
2015-12-02,25.083333333333332,33.0,19.0,0.0,24,24,2015,12,2,True,True,0.0
2015-12-03,23.03333333333333,28.4,19.6,24.199999999999996,24,24,2015,12,3,True,True,1.0
2015-12-04,24.679166666666664,30.6,20.7,0.0,24,24,2015,12,4,True,True,0.0
2015-12-05,23.962500000000002,29.1,19.5,2.0,24,24,2015,12,5,True,True,1.0
2015-12-06,23.6375,27.5,20.8,0.2,24,24,2015,12,6,True,True,0.0
2015-12-07,23.712500000000002,29.9,19.9,6.4,24,24,2015,12,7,True,True,1.0
2015-12-08,24.1875,31.1,19.0,0.0,24,24,2015,12,8,True,True,0.0
2015-12-09,24.2375,30.3,20.7,0.0,24,24,2015,12,9,True,True,0.0
2015-12-10,22.383333333333336,26.5,18.5,24.6,24,24,2015,12,10,True,True,1.0
2015-12-11,23.52916666666667,30.0,18.8,0.0,24,24,2015,12,11,True,True,0.0
2015-12-12,21.95,27.7,18.9,3.5999999999999996,24,24,2015,12,12,True,True,1.0
2015-12-13,23.933333333333334,30.3,18.7,0.0,24,24,2015,12,13,True,True,0.0
2015-12-14,25.712500000000002,33.1,21.4,0.0,24,24,2015,12,14,True,True,0.0
2015-12-15,24.108333333333334,32.4,21.1,3.6,24,24,2015,12,15,True,True,1.0
2015-12-16,23.229166666666668,27.8,20.6,0.4,24,24,2015,12,16,True,True,0.0
2015-12-17,25.579166666666666,33.5,19.0,0.0,24,24,2015,12,17,True,True,0.0
2015-12-18,27.224999999999998,34.5,21.8,0.0,24,24,2015,12,18,True,True,0.0
2015-12-19,24.020833333333332,27.9,21.1,0.2,24,24,2015,12,19,True,True,0.0
2015-12-20,23.3625,29.7,19.7,1.2000000000000002,24,24,2015,12,20,True,True,1.0
2015-12-21,25.97083333333333,32.6,20.6,0.0,24,24,2015,12,21,True,True,0.0
2015-12-22,25.65833333333333,31.9,20.3,22.8,24,24,2015,12,22,True,True,1.0
2015-12-23,25.416666666666668,32.5,20.8,11.8,24,24,2015,12,23,True,True,1.0
2015-12-24,25.641666666666666,33.7,20.3,8.0,24,24,2015,12,24,True,True,1.0
2015-12-25,23.604166666666668,30.4,20.2,4.6,24,24,2015,12,25,True,True,1.0
2015-12-26,23.333333333333332,28.6,20.9,9.8,24,24,2015,12,26,True,True,1.0
2015-12-27,23.0125,28.2,21.3,7.6,24,24,2015,12,27,True,True,1.0
2015-12-28,22.47083333333333,28.8,20.5,29.4,24,24,2015,12,28,True,True,1.0
2015-12-29,21.945833333333336,24.7,20.2,15.600000000000001,24,24,2015,12,29,True,True,1.0
2015-12-30,22.099999999999998,26.1,19.8,27.599999999999998,24,24,2015,12,30,True,True,1.0
2015-12-31,23.356521739130436,29.5,21.0,1.2,23,23,2015,12,31,True,True,1.0
2016-01-01,23.683333333333334,30.5,21.2,17.0,24,24,2016,1,1,True,True,1.0
2016-01-02,24.662499999999998,31.6,21.3,4.199999999999999,24,24,2016,1,2,True,True,1.0
2016-01-03,23.558333333333334,30.1,21.1,6.4,24,24,2016,1,3,True,True,1.0
2016-01-04,23.879166666666666,29.3,20.6,0.0,24,24,2016,1,4,True,True,0.0
2016-01-05,24.9875,30.9,19.9,0.0,24,24,2016,1,5,True,True,0.0
2016-01-06,25.058333333333334,31.3,20.0,0.0,24,24,2016,1,6,True,True,0.0
2016-01-07,26.4375,34.2,20.9,0.0,24,24,2016,1,7,True,True,0.0
2016-01-08,26.25,32.6,21.9,0.6,24,24,2016,1,8,True,True,0.0
2016-01-09,23.183333333333334,27.8,22.0,8.4,24,24,2016,1,9,True,True,1.0
2016-01-10,23.27916666666667,28.8,21.6,37.8,24,24,2016,1,10,True,True,1.0
2016-01-11,22.008333333333336,23.2,21.2,43.6,24,24,2016,1,11,True,True,1.0
2016-01-12,22.829166666666666,24.6,21.7,35.0,24,24,2016,1,12,True,True,1.0
2016-01-13,23.995833333333334,29.9,20.4,55.4,24,24,2016,1,13,True,True,1.0
2016-01-14,23.3125,26.5,21.9,11.799999999999999,24,24,2016,1,14,True,True,1.0
2016-01-15,23.375,28.5,20.5,10.8,24,24,2016,1,15,True,True,1.0
2016-01-16,23.462500000000002,29.5,18.2,3.0,24,24,2016,1,16,True,True,1.0
2016-01-17,22.65833333333333,30.1,17.0,0.0,24,24,2016,1,17,True,True,0.0
2016-01-18,23.195833333333336,29.6,18.8,0.0,24,24,2016,1,18,True,True,0.0
2016-01-19,23.270833333333332,29.2,18.8,0.0,24,24,2016,1,19,True,True,0.0
2016-01-20,23.308333333333334,30.9,18.7,0.0,24,24,2016,1,20,True,True,0.0
2016-01-21,23.579166666666666,30.6,18.5,0.0,24,24,2016,1,21,True,True,0.0
2016-01-22,23.320833333333336,30.7,17.5,0.0,24,24,2016,1,22,True,True,0.0
2016-01-23,23.758333333333336,32.3,18.2,0.0,24,24,2016,1,23,True,True,0.0
2016-01-24,24.583333333333332,33.0,18.8,0.6000000000000001,24,24,2016,1,24,True,True,0.0
2016-01-25,24.75,33.8,20.0,0.8,24,24,2016,1,25,True,True,0.0
2016-01-26,24.816666666666666,33.7,20.4,2.0,24,24,2016,1,26,True,True,1.0
2016-01-27,24.333333333333332,30.6,21.4,2.0,24,24,2016,1,27,True,True,1.0
2016-01-28,24.75,30.8,20.5,3.4000000000000004,24,24,2016,1,28,True,True,1.0
2016-01-29,23.041666666666668,26.9,21.1,2.2,24,24,2016,1,29,True,True,1.0
2016-01-30,21.8875,27.9,18.9,2.8000000000000003,24,24,2016,1,30,True,True,1.0
2016-01-31,25.545833333333334,32.7,20.5,4.200000000000001,24,24,2016,1,31,True,True,1.0
2016-02-01,26.825,34.5,19.6,4.2,24,24,2016,2,1,True,True,1.0
2016-02-02,26.508333333333336,34.0,20.6,2.4000000000000004,24,24,2016,2,2,True,True,1.0
2016-02-03,27.1875,34.7,21.8,2.2,24,24,2016,2,3,True,True,1.0
2016-02-04,23.7375,30.1,18.9,6.200000000000001,24,24,2016,2,4,True,True,1.0
2016-02-05,24.608333333333334,32.8,21.2,7.0,24,24,2016,2,5,True,True,1.0
2016-02-06,24.099999999999998,32.8,19.4,5.000000000000001,24,24,2016,2,6,True,True,1.0
2016-02-07,24.916666666666668,32.8,20.1,1.6,24,24,2016,2,7,True,True,1.0
2016-02-08,24.46666666666667,31.4,20.3,8.600000000000001,24,24,2016,2,8,True,True,1.0
2016-02-09,25.983333333333334,32.1,21.2,6.2,24,24,2016,2,9,True,True,1.0
2016-02-10,26.770833333333332,33.6,21.8,3.2,24,24,2016,2,10,True,True,1.0
2016-02-11,23.954166666666666,31.1,20.4,7.0,24,24,2016,2,11,True,True,1.0
2016-02-12,24.849999999999998,31.5,19.8,8.0,24,24,2016,2,12,True,True,1.0
2016-02-13,24.900000000000002,33.1,18.1,4.800000000000001,24,24,2016,2,13,True,True,1.0
2016-02-14,26.541666666666668,34.2,21.2,2.6,24,24,2016,2,14,True,True,1.0
2016-02-15,25.379166666666666,33.5,19.6,2.0,24,24,2016,2,15,True,True,1.0
2016-02-16,23.491666666666664,28.3,20.4,24.6,24,24,2016,2,16,True,True,1.0
2016-02-17,24.941666666666666,31.7,22.0,0.4,24,24,2016,2,17,True,True,0.0
2016-02-18,25.395833333333332,31.2,21.0,0.6000000000000001,24,24,2016,2,18,True,True,0.0
2016-02-19,24.62173913043478,31.8,20.3,1.0,23,23,2016,2,19,True,True,1.0
2016-02-20,24.572,31.3,19.8,34.6,25,25,2016,2,20,True,True,1.0
2016-02-21,22.1375,26.9,19.2,31.199999999999996,24,24,2016,2,21,True,True,1.0
2016-02-22,23.125,25.9,21.2,1.0,24,24,2016,2,22,True,True,1.0
2016-02-23,21.66521739130435,25.0,19.8,10.4,23,23,2016,2,23,True,True,1.0
2016-02-24,21.695833333333336,26.2,19.5,8.8,24,24,2016,2,24,True,True,1.0
2016-02-25,23.650000000000002,30.6,19.4,0.2,24,24,2016,2,25,True,True,0.0
2016-02-26,24.09583333333333,30.5,20.9,6.4,24,24,2016,2,26,True,True,1.0
2016-02-27,23.59166666666667,30.6,20.9,13.200000000000001,24,24,2016,2,27,True,True,1.0
2016-02-28,23.375,29.5,20.6,9.600000000000001,24,24,2016,2,28,True,True,1.0
2016-02-29,21.40833333333333,22.7,20.4,,24,21,2016,2,29,True,False,
2016-03-01,20.025000000000002,22.9,17.9,,24,0,2016,3,1,True,False,
2016-03-02,22.366666666666664,27.5,18.3,,24,0,2016,3,2,True,False,
2016-03-03,22.150000000000002,27.4,19.2,,24,0,2016,3,3,True,False,
2016-03-04,24.037499999999998,29.8,20.9,,24,0,2016,3,4,True,False,
2016-03-05,22.754166666666666,30.1,18.6,,24,0,2016,3,5,True,False,
2016-03-06,23.53333333333333,31.0,18.9,,24,0,2016,3,6,True,False,
2016-03-07,25.166666666666668,32.2,20.2,,24,0,2016,3,7,True,False,
2016-03-08,24.954166666666666,32.5,19.6,,24,0,2016,3,8,True,False,
2016-03-09,25.416666666666668,32.0,21.0,,24,0,2016,3,9,True,False,
2016-03-10,23.78333333333333,29.9,21.3,,24,0,2016,3,10,True,False,
2016-03-11,23.445833333333336,28.4,19.7,,24,0,2016,3,11,True,False,
2016-03-12,22.27916666666667,29.2,16.7,,24,0,2016,3,12,True,False,
2016-03-13,22.47083333333333,28.3,18.0,,24,0,2016,3,13,True,False,
2016-03-14,24.59166666666667,31.6,19.6,,24,0,2016,3,14,True,False,
2016-03-15,22.733333333333334,30.1,18.8,,24,0,2016,3,15,True,False,
2016-03-16,22.1875,29.3,18.5,,24,0,2016,3,16,True,False,
2016-03-17,23.820833333333336,30.8,19.4,,24,0,2016,3,17,True,False,
2016-03-18,23.758333333333336,31.2,18.8,,24,0,2016,3,18,True,False,
2016-03-19,25.27916666666667,32.9,20.1,,24,0,2016,3,19,True,False,
2016-03-20,23.925,31.4,18.7,,24,0,2016,3,20,True,False,
2016-03-21,24.929166666666664,32.3,19.3,,24,0,2016,3,21,True,False,
2016-03-22,25.554166666666664,32.7,21.3,,24,0,2016,3,22,True,False,
2016-03-23,23.541666666666668,31.1,19.8,,24,0,2016,3,23,True,False,
2016-03-24,23.03333333333333,28.1,19.4,,24,0,2016,3,24,True,False,
2016-03-25,22.366666666666664,25.6,20.5,,24,0,2016,3,25,True,False,
2016-03-26,23.5125,28.7,19.8,,24,0,2016,3,26,True,False,
2016-03-27,23.808333333333334,28.9,20.3,,24,0,2016,3,27,True,False,
2016-03-28,23.71666666666667,30.7,18.0,,24,0,2016,3,28,True,False,
2016-03-29,25.004166666666666,31.9,19.8,,24,0,2016,3,29,True,False,
2016-03-30,24.59583333333333,29.9,21.3,,24,0,2016,3,30,True,False,
2016-03-31,25.587500000000002,32.9,20.9,,24,3,2016,3,31,True,False,
2016-04-01,25.245833333333334,32.3,20.8,0.0,24,24,2016,4,1,True,True,0.0
2016-04-02,25.008333333333336,33.0,20.0,0.0,24,24,2016,4,2,True,True,0.0
2016-04-03,25.858333333333334,33.4,20.3,0.0,24,24,2016,4,3,True,True,0.0
2016-04-04,25.695833333333336,32.2,20.5,0.0,24,24,2016,4,4,True,True,0.0
2016-04-05,24.983333333333334,32.1,20.3,0.0,24,24,2016,4,5,True,True,0.0
2016-04-06,24.5625,32.3,19.2,0.0,24,24,2016,4,6,True,True,0.0
2016-04-07,25.537499999999998,33.3,20.1,0.0,24,24,2016,4,7,True,True,0.0
2016-04-08,26.0,34.0,20.4,0.0,24,24,2016,4,8,True,True,0.0
2016-04-09,25.883333333333336,34.2,20.6,0.0,24,24,2016,4,9,True,True,0.0
2016-04-10,26.55,34.0,21.3,0.0,24,24,2016,4,10,True,True,0.0
2016-04-11,25.47083333333333,32.4,21.3,0.0,24,24,2016,4,11,True,True,0.0
2016-04-12,25.55,33.0,21.0,0.0,24,24,2016,4,12,True,True,0.0
2016-04-13,25.287499999999998,32.4,20.8,0.0,24,24,2016,4,13,True,True,0.0
2016-04-14,26.1375,35.7,21.1,2.0,24,24,2016,4,14,True,True,1.0
2016-04-15,25.55,33.3,21.2,0.0,24,24,2016,4,15,True,True,0.0
2016-04-16,25.675,33.2,21.5,0.0,24,24,2016,4,16,True,True,0.0
2016-04-17,25.1875,32.8,20.5,0.0,24,24,2016,4,17,True,True,0.0
2016-04-18,25.391666666666666,33.2,20.8,0.0,24,24,2016,4,18,True,True,0.0
2016-04-19,24.775000000000002,32.2,20.1,0.0,24,24,2016,4,19,True,True,0.0
2016-04-20,25.212500000000002,32.8,20.6,0.0,24,24,2016,4,20,True,True,0.0
2016-04-21,25.183333333333334,33.1,20.0,0.0,24,24,2016,4,21,True,True,0.0
2016-04-22,25.2625,33.6,18.7,0.0,24,24,2016,4,22,True,True,0.0
2016-04-23,25.208333333333332,32.3,20.4,0.0,24,24,2016,4,23,True,True,0.0
2016-04-24,25.71666666666667,32.9,21.4,0.0,24,24,2016,4,24,True,True,0.0
2016-04-25,25.712500000000002,33.0,20.5,0.0,24,24,2016,4,25,True,True,0.0
2016-04-26,19.604166666666668,25.6,17.4,28.6,24,24,2016,4,26,True,True,1.0
2016-04-27,14.229166666666666,19.6,10.6,2.8000000000000003,24,24,2016,4,27,True,True,1.0
2016-04-28,13.525,22.0,6.9,0.0,24,24,2016,4,28,True,True,0.0
2016-04-29,14.737499999999999,20.4,11.5,0.0,24,24,2016,4,29,True,True,0.0
2016-04-30,15.5,23.2,10.7,0.0,24,24,2016,4,30,True,True,0.0
2016-05-01,15.25,23.3,9.8,0.0,24,24,2016,5,1,True,True,0.0
2016-05-02,15.958333333333334,25.0,9.9,0.0,24,24,2016,5,2,True,True,0.0
2016-05-03,18.3875,28.1,12.2,0.0,24,24,2016,5,3,True,True,0.0
2016-05-04,19.783333333333335,28.2,14.0,0.0,24,24,2016,5,4,True,True,0.0
2016-05-05,20.0625,28.2,15.0,0.0,24,24,2016,5,5,True,True,0.0
2016-05-06,20.833333333333332,28.5,15.2,0.0,24,24,2016,5,6,True,True,0.0
2016-05-07,20.679166666666667,25.3,17.6,0.0,24,24,2016,5,7,True,True,0.0
2016-05-08,20.445833333333333,26.6,17.6,0.0,24,24,2016,5,8,True,True,0.0
2016-05-09,19.895833333333332,26.5,16.4,0.0,24,24,2016,5,9,True,True,0.0
2016-05-10,17.849999999999998,20.4,16.3,2.0,24,24,2016,5,10,True,True,1.0
2016-05-11,18.420833333333334,25.1,14.5,0.0,24,24,2016,5,11,True,True,0.0
2016-05-12,20.079166666666666,25.9,16.1,0.0,24,24,2016,5,12,True,True,0.0
2016-05-13,19.495833333333334,25.3,15.4,0.0,24,24,2016,5,13,True,True,0.0
2016-05-14,19.366666666666667,25.5,15.1,0.0,24,24,2016,5,14,True,True,0.0
2016-05-15,20.683333333333334,28.1,14.3,0.0,24,24,2016,5,15,True,True,0.0
2016-05-16,21.683333333333334,28.7,18.4,8.2,24,24,2016,5,16,True,True,1.0
2016-05-17,18.270833333333332,24.5,14.4,0.0,24,24,2016,5,17,True,True,0.0
2016-05-18,16.308333333333334,19.5,13.7,0.6000000000000001,24,24,2016,5,18,True,True,0.0
2016-05-19,17.179166666666667,21.8,15.2,4.8,24,24,2016,5,19,True,True,1.0
2016-05-20,20.575,27.9,15.1,0.0,24,24,2016,5,20,True,True,0.0
2016-05-21,19.658333333333335,23.3,17.9,18.8,24,24,2016,5,21,True,True,1.0
2016-05-22,20.3125,26.8,16.3,0.0,24,24,2016,5,22,True,True,0.0
2016-05-23,15.358333333333334,21.0,11.2,2.0,24,24,2016,5,23,True,True,1.0
2016-05-24,13.708333333333334,19.5,8.4,0.2,24,24,2016,5,24,True,True,0.0
2016-05-25,16.654166666666665,23.4,12.4,0.0,24,24,2016,5,25,True,True,0.0
2016-05-26,18.166666666666668,25.8,12.7,0.0,24,24,2016,5,26,True,True,0.0
2016-05-27,19.025000000000002,25.6,15.6,0.0,24,24,2016,5,27,True,True,0.0
2016-05-28,19.416666666666668,26.1,14.9,0.0,24,24,2016,5,28,True,True,0.0
2016-05-29,16.462500000000002,19.0,15.0,7.4,24,24,2016,5,29,True,True,1.0
2016-05-30,15.120833333333332,16.7,13.8,37.2,24,24,2016,5,30,True,True,1.0
2016-05-31,18.591666666666665,24.8,15.8,15.4,24,24,2016,5,31,True,True,1.0
2016-06-01,19.583333333333332,25.8,17.1,11.6,24,24,2016,6,1,True,True,1.0
2016-06-02,19.5125,25.0,16.7,29.800000000000004,24,24,2016,6,2,True,True,1.0
2016-06-03,18.35833333333333,19.8,16.9,10.2,24,24,2016,6,3,True,True,1.0
2016-06-04,18.558333333333334,21.0,16.7,4.6,24,24,2016,6,4,True,True,1.0
2016-06-05,20.125,22.0,19.0,17.199999999999996,24,24,2016,6,5,True,True,1.0
2016-06-06,21.287499999999998,25.0,18.6,8.0,24,24,2016,6,6,True,True,1.0
2016-06-07,15.929166666666667,20.0,12.6,0.6000000000000001,24,24,2016,6,7,True,True,0.0
2016-06-08,14.204166666666666,20.9,10.6,0.2,24,24,2016,6,8,True,True,0.0
2016-06-09,12.004166666666668,19.1,7.3,0.0,24,24,2016,6,9,True,True,0.0
2016-06-10,12.183333333333332,20.0,7.5,0.0,24,24,2016,6,10,True,True,0.0
2016-06-11,11.729166666666666,19.5,6.7,0.0,24,24,2016,6,11,True,True,0.0
2016-06-12,10.066666666666666,18.8,3.4,0.0,24,24,2016,6,12,True,True,0.0
2016-06-13,11.108333333333334,19.0,4.2,0.0,24,24,2016,6,13,True,True,0.0
2016-06-14,14.4125,21.8,8.3,0.0,24,24,2016,6,14,True,True,0.0
2016-06-15,17.558333333333334,25.5,11.4,0.0,24,24,2016,6,15,True,True,0.0
2016-06-16,19.308333333333334,26.1,14.1,0.0,24,24,2016,6,16,True,True,0.0
2016-06-17,19.204166666666666,26.3,14.5,0.0,24,24,2016,6,17,True,True,0.0
2016-06-18,19.1875,26.7,13.3,0.0,24,24,2016,6,18,True,True,0.0
2016-06-19,16.841666666666665,24.7,12.4,0.0,24,24,2016,6,19,True,True,0.0
2016-06-20,16.541666666666668,23.1,12.8,0.0,24,24,2016,6,20,True,True,0.0
2016-06-21,15.629166666666668,21.0,11.8,0.0,24,24,2016,6,21,True,True,0.0
2016-06-22,16.55,24.7,12.1,0.0,24,24,2016,6,22,True,True,0.0
2016-06-23,18.025000000000002,25.6,12.6,0.0,24,24,2016,6,23,True,True,0.0
2016-06-24,17.775000000000002,24.8,12.9,0.0,24,24,2016,6,24,True,True,0.0
2016-06-25,17.1875,24.1,11.9,0.0,24,24,2016,6,25,True,True,0.0
2016-06-26,16.816666666666666,23.6,12.2,0.0,24,24,2016,6,26,True,True,0.0
2016-06-27,16.704166666666666,23.7,11.5,0.0,24,24,2016,6,27,True,True,0.0
2016-06-28,16.883333333333333,24.1,12.1,0.0,24,24,2016,6,28,True,True,0.0
2016-06-29,18.2625,26.1,11.7,0.0,24,24,2016,6,29,True,True,0.0
2016-06-30,19.325,25.5,14.9,0.0,24,24,2016,6,30,True,True,0.0
2016-07-01,19.375,26.2,15.7,0.0,24,24,2016,7,1,True,True,0.0
2016-07-02,20.170833333333334,27.5,15.2,0.0,24,24,2016,7,2,True,True,0.0
2016-07-03,20.279166666666665,27.2,15.5,0.0,24,24,2016,7,3,True,True,0.0
2016-07-04,20.341666666666665,27.2,15.7,0.0,24,24,2016,7,4,True,True,0.0
2016-07-05,20.120833333333334,27.0,15.8,0.0,24,24,2016,7,5,True,True,0.0
2016-07-06,20.2625,27.8,15.3,0.0,24,24,2016,7,6,True,True,0.0
2016-07-07,14.445833333333333,22.4,8.7,0.0,24,24,2016,7,7,True,True,0.0
2016-07-08,14.700000000000001,23.6,8.3,0.0,24,24,2016,7,8,True,True,0.0
2016-07-09,16.370833333333334,26.3,8.5,0.0,24,24,2016,7,9,True,True,0.0
2016-07-10,21.195833333333333,29.2,15.0,0.0,24,24,2016,7,10,True,True,0.0
2016-07-11,22.683333333333334,29.7,16.3,0.0,24,24,2016,7,11,True,True,0.0
2016-07-12,23.191666666666666,30.5,16.4,0.0,24,24,2016,7,12,True,True,0.0
2016-07-13,21.787499999999998,29.0,16.3,0.0,24,24,2016,7,13,True,True,0.0
2016-07-14,22.425,30.4,15.5,0.0,24,24,2016,7,14,True,True,0.0
2016-07-15,23.05,30.1,17.3,0.0,24,24,2016,7,15,True,True,0.0
2016-07-16,18.433333333333334,22.9,13.0,7.0,24,24,2016,7,16,True,True,1.0
2016-07-17,11.429166666666667,18.6,4.6,0.2,24,24,2016,7,17,True,True,0.0
2016-07-18,12.029166666666667,20.7,5.8,0.0,24,24,2016,7,18,True,True,0.0
2016-07-19,12.095833333333333,18.9,7.7,0.0,24,24,2016,7,19,True,True,0.0
2016-07-20,14.512500000000001,21.7,9.4,0.0,24,24,2016,7,20,True,True,0.0
2016-07-21,14.591304347826087,21.8,9.8,0.0,23,23,2016,7,21,True,True,0.0
2016-07-22,14.279166666666667,21.7,9.1,0.0,24,24,2016,7,22,True,True,0.0
2016-07-23,16.245833333333334,25.9,9.5,0.0,24,24,2016,7,23,True,True,0.0
2016-07-24,20.654166666666665,28.7,14.7,0.0,24,24,2016,7,24,True,True,0.0
2016-07-25,21.145833333333332,28.4,16.3,0.0,24,24,2016,7,25,True,True,0.0
2016-07-26,21.195833333333333,28.8,15.9,0.0,24,24,2016,7,26,True,True,0.0
2016-07-27,21.791666666666668,29.5,15.6,0.0,24,24,2016,7,27,True,True,0.0
2016-07-28,18.1375,25.5,12.4,0.0,24,24,2016,7,28,True,True,0.0
2016-07-29,17.599999999999998,25.0,12.4,0.0,24,24,2016,7,29,True,True,0.0
2016-07-30,18.175,26.7,12.2,0.0,24,24,2016,7,30,True,True,0.0
2016-07-31,19.404166666666665,27.2,13.7,0.0,24,24,2016,7,31,True,True,0.0
2016-08-01,20.141666666666666,27.7,14.6,0.0,24,24,2016,8,1,True,True,0.0
2016-08-02,20.620833333333334,27.4,15.4,0.0,24,24,2016,8,2,True,True,0.0
2016-08-03,18.724999999999998,27.1,13.5,0.0,24,24,2016,8,3,True,True,0.0
2016-08-04,19.554166666666667,27.8,13.9,0.0,24,24,2016,8,4,True,True,0.0
2016-08-05,21.5125,29.8,15.8,0.0,24,24,2016,8,5,True,True,0.0
2016-08-06,23.079166666666666,30.5,14.6,0.0,24,24,2016,8,6,True,True,0.0
2016-08-07,23.045833333333334,31.9,16.2,0.0,24,24,2016,8,7,True,True,0.0
2016-08-08,20.533333333333335,29.9,14.6,0.0,24,24,2016,8,8,True,True,0.0
2016-08-09,19.05,24.7,15.0,0.0,24,24,2016,8,9,True,True,0.0
2016-08-10,16.6375,22.6,10.9,0.0,24,24,2016,8,10,True,True,0.0
2016-08-11,13.875,21.6,8.3,0.0,24,24,2016,8,11,True,True,0.0
2016-08-12,15.125,24.0,8.9,0.0,24,24,2016,8,12,True,True,0.0
2016-08-13,17.412499999999998,28.3,8.9,0.0,24,24,2016,8,13,True,True,0.0
2016-08-14,22.875,32.7,16.6,0.0,24,24,2016,8,14,True,True,0.0
2016-08-15,21.420833333333334,31.5,16.1,1.8,24,24,2016,8,15,True,True,1.0
2016-08-16,19.245833333333334,25.5,14.8,3.0,24,24,2016,8,16,True,True,1.0
2016-08-17,22.316666666666666,30.7,15.4,0.0,24,24,2016,8,17,True,True,0.0
2016-08-18,22.766666666666666,32.9,15.5,0.0,24,24,2016,8,18,True,True,0.0
2016-08-19,22.025000000000002,32.6,15.0,0.0,24,24,2016,8,19,True,True,0.0
2016-08-20,19.870833333333334,25.6,16.7,17.200000000000003,24,24,2016,8,20,True,True,1.0
2016-08-21,16.370833333333334,19.7,10.3,9.6,24,24,2016,8,21,True,True,1.0
2016-08-22,12.470833333333333,18.8,7.9,0.0,24,24,2016,8,22,True,True,0.0
2016-08-23,15.733333333333334,24.2,8.9,0.0,24,24,2016,8,23,True,True,0.0
2016-08-24,18.3,26.3,11.1,0.0,24,24,2016,8,24,True,True,0.0
2016-08-25,20.366666666666667,30.0,13.6,0.0,24,24,2016,8,25,True,True,0.0
2016-08-26,21.8125,30.5,15.5,0.0,24,24,2016,8,26,True,True,0.0
2016-08-27,21.608333333333334,30.6,13.9,0.0,24,24,2016,8,27,True,True,0.0
2016-08-28,23.745833333333334,32.4,17.0,0.0,24,24,2016,8,28,True,True,0.0
2016-08-29,24.4375,32.6,18.3,0.0,24,24,2016,8,29,True,True,0.0
2016-08-30,20.3125,27.6,15.0,4.6000000000000005,24,24,2016,8,30,True,True,1.0
2016-08-31,15.9,19.2,14.5,18.0,24,24,2016,8,31,True,True,1.0
2016-09-01,16.9375,24.5,11.7,0.2,24,24,2016,9,1,True,True,0.0
2016-09-02,20.375,29.5,13.7,0.0,24,24,2016,9,2,True,True,0.0
2016-09-03,19.849999999999998,25.0,17.6,0.2,24,24,2016,9,3,True,True,0.0
2016-09-04,18.591666666666665,23.1,16.2,4.2,24,24,2016,9,4,True,True,1.0
2016-09-05,19.82916666666667,27.2,15.2,1.4,24,24,2016,9,5,True,True,1.0
2016-09-06,18.0125,22.4,15.9,14.2,24,24,2016,9,6,True,True,1.0
2016-09-07,15.883333333333333,22.9,11.0,1.4,24,24,2016,9,7,True,True,1.0
2016-09-08,15.208333333333334,26.0,7.4,0.0,24,24,2016,9,8,True,True,0.0
2016-09-09,18.658333333333335,27.9,11.3,0.0,24,24,2016,9,9,True,True,0.0
2016-09-10,21.079166666666666,30.1,14.2,0.0,24,24,2016,9,10,True,True,0.0
2016-09-11,22.741666666666664,32.0,16.0,0.0,24,24,2016,9,11,True,True,0.0
2016-09-12,24.558333333333334,32.8,17.3,0.0,24,24,2016,9,12,True,True,0.0
2016-09-13,26.445833333333336,33.2,21.0,0.0,24,24,2016,9,13,True,True,0.0
2016-09-14,21.191666666666666,26.5,16.5,0.0,24,24,2016,9,14,True,True,0.0
2016-09-15,19.825,28.6,11.1,0.0,24,24,2016,9,15,True,True,0.0
2016-09-16,19.654166666666665,26.8,14.0,0.0,24,24,2016,9,16,True,True,0.0
2016-09-17,22.325,32.7,14.3,0.0,24,24,2016,9,17,True,True,0.0
2016-09-18,25.208333333333332,34.6,18.5,0.0,24,24,2016,9,18,True,True,0.0
2016-09-19,21.46666666666667,31.2,16.9,0.0,24,24,2016,9,19,True,True,0.0
2016-09-20,18.7375,25.1,14.9,0.0,24,24,2016,9,20,True,True,0.0
2016-09-21,17.517391304347825,24.9,10.2,0.0,23,23,2016,9,21,True,True,0.0
2016-09-22,19.375,28.3,13.2,0.0,24,24,2016,9,22,True,True,0.0
2016-09-23,21.1875,32.1,13.1,0.0,24,24,2016,9,23,True,True,0.0
2016-09-24,21.666666666666668,30.8,14.9,0.0,24,24,2016,9,24,True,True,0.0
2016-09-25,18.9375,24.5,15.1,0.0,24,24,2016,9,25,True,True,0.0
2016-09-26,18.537499999999998,28.3,11.1,0.0,24,24,2016,9,26,True,True,0.0
2016-09-27,18.908333333333335,29.1,10.4,0.0,24,24,2016,9,27,True,True,0.0
2016-09-28,20.1125,31.0,11.4,0.0,24,24,2016,9,28,True,True,0.0
2016-09-29,22.4375,32.6,14.0,0.0,24,24,2016,9,29,True,True,0.0
2016-09-30,20.650000000000002,30.4,14.3,0.0,24,24,2016,9,30,True,True,0.0
2016-10-01,20.025,29.3,14.4,0.0,24,24,2016,10,1,True,True,0.0
2016-10-02,21.333333333333332,30.3,15.6,0.0,24,24,2016,10,2,True,True,0.0
2016-10-03,18.616666666666667,24.4,15.0,0.6000000000000001,24,24,2016,10,3,True,True,0.0
2016-10-04,19.470833333333335,25.7,15.1,0.6000000000000001,24,24,2016,10,4,True,True,0.0
2016-10-05,20.179166666666667,27.6,13.5,0.0,24,24,2016,10,5,True,True,0.0
2016-10-06,18.75,26.8,12.6,0.0,24,24,2016,10,6,True,True,0.0
2016-10-07,18.158333333333335,27.5,10.1,0.0,24,24,2016,10,7,True,True,0.0
2016-10-08,21.191666666666666,30.5,13.2,0.0,24,24,2016,10,8,True,True,0.0
2016-10-09,23.412499999999998,32.9,16.0,0.0,24,24,2016,10,9,True,True,0.0
2016-10-10,22.445833333333336,31.1,16.6,0.0,24,24,2016,10,10,True,True,0.0
2016-10-11,21.954166666666666,32.2,15.9,0.0,24,24,2016,10,11,True,True,0.0
2016-10-12,24.483333333333334,33.2,16.3,0.4,24,24,2016,10,12,True,True,0.0
2016-10-13,20.108333333333334,24.3,17.9,21.4,24,24,2016,10,13,True,True,1.0
2016-10-14,19.754166666666666,21.5,18.0,18.4,24,24,2016,10,14,True,True,1.0
2016-10-15,23.90833333333333,31.3,19.3,0.0,24,24,2016,10,15,True,True,0.0
2016-10-16,26.543478260869566,34.3,20.2,0.0,23,23,2016,10,16,True,True,0.0
2016-10-17,28.429166666666664,36.7,22.9,0.0,24,24,2016,10,17,True,True,0.0
2016-10-18,26.82608695652174,35.9,20.7,3.2,23,23,2016,10,18,True,True,1.0
2016-10-19,28.670833333333334,36.8,22.4,0.0,24,24,2016,10,19,True,True,0.0
2016-10-20,25.808333333333334,35.5,20.8,2.0,24,24,2016,10,20,True,True,1.0
2016-10-21,23.675,30.9,19.7,0.0,24,24,2016,10,21,True,True,0.0
2016-10-22,22.474999999999998,29.5,18.0,0.0,24,24,2016,10,22,True,True,0.0
2016-10-23,24.099999999999998,32.2,18.1,0.0,24,24,2016,10,23,True,True,0.0
2016-10-24,23.145833333333332,33.4,18.2,25.8,24,24,2016,10,24,True,True,1.0
2016-10-25,20.5,23.6,18.9,17.6,24,24,2016,10,25,True,True,1.0
2016-10-26,24.05,31.8,19.6,0.0,24,24,2016,10,26,True,True,0.0
2016-10-27,21.337500000000002,26.0,17.9,1.4000000000000001,24,24,2016,10,27,True,True,1.0
2016-10-28,18.9875,26.9,13.1,0.0,24,24,2016,10,28,True,True,0.0
2016-10-29,19.091666666666665,27.6,12.7,0.0,24,24,2016,10,29,True,True,0.0
2016-10-30,21.308333333333334,29.4,14.9,0.0,24,24,2016,10,30,True,True,0.0
2016-10-31,22.995833333333334,32.1,16.1,0.0,24,24,2016,10,31,True,True,0.0
2016-11-01,23.020833333333332,28.9,18.2,3.2,24,24,2016,11,1,True,True,1.0
2016-11-02,23.145833333333332,32.2,19.0,0.6,24,24,2016,11,2,True,True,0.0
2016-11-03,20.758333333333333,24.0,18.5,0.4,24,24,2016,11,3,True,True,0.0
2016-11-04,21.662499999999998,28.7,16.5,0.0,24,24,2016,11,4,True,True,0.0
2016-11-05,22.525000000000002,30.9,15.6,0.0,24,24,2016,11,5,True,True,0.0
2016-11-06,23.433333333333334,32.2,16.4,0.0,24,24,2016,11,6,True,True,0.0
2016-11-07,23.816666666666666,32.0,17.4,0.0,24,24,2016,11,7,True,True,0.0
2016-11-08,24.429166666666664,31.6,18.3,0.0,24,24,2016,11,8,True,True,0.0
2016-11-09,24.041666666666668,33.8,17.8,21.999999999999996,24,24,2016,11,9,True,True,1.0
2016-11-10,24.90833333333333,33.2,17.8,0.0,24,24,2016,11,10,True,True,0.0
2016-11-11,25.491666666666664,34.1,20.4,0.0,24,24,2016,11,11,True,True,0.0
2016-11-12,21.354166666666668,25.5,18.2,0.0,24,24,2016,11,12,True,True,0.0
2016-11-13,18.241666666666667,19.8,16.6,13.6,24,24,2016,11,13,True,True,1.0
2016-11-14,20.666666666666668,26.5,17.1,16.200000000000003,24,24,2016,11,14,True,True,1.0
2016-11-15,22.458333333333332,29.9,16.5,0.0,24,24,2016,11,15,True,True,0.0
2016-11-16,24.541666666666668,32.4,17.6,0.0,24,24,2016,11,16,True,True,0.0
2016-11-17,23.329166666666666,32.0,18.8,7.2,24,24,2016,11,17,True,True,1.0
2016-11-18,21.195833333333333,28.1,16.5,0.0,24,24,2016,11,18,True,True,0.0
2016-11-19,17.820833333333333,24.4,11.9,0.0,24,24,2016,11,19,True,True,0.0
2016-11-20,19.5625,28.7,11.6,0.0,24,24,2016,11,20,True,True,0.0
2016-11-21,22.933333333333334,32.4,14.4,0.2,24,24,2016,11,21,True,True,0.0
2016-11-22,24.474999999999998,31.3,20.0,0.0,24,24,2016,11,22,True,True,0.0
2016-11-23,22.47083333333333,30.4,18.0,4.0,24,24,2016,11,23,True,True,1.0
2016-11-24,25.087500000000002,32.9,19.6,0.0,24,24,2016,11,24,True,True,0.0
2016-11-25,25.754166666666666,33.4,19.2,0.0,24,24,2016,11,25,True,True,0.0
2016-11-26,23.979166666666668,33.8,19.9,10.200000000000001,24,24,2016,11,26,True,True,1.0
2016-11-27,25.8,33.8,20.3,0.0,24,24,2016,11,27,True,True,0.0
2016-11-28,25.291666666666668,32.6,21.3,0.2,24,24,2016,11,28,True,True,0.0
2016-11-29,24.583333333333332,31.6,20.8,0.2,24,24,2016,11,29,True,True,0.0
2016-11-30,20.912499999999998,26.2,17.5,0.0,24,24,2016,11,30,True,True,0.0
2016-12-01,21.570833333333336,27.6,16.6,0.0,24,24,2016,12,1,True,True,0.0
2016-12-02,23.704166666666666,31.7,17.9,0.2,24,24,2016,12,2,True,True,0.0
2016-12-03,21.870833333333334,26.1,19.8,21.8,24,24,2016,12,3,True,True,1.0
2016-12-04,23.245833333333334,29.9,20.0,10.200000000000001,24,24,2016,12,4,True,True,1.0
2016-12-05,23.454166666666666,31.7,16.3,0.0,24,24,2016,12,5,True,True,0.0
2016-12-06,24.875,33.6,17.7,0.0,24,24,2016,12,6,True,True,0.0
2016-12-07,24.599999999999998,33.0,20.3,17.200000000000003,24,24,2016,12,7,True,True,1.0
2016-12-08,22.837500000000002,31.7,18.8,16.8,24,24,2016,12,8,True,True,1.0
2016-12-09,24.337500000000002,31.6,19.5,15.199999999999998,24,24,2016,12,9,True,True,1.0
2016-12-10,23.666666666666668,28.4,20.2,6.4,24,24,2016,12,10,True,True,1.0
2016-12-11,23.558333333333334,27.3,20.9,3.0,24,24,2016,12,11,True,True,1.0
2016-12-12,25.087500000000002,30.6,21.8,14.4,24,24,2016,12,12,True,True,1.0
2016-12-13,25.354166666666668,31.4,21.3,2.2,24,24,2016,12,13,True,True,1.0
2016-12-14,25.150000000000002,32.5,21.4,0.0,24,24,2016,12,14,True,True,0.0
2016-12-15,21.53333333333333,26.6,17.8,0.0,24,24,2016,12,15,True,True,0.0
2016-12-16,21.095833333333335,27.4,16.1,0.0,24,24,2016,12,16,True,True,0.0
2016-12-17,23.670833333333334,30.9,17.0,0.0,24,24,2016,12,17,True,True,0.0
2016-12-18,24.02916666666667,31.4,18.6,0.0,24,24,2016,12,18,True,True,0.0
2016-12-19,21.558333333333334,26.9,18.8,3.4,24,24,2016,12,19,True,True,1.0
2016-12-20,23.258333333333336,29.7,18.1,0.2,24,24,2016,12,20,True,True,0.0
2016-12-21,22.483333333333334,28.8,18.8,0.6000000000000001,24,24,2016,12,21,True,True,0.0
2016-12-22,22.349999999999998,28.4,18.6,6.800000000000001,24,24,2016,12,22,True,True,1.0
2016-12-23,25.458333333333332,32.3,20.5,0.0,24,24,2016,12,23,True,True,0.0
2016-12-24,26.020833333333332,34.0,19.4,0.0,24,24,2016,12,24,True,True,0.0
2016-12-25,27.104166666666668,35.1,21.4,0.0,24,24,2016,12,25,True,True,0.0
2016-12-26,26.191666666666666,34.4,18.9,0.0,24,24,2016,12,26,True,True,0.0
2016-12-27,26.474999999999998,32.9,21.8,0.0,24,24,2016,12,27,True,True,0.0
2016-12-28,24.304166666666664,29.9,20.8,0.6000000000000001,24,24,2016,12,28,True,True,0.0
2016-12-29,24.879166666666666,33.5,20.6,6.0,24,24,2016,12,29,True,True,1.0
2016-12-30,24.3125,32.0,19.9,0.4,24,24,2016,12,30,True,True,0.0
2016-12-31,25.462500000000002,33.5,19.7,1.0,24,24,2016,12,31,True,True,1.0
2017-01-01,24.808333333333334,32.6,19.3,0.0,24,24,2017,1,1,True,True,0.0
2017-01-02,25.27916666666667,33.0,19.8,0.0,24,24,2017,1,2,True,True,0.0
2017-01-03,24.599999999999998,33.0,20.8,1.6,24,24,2017,1,3,True,True,1.0
2017-01-04,23.170833333333334,30.7,20.2,5.6000000000000005,24,24,2017,1,4,True,True,1.0
2017-01-05,24.508333333333336,32.3,20.0,4.2,24,24,2017,1,5,True,True,1.0
2017-01-06,25.037499999999998,34.2,19.5,0.0,24,24,2017,1,6,True,True,0.0
2017-01-07,25.083333333333332,34.1,19.6,0.0,24,24,2017,1,7,True,True,0.0
2017-01-08,26.712500000000002,34.0,21.3,0.0,24,24,2017,1,8,True,True,0.0
2017-01-09,25.775000000000002,33.8,20.4,22.4,24,24,2017,1,9,True,True,1.0
2017-01-10,23.608333333333334,29.6,20.7,4.8,24,24,2017,1,10,True,True,1.0
2017-01-11,23.679166666666664,31.5,20.3,39.0,24,24,2017,1,11,True,True,1.0
2017-01-12,23.3125,28.2,20.8,1.0,24,24,2017,1,12,True,True,1.0
2017-01-13,23.84166666666667,29.5,19.8,0.0,24,24,2017,1,13,True,True,0.0
2017-01-14,24.8,32.1,19.1,0.8,24,24,2017,1,14,True,True,0.0
2017-01-15,24.075,31.0,19.4,16.4,24,24,2017,1,15,True,True,1.0
2017-01-16,22.766666666666666,27.5,20.7,10.399999999999999,24,24,2017,1,16,True,True,1.0
2017-01-17,22.125,27.1,19.5,26.6,24,24,2017,1,17,True,True,1.0
2017-01-18,22.633333333333336,30.9,19.5,131.8,24,24,2017,1,18,True,True,1.0
2017-01-19,20.858333333333334,26.2,19.5,20.4,24,24,2017,1,19,True,True,1.0
2017-01-20,21.379166666666666,26.0,19.4,12.399999999999999,24,24,2017,1,20,True,True,1.0
2017-01-21,21.791666666666668,27.9,18.8,4.4,24,24,2017,1,21,True,True,1.0
2017-01-22,21.65833333333333,27.7,19.0,23.200000000000003,24,24,2017,1,22,True,True,1.0
2017-01-23,22.28333333333333,28.4,18.3,0.0,24,24,2017,1,23,True,True,0.0
2017-01-24,23.925,30.4,19.2,0.2,24,24,2017,1,24,True,True,0.0
2017-01-25,22.558333333333334,28.9,19.0,29.800000000000004,24,24,2017,1,25,True,True,1.0
2017-01-26,21.2375,24.3,19.7,26.0,24,24,2017,1,26,True,True,1.0
2017-01-27,21.729166666666668,25.4,20.2,3.2,24,24,2017,1,27,True,True,1.0
2017-01-28,24.330434782608698,31.4,20.3,8.8,23,23,2017,1,28,True,True,1.0
2017-01-29,24.391666666666666,31.8,19.2,0.0,24,24,2017,1,29,True,True,0.0
2017-01-30,24.5625,31.8,20.7,0.4,24,24,2017,1,30,True,True,0.0
2017-01-31,22.454166666666666,26.9,19.6,0.0,24,24,2017,1,31,True,True,0.0
2017-02-01,22.295833333333334,28.8,18.9,1.0,24,24,2017,2,1,True,True,1.0
2017-02-02,22.02916666666667,28.5,19.1,82.2,24,24,2017,2,2,True,True,1.0
2017-02-03,22.504166666666666,29.1,19.7,5.2,24,24,2017,2,3,True,True,1.0
2017-02-04,24.020833333333332,30.9,20.5,1.6,24,24,2017,2,4,True,True,1.0
2017-02-05,24.616666666666664,32.7,20.6,1.0,24,24,2017,2,5,True,True,1.0
2017-02-06,25.55,33.6,20.8,0.0,24,24,2017,2,6,True,True,0.0
2017-02-07,25.766666666666666,33.0,20.0,0.0,24,24,2017,2,7,True,True,0.0
2017-02-08,25.8625,32.2,20.6,0.0,24,24,2017,2,8,True,True,0.0
2017-02-09,24.929166666666664,31.4,19.5,0.0,24,24,2017,2,9,True,True,0.0
2017-02-10,24.84583333333333,32.1,18.3,0.0,24,24,2017,2,10,True,True,0.0
2017-02-11,25.53333333333333,32.2,20.5,0.0,24,24,2017,2,11,True,True,0.0
2017-02-12,26.5125,32.0,21.3,0.0,24,24,2017,2,12,True,True,0.0
2017-02-13,25.583333333333332,32.1,21.1,0.6000000000000001,24,24,2017,2,13,True,True,0.0
2017-02-14,25.78333333333333,31.7,21.2,0.0,24,24,2017,2,14,True,True,0.0
2017-02-15,25.891666666666666,33.1,19.9,0.0,24,24,2017,2,15,True,True,0.0
2017-02-16,27.21666666666667,33.9,21.7,0.0,24,24,2017,2,16,True,True,0.0
2017-02-17,24.46666666666667,33.0,21.0,16.0,24,24,2017,2,17,True,True,1.0
2017-02-18,25.28,32.9,19.7,0.0,25,25,2017,2,18,True,True,0.0
2017-02-19,26.712500000000002,34.8,21.4,0.0,24,24,2017,2,19,True,True,0.0
2017-02-20,26.875,34.8,20.6,0.0,24,24,2017,2,20,True,True,0.0
2017-02-21,26.608333333333334,34.0,20.3,0.0,24,24,2017,2,21,True,True,0.0
2017-02-22,26.183333333333334,33.4,20.8,0.0,24,24,2017,2,22,True,True,0.0
2017-02-23,26.070833333333336,33.5,21.9,0.0,24,24,2017,2,23,True,True,0.0
2017-02-24,22.666666666666668,30.1,19.6,6.6000000000000005,24,24,2017,2,24,True,True,1.0
2017-02-25,21.587500000000002,27.1,19.6,0.4,24,24,2017,2,25,True,True,0.0
2017-02-26,23.02916666666667,29.0,18.9,0.2,24,24,2017,2,26,True,True,0.0
2017-02-27,24.075,31.2,19.2,0.0,24,24,2017,2,27,True,True,0.0
2017-02-28,25.224999999999998,32.6,20.3,0.0,24,24,2017,2,28,True,True,0.0
2017-03-01,25.579166666666666,32.1,20.9,3.0,24,24,2017,3,1,True,True,1.0
2017-03-02,23.09166666666667,28.6,21.1,2.8,24,24,2017,3,2,True,True,1.0
2017-03-03,23.741666666666664,30.6,20.8,23.0,24,24,2017,3,3,True,True,1.0
2017-03-04,23.96666666666667,30.8,21.0,6.200000000000001,24,24,2017,3,4,True,True,1.0
2017-03-05,23.575,30.8,20.8,37.0,24,24,2017,3,5,True,True,1.0
2017-03-06,23.837500000000002,30.0,20.7,0.0,24,24,2017,3,6,True,True,0.0
2017-03-07,25.087500000000002,32.5,19.9,0.0,24,24,2017,3,7,True,True,0.0
2017-03-08,25.787499999999998,33.6,21.1,2.6,24,24,2017,3,8,True,True,1.0
2017-03-09,25.479166666666668,33.1,20.4,0.0,24,24,2017,3,9,True,True,0.0
2017-03-10,26.508333333333336,33.1,22.2,0.0,24,24,2017,3,10,True,True,0.0
2017-03-11,24.587500000000002,33.4,19.2,0.0,24,24,2017,3,11,True,True,0.0
2017-03-12,26.15416666666667,33.5,21.4,0.0,24,24,2017,3,12,True,True,0.0
2017-03-13,23.6375,31.8,20.1,26.4,24,24,2017,3,13,True,True,1.0
2017-03-14,23.204166666666666,30.7,19.9,0.2,24,24,2017,3,14,True,True,0.0
2017-03-15,23.7,31.1,19.5,0.0,24,24,2017,3,15,True,True,0.0
2017-03-16,24.816666666666666,31.6,20.2,0.0,24,24,2017,3,16,True,True,0.0
2017-03-17,24.608333333333334,31.9,20.0,0.0,24,24,2017,3,17,True,True,0.0
2017-03-18,20.900000000000002,22.5,18.7,0.6000000000000001,24,24,2017,3,18,True,True,0.0
2017-03-19,20.741666666666667,26.1,18.0,0.0,24,24,2017,3,19,True,True,0.0
2017-03-20,21.758333333333336,28.6,16.8,0.0,24,24,2017,3,20,True,True,0.0
2017-03-21,21.65416666666667,28.9,16.2,0.0,24,24,2017,3,21,True,True,0.0
2017-03-22,22.295833333333334,30.6,16.1,0.0,24,24,2017,3,22,True,True,0.0
2017-03-23,22.454166666666666,29.6,17.6,0.0,24,24,2017,3,23,True,True,0.0
2017-03-24,23.733333333333334,31.7,18.2,0.0,24,24,2017,3,24,True,True,0.0
2017-03-25,25.125,32.7,19.8,0.0,24,24,2017,3,25,True,True,0.0
2017-03-26,23.662499999999998,30.8,18.2,0.0,24,24,2017,3,26,True,True,0.0
2017-03-27,20.829166666666666,25.8,18.1,0.2,24,24,2017,3,27,True,True,0.0
2017-03-28,22.670833333333334,29.4,17.8,0.0,24,24,2017,3,28,True,True,0.0
2017-03-29,21.7625,28.2,17.2,0.0,24,24,2017,3,29,True,True,0.0
2017-03-30,21.304166666666667,29.1,16.3,0.0,24,24,2017,3,30,True,True,0.0
2017-03-31,20.966666666666665,28.3,15.9,0.0,24,24,2017,3,31,True,True,0.0
2017-04-01,19.7375,27.0,13.8,0.0,24,24,2017,4,1,True,True,0.0
2017-04-02,20.775000000000002,28.9,15.0,0.0,24,24,2017,4,2,True,True,0.0
2017-04-03,21.570833333333336,30.2,16.1,0.0,24,24,2017,4,3,True,True,0.0
2017-04-04,23.075,30.3,18.0,0.0,24,24,2017,4,4,True,True,0.0
2017-04-05,24.491666666666664,31.5,20.4,1.0,24,24,2017,4,5,True,True,1.0
2017-04-06,23.120833333333334,27.4,20.9,14.8,24,24,2017,4,6,True,True,1.0
2017-04-07,23.366666666666664,28.9,20.2,0.2,24,24,2017,4,7,True,True,0.0
2017-04-08,23.145833333333332,29.0,20.3,0.0,24,24,2017,4,8,True,True,0.0
2017-04-09,24.325,30.2,20.3,0.0,24,24,2017,4,9,True,True,0.0
2017-04-10,23.854166666666668,31.3,19.4,0.0,24,24,2017,4,10,True,True,0.0
2017-04-11,24.858333333333334,32.5,20.7,0.0,24,24,2017,4,11,True,True,0.0
2017-04-12,23.3,28.5,19.2,0.0,24,24,2017,4,12,True,True,0.0
2017-04-13,21.525000000000002,27.4,17.4,0.0,24,24,2017,4,13,True,True,0.0
2017-04-14,22.266666666666666,30.8,16.4,0.0,24,24,2017,4,14,True,True,0.0
2017-04-15,22.837500000000002,31.6,16.8,0.0,24,24,2017,4,15,True,True,0.0
2017-04-16,23.3,30.9,18.5,0.0,24,24,2017,4,16,True,True,0.0
2017-04-17,21.279166666666665,26.4,19.4,0.6000000000000001,24,24,2017,4,17,True,True,0.0
2017-04-18,21.083333333333332,27.4,16.7,0.0,24,24,2017,4,18,True,True,0.0
2017-04-19,20.883333333333333,27.2,16.0,0.0,24,24,2017,4,19,True,True,0.0
2017-04-20,21.65833333333333,29.7,16.7,15.2,24,24,2017,4,20,True,True,1.0
2017-04-21,19.916666666666668,23.6,17.3,36.199999999999996,24,24,2017,4,21,True,True,1.0
2017-04-22,19.316666666666666,25.3,15.2,0.0,24,24,2017,4,22,True,True,0.0
2017-04-23,19.4875,25.7,14.6,0.0,24,24,2017,4,23,True,True,0.0
2017-04-24,20.645833333333332,28.0,15.0,0.0,24,24,2017,4,24,True,True,0.0
2017-04-25,22.912499999999998,30.3,17.1,0.0,24,24,2017,4,25,True,True,0.0
2017-04-26,19.775000000000002,22.8,17.5,31.6,24,24,2017,4,26,True,True,1.0
2017-04-27,19.658333333333335,26.0,15.8,0.4,24,24,2017,4,27,True,True,0.0
2017-04-28,18.383333333333333,24.8,14.4,0.0,24,24,2017,4,28,True,True,0.0
2017-04-29,17.945833333333333,25.6,11.6,0.0,24,24,2017,4,29,True,True,0.0
2017-04-30,19.633333333333333,25.8,15.1,0.0,24,24,2017,4,30,True,True,0.0
2017-05-01,19.966666666666665,26.2,15.3,0.0,24,24,2017,5,1,True,True,0.0
2017-05-02,20.462500000000002,27.0,15.5,0.2,24,24,2017,5,2,True,True,0.0
2017-05-03,21.295833333333334,28.4,16.1,0.0,24,24,2017,5,3,True,True,0.0
2017-05-04,20.708333333333332,27.7,16.7,0.8,24,24,2017,5,4,True,True,0.0
2017-05-05,18.620833333333334,25.8,15.0,53.4,24,24,2017,5,5,True,True,1.0
2017-05-06,17.6,23.5,14.2,0.2,23,23,2017,5,6,True,True,0.0
2017-05-07,19.220833333333335,25.4,15.0,0.0,24,24,2017,5,7,True,True,0.0
2017-05-08,19.0,26.6,14.3,0.2,24,24,2017,5,8,True,True,0.0
2017-05-09,19.791666666666668,28.2,13.9,0.0,24,24,2017,5,9,True,True,0.0
2017-05-10,20.070833333333333,25.9,15.6,0.0,24,24,2017,5,10,True,True,0.0
2017-05-11,19.391666666666666,24.8,15.4,0.0,24,24,2017,5,11,True,True,0.0
2017-05-12,19.391666666666666,25.6,14.4,0.0,24,24,2017,5,12,True,True,0.0
2017-05-13,22.025000000000002,28.7,16.6,0.0,24,24,2017,5,13,True,True,0.0
2017-05-14,21.458333333333332,25.4,18.4,5.8,24,24,2017,5,14,True,True,1.0
2017-05-15,20.645833333333332,26.8,16.8,0.0,24,24,2017,5,15,True,True,0.0
2017-05-16,19.404166666666665,23.2,16.6,0.0,24,24,2017,5,16,True,True,0.0
2017-05-17,19.704166666666666,25.5,15.4,0.2,24,24,2017,5,17,True,True,0.0
2017-05-18,17.01666666666667,19.0,16.0,23.6,24,24,2017,5,18,True,True,1.0
2017-05-19,17.76521739130435,20.8,16.5,34.0,23,23,2017,5,19,True,True,1.0
2017-05-20,18.820833333333333,21.7,15.8,2.4000000000000004,24,24,2017,5,20,True,True,1.0
2017-05-21,19.266666666666666,21.7,18.2,46.0,24,24,2017,5,21,True,True,1.0
2017-05-22,19.629166666666666,25.5,16.7,1.0,24,24,2017,5,22,True,True,1.0
2017-05-23,18.558333333333334,23.4,15.2,0.0,24,24,2017,5,23,True,True,0.0
2017-05-24,19.912499999999998,26.6,14.6,0.0,24,24,2017,5,24,True,True,0.0
2017-05-25,22.191666666666666,28.9,18.0,0.0,24,24,2017,5,25,True,True,0.0
2017-05-26,22.825,29.4,19.1,0.0,24,24,2017,5,26,True,True,0.0
2017-05-27,22.599999999999998,28.2,18.8,0.0,24,24,2017,5,27,True,True,0.0
2017-05-28,20.858333333333334,26.4,17.7,0.0,24,24,2017,5,28,True,True,0.0
2017-05-29,20.779166666666665,27.0,17.1,0.0,24,24,2017,5,29,True,True,0.0
2017-05-30,20.558333333333334,26.0,16.9,0.0,24,24,2017,5,30,True,True,0.0
2017-05-31,19.791666666666668,26.6,15.3,0.2,24,24,2017,5,31,True,True,0.0
2017-06-01,17.079166666666666,21.2,11.9,2.8000000000000003,24,24,2017,6,1,True,True,1.0
2017-06-02,14.295833333333334,21.6,9.1,0.2,24,24,2017,6,2,True,True,0.0
2017-06-03,16.783333333333335,24.8,11.3,0.0,24,24,2017,6,3,True,True,0.0
2017-06-04,21.433333333333334,29.0,14.8,0.0,24,24,2017,6,4,True,True,0.0
2017-06-05,19.804166666666667,22.6,18.4,8.0,24,24,2017,6,5,True,True,1.0
2017-06-06,21.945833333333336,28.0,18.4,0.0,24,24,2017,6,6,True,True,0.0
2017-06-07,22.541666666666668,28.5,18.5,0.0,24,24,2017,6,7,True,True,0.0
2017-06-08,22.391666666666666,29.1,17.1,0.0,24,24,2017,6,8,True,True,0.0
2017-06-09,16.370833333333334,22.3,11.8,0.4,24,24,2017,6,9,True,True,0.0
2017-06-10,11.508333333333333,19.5,4.7,0.0,24,24,2017,6,10,True,True,0.0
2017-06-11,14.083333333333334,23.4,7.5,0.0,24,24,2017,6,11,True,True,0.0
2017-06-12,15.116666666666667,18.9,12.3,0.2,24,24,2017,6,12,True,True,0.0
2017-06-13,15.933333333333332,17.8,14.5,6.8,24,24,2017,6,13,True,True,1.0
2017-06-14,16.662499999999998,23.1,13.7,1.2,24,24,2017,6,14,True,True,1.0
2017-06-15,17.491666666666667,23.3,13.8,0.2,24,24,2017,6,15,True,True,0.0
2017-06-16,17.691666666666666,24.8,13.5,0.0,24,24,2017,6,16,True,True,0.0
2017-06-17,19.270833333333332,26.9,14.9,0.0,24,24,2017,6,17,True,True,0.0
2017-06-18,19.383333333333333,26.7,15.1,0.0,24,24,2017,6,18,True,True,0.0
2017-06-19,20.395833333333332,27.4,14.2,0.0,24,24,2017,6,19,True,True,0.0
2017-06-20,17.379166666666666,20.7,14.8,0.0,24,24,2017,6,20,True,True,0.0
2017-06-21,17.779166666666665,23.5,13.7,0.0,24,24,2017,6,21,True,True,0.0
2017-06-22,18.704166666666666,25.0,14.4,0.0,24,24,2017,6,22,True,True,0.0
2017-06-23,18.775,25.4,14.3,0.0,24,24,2017,6,23,True,True,0.0
2017-06-24,18.162499999999998,24.9,13.3,0.0,24,24,2017,6,24,True,True,0.0
2017-06-25,17.879166666666666,23.8,14.3,0.2,24,24,2017,6,25,True,True,0.0
2017-06-26,17.458333333333332,24.7,12.5,0.0,24,24,2017,6,26,True,True,0.0
2017-06-27,17.604166666666668,24.6,12.5,0.0,24,24,2017,6,27,True,True,0.0
2017-06-28,18.125,26.0,13.0,0.0,24,24,2017,6,28,True,True,0.0
2017-06-29,19.933333333333334,26.5,16.3,0.0,24,24,2017,6,29,True,True,0.0
2017-06-30,18.854166666666668,26.0,15.4,0.0,24,24,2017,6,30,True,True,0.0
2017-07-01,18.45,25.5,14.1,0.0,24,24,2017,7,1,True,True,0.0
2017-07-02,15.375,20.3,12.2,0.0,24,24,2017,7,2,True,True,0.0
2017-07-03,14.674999999999999,19.8,11.3,0.0,24,24,2017,7,3,True,True,0.0
2017-07-04,13.879166666666668,20.9,9.3,0.0,24,24,2017,7,4,True,True,0.0
2017-07-05,14.654166666666667,21.1,9.7,0.0,24,24,2017,7,5,True,True,0.0
2017-07-06,16.229166666666668,21.9,11.2,0.0,24,24,2017,7,6,True,True,0.0
2017-07-07,17.204166666666666,23.6,11.8,0.0,24,24,2017,7,7,True,True,0.0
2017-07-08,17.433333333333334,22.7,13.2,0.0,24,24,2017,7,8,True,True,0.0
2017-07-09,18.008333333333333,24.8,13.1,0.0,24,24,2017,7,9,True,True,0.0
2017-07-10,17.808333333333334,25.3,13.8,0.0,24,24,2017,7,10,True,True,0.0
2017-07-11,18.433333333333334,26.4,13.2,0.0,24,24,2017,7,11,True,True,0.0
2017-07-12,18.991666666666667,26.4,13.2,0.0,24,24,2017,7,12,True,True,0.0
2017-07-13,18.341666666666665,26.6,12.2,0.0,24,24,2017,7,13,True,True,0.0
2017-07-14,18.779166666666665,26.3,13.5,0.0,24,24,2017,7,14,True,True,0.0
2017-07-15,19.495833333333334,26.0,13.7,0.0,24,24,2017,7,15,True,True,0.0
2017-07-16,20.020833333333332,27.0,15.2,0.0,24,24,2017,7,16,True,True,0.0
2017-07-17,20.245833333333334,27.9,14.7,0.0,24,24,2017,7,17,True,True,0.0
2017-07-18,10.887500000000001,15.7,7.9,0.0,24,24,2017,7,18,True,True,0.0
2017-07-19,12.179166666666667,20.1,4.9,0.0,24,24,2017,7,19,True,True,0.0
2017-07-20,16.1125,25.8,9.8,0.2,24,24,2017,7,20,True,True,0.0
2017-07-21,18.995833333333334,27.2,13.9,0.0,24,24,2017,7,21,True,True,0.0
2017-07-22,18.2625,26.0,12.2,0.0,24,24,2017,7,22,True,True,0.0
2017-07-23,18.445833333333333,27.4,12.6,0.0,24,24,2017,7,23,True,True,0.0
2017-07-24,19.220833333333335,26.3,13.8,0.0,24,24,2017,7,24,True,True,0.0
2017-07-25,19.029166666666665,26.9,13.4,0.0,24,24,2017,7,25,True,True,0.0
2017-07-26,18.845833333333335,26.5,13.1,0.0,24,24,2017,7,26,True,True,0.0
2017-07-27,18.666666666666668,26.0,13.0,0.0,24,24,2017,7,27,True,True,0.0
2017-07-28,18.254166666666666,25.5,12.6,0.0,24,24,2017,7,28,True,True,0.0
2017-07-29,18.6125,26.2,12.5,0.0,24,24,2017,7,29,True,True,0.0
2017-07-30,19.05,25.5,13.7,0.0,24,24,2017,7,30,True,True,0.0
2017-07-31,17.7,24.7,11.9,0.0,24,24,2017,7,31,True,True,0.0
2017-08-01,17.654166666666665,24.7,13.4,0.0,24,24,2017,8,1,True,True,0.0
2017-08-02,19.912499999999998,27.8,14.7,0.0,24,24,2017,8,2,True,True,0.0
2017-08-03,17.658333333333335,22.4,12.6,0.0,24,24,2017,8,3,True,True,0.0
2017-08-04,15.570833333333333,23.1,10.3,0.0,24,24,2017,8,4,True,True,0.0
2017-08-05,16.308333333333334,22.8,11.8,0.0,24,24,2017,8,5,True,True,0.0
2017-08-06,16.870833333333334,24.1,11.6,0.0,24,24,2017,8,6,True,True,0.0
2017-08-07,18.458333333333332,28.0,11.2,0.0,24,24,2017,8,7,True,True,0.0
2017-08-08,22.058333333333334,30.1,16.2,0.0,24,24,2017,8,8,True,True,0.0
2017-08-09,23.8125,33.1,16.0,0.0,24,24,2017,8,9,True,True,0.0
2017-08-10,22.579166666666666,31.6,16.1,0.0,24,24,2017,8,10,True,True,0.0
2017-08-11,19.474999999999998,27.5,13.9,0.0,24,24,2017,8,11,True,True,0.0
2017-08-12,21.183333333333334,30.4,13.9,0.0,24,24,2017,8,12,True,True,0.0
2017-08-13,23.6375,31.3,18.4,0.2,24,24,2017,8,13,True,True,0.0
2017-08-14,20.325,26.4,16.7,0.0,24,24,2017,8,14,True,True,0.0
2017-08-15,15.529166666666667,19.0,14.1,11.600000000000001,24,24,2017,8,15,True,True,1.0
2017-08-16,16.170833333333334,19.5,14.6,13.2,24,24,2017,8,16,True,True,1.0
2017-08-17,16.075,17.1,15.3,5.4,24,24,2017,8,17,True,True,1.0
2017-08-18,16.579166666666666,18.6,15.3,2.6000000000000005,24,24,2017,8,18,True,True,1.0
2017-08-19,17.3,20.2,16.3,3.4,24,24,2017,8,19,True,True,1.0
2017-08-20,17.541666666666668,24.4,15.8,23.6,24,24,2017,8,20,True,True,1.0
2017-08-21,15.2125,19.2,12.3,0.6000000000000001,24,24,2017,8,21,True,True,0.0
2017-08-22,16.879166666666666,23.7,11.5,0.0,24,24,2017,8,22,True,True,0.0
2017-08-23,20.141666666666666,28.6,13.5,0.0,24,24,2017,8,23,True,True,0.0
2017-08-24,20.829166666666666,28.6,15.2,0.0,24,24,2017,8,24,True,True,0.0
2017-08-25,19.845833333333335,29.0,13.2,0.0,24,24,2017,8,25,True,True,0.0
2017-08-26,21.191666666666666,29.6,14.6,0.0,24,24,2017,8,26,True,True,0.0
2017-08-27,22.020833333333332,30.5,16.4,0.0,24,24,2017,8,27,True,True,0.0
2017-08-28,21.695833333333336,31.4,15.3,0.0,24,24,2017,8,28,True,True,0.0
2017-08-29,21.741666666666664,32.0,14.2,0.0,24,24,2017,8,29,True,True,0.0
2017-08-30,24.120833333333334,33.5,17.3,0.0,24,24,2017,8,30,True,True,0.0
2017-08-31,21.537499999999998,28.5,15.9,0.0,24,24,2017,8,31,True,True,0.0
2017-09-01,20.8,27.6,16.1,0.0,24,24,2017,9,1,True,True,0.0
2017-09-02,20.404166666666665,28.8,14.1,0.0,24,24,2017,9,2,True,True,0.0
2017-09-03,20.741666666666667,29.7,13.4,0.0,24,24,2017,9,3,True,True,0.0
2017-09-04,20.875,29.5,14.3,0.0,24,24,2017,9,4,True,True,0.0
2017-09-05,22.599999999999998,30.6,15.7,0.0,24,24,2017,9,5,True,True,0.0
2017-09-06,22.616666666666664,31.3,15.1,0.0,24,24,2017,9,6,True,True,0.0
2017-09-07,22.59166666666667,31.8,16.0,0.0,24,24,2017,9,7,True,True,0.0
2017-09-08,23.766666666666666,32.7,16.9,0.0,24,24,2017,9,8,True,True,0.0
2017-09-09,24.212500000000002,32.2,18.4,0.0,24,24,2017,9,9,True,True,0.0
2017-09-10,23.808333333333334,32.3,16.7,0.0,24,24,2017,9,10,True,True,0.0
2017-09-11,25.349999999999998,34.1,19.8,0.0,24,24,2017,9,11,True,True,0.0
2017-09-12,25.791666666666668,33.8,18.9,0.0,24,24,2017,9,12,True,True,0.0
2017-09-13,24.379166666666666,32.7,17.2,0.0,24,24,2017,9,13,True,True,0.0
2017-09-14,25.608333333333334,33.2,19.0,0.0,24,24,2017,9,14,True,True,0.0
2017-09-15,26.039130434782606,33.9,19.6,0.0,23,23,2017,9,15,True,True,0.0
2017-09-16,24.666666666666668,33.9,17.5,0.0,24,24,2017,9,16,True,True,0.0
2017-09-17,25.054166666666664,33.3,18.6,0.0,24,24,2017,9,17,True,True,0.0
2017-09-18,23.954166666666666,33.7,16.9,0.0,24,24,2017,9,18,True,True,0.0
2017-09-19,24.47083333333333,33.0,17.5,0.0,24,24,2017,9,19,True,True,0.0
2017-09-20,24.75,33.5,17.9,0.0,24,24,2017,9,20,True,True,0.0
2017-09-21,23.90416666666667,33.3,16.5,0.0,24,24,2017,9,21,True,True,0.0
2017-09-22,25.020833333333332,32.7,17.8,0.0,24,24,2017,9,22,True,True,0.0
2017-09-23,24.716666666666665,32.9,17.9,0.0,24,24,2017,9,23,True,True,0.0
2017-09-24,22.675,30.3,16.4,0.0,24,24,2017,9,24,True,True,0.0
2017-09-25,22.666666666666668,30.4,17.0,0.0,24,24,2017,9,25,True,True,0.0
2017-09-26,22.891666666666666,31.6,15.3,0.0,24,24,2017,9,26,True,True,0.0
2017-09-27,24.412499999999998,34.6,17.0,0.0,24,24,2017,9,27,True,True,0.0
2017-09-28,24.829166666666666,33.7,18.7,0.0,24,24,2017,9,28,True,True,0.0
2017-09-29,19.895833333333332,25.1,17.7,4.6,24,24,2017,9,29,True,True,1.0
2017-09-30,18.045833333333334,20.4,16.6,8.600000000000001,24,24,2017,9,30,True,True,1.0
2017-10-01,21.125,28.0,15.7,0.0,24,24,2017,10,1,True,True,0.0
2017-10-02,18.441666666666666,22.7,15.8,21.799999999999997,24,24,2017,10,2,True,True,1.0
2017-10-03,17.841666666666665,24.9,13.9,2.0,24,24,2017,10,3,True,True,1.0
2017-10-04,19.545833333333334,27.8,13.4,0.0,24,24,2017,10,4,True,True,0.0
2017-10-05,23.708333333333332,33.2,14.8,0.0,24,24,2017,10,5,True,True,0.0
2017-10-06,26.645833333333332,34.1,18.5,0.0,24,24,2017,10,6,True,True,0.0
2017-10-07,19.879166666666666,25.6,18.3,10.399999999999999,24,24,2017,10,7,True,True,1.0
2017-10-08,21.270833333333332,28.1,17.4,0.8,24,24,2017,10,8,True,True,0.0
2017-10-09,24.1375,31.8,18.4,0.0,24,24,2017,10,9,True,True,0.0
2017-10-10,27.245833333333334,36.1,20.8,0.0,24,24,2017,10,10,True,True,0.0
2017-10-11,27.479166666666668,36.1,20.3,0.0,24,24,2017,10,11,True,True,0.0
2017-10-12,27.787499999999998,36.8,20.6,0.0,24,24,2017,10,12,True,True,0.0
2017-10-13,27.666666666666668,36.9,20.2,0.0,24,24,2017,10,13,True,True,0.0
2017-10-14,27.9375,37.1,20.7,0.0,24,24,2017,10,14,True,True,0.0
2017-10-15,23.09130434782609,30.6,17.8,0.0,23,23,2017,10,15,True,True,0.0
2017-10-16,22.458333333333332,30.9,16.0,0.0,24,24,2017,10,16,True,True,0.0
2017-10-17,24.379166666666666,33.1,17.7,0.0,24,24,2017,10,17,True,True,0.0
2017-10-18,25.84583333333333,35.2,18.9,0.0,24,24,2017,10,18,True,True,0.0
2017-10-19,27.862499999999997,35.7,19.6,0.0,24,24,2017,10,19,True,True,0.0
2017-10-20,24.150000000000002,31.5,20.2,0.0,24,24,2017,10,20,True,True,0.0
2017-10-21,21.991666666666664,27.0,18.9,0.8,24,24,2017,10,21,True,True,0.0
2017-10-22,19.0125,22.3,17.1,14.200000000000001,24,24,2017,10,22,True,True,1.0
2017-10-23,19.3875,24.7,16.7,0.2,24,24,2017,10,23,True,True,0.0
2017-10-24,21.0125,30.5,13.8,0.0,24,24,2017,10,24,True,True,0.0
2017-10-25,23.099999999999998,33.5,15.7,0.0,24,24,2017,10,25,True,True,0.0
2017-10-26,20.629166666666666,27.1,17.8,2.4,24,24,2017,10,26,True,True,1.0
2017-10-27,20.158333333333335,29.5,16.5,15.600000000000001,24,24,2017,10,27,True,True,1.0
2017-10-28,22.433333333333334,30.2,16.5,0.4,24,24,2017,10,28,True,True,0.0
2017-10-29,23.791666666666668,28.7,20.9,0.0,24,24,2017,10,29,True,True,0.0
2017-10-30,18.8875,21.8,16.1,36.0,24,24,2017,10,30,True,True,1.0
2017-10-31,20.466666666666665,26.3,15.7,0.0,24,24,2017,10,31,True,True,0.0
2017-11-01,20.679166666666667,27.7,15.5,0.0,24,24,2017,11,1,True,True,0.0
2017-11-02,21.541666666666668,30.1,14.6,0.0,24,24,2017,11,2,True,True,0.0
2017-11-03,23.462500000000002,32.8,16.1,1.2,24,24,2017,11,3,True,True,1.0
2017-11-04,21.825,30.0,17.9,65.6,24,24,2017,11,4,True,True,1.0
2017-11-05,19.783333333333335,23.0,17.9,2.0,24,24,2017,11,5,True,True,1.0
2017-11-06,20.604166666666668,26.5,17.3,0.0,24,24,2017,11,6,True,True,0.0
2017-11-07,21.058333333333334,28.4,15.8,0.0,24,24,2017,11,7,True,True,0.0
2017-11-08,20.579166666666666,28.1,16.4,15.2,24,24,2017,11,8,True,True,1.0
2017-11-09,21.96666666666667,30.0,17.3,0.6000000000000001,24,24,2017,11,9,True,True,0.0
2017-11-10,24.27916666666667,30.7,19.6,10.600000000000001,24,24,2017,11,10,True,True,1.0
2017-11-11,22.666666666666668,29.5,18.6,0.0,24,24,2017,11,11,True,True,0.0
2017-11-12,22.070833333333336,29.6,15.0,0.0,24,24,2017,11,12,True,True,0.0
2017-11-13,22.325,31.1,14.5,0.0,24,24,2017,11,13,True,True,0.0
2017-11-14,22.754166666666666,32.0,14.2,0.0,24,24,2017,11,14,True,True,0.0
2017-11-15,25.325000000000003,34.2,17.0,0.0,24,24,2017,11,15,True,True,0.0
2017-11-16,26.625,34.1,19.6,3.4,24,24,2017,11,16,True,True,1.0
2017-11-17,23.229166666666668,29.6,18.2,5.0,24,24,2017,11,17,True,True,1.0
2017-11-18,22.254166666666666,30.2,19.3,14.4,24,24,2017,11,18,True,True,1.0
2017-11-19,23.120833333333334,29.5,19.2,0.0,24,24,2017,11,19,True,True,0.0
2017-11-20,23.566666666666666,29.6,19.3,0.0,24,24,2017,11,20,True,True,0.0
2017-11-21,22.429166666666664,29.7,19.3,14.0,24,24,2017,11,21,True,True,1.0
2017-11-22,22.241666666666664,26.9,19.2,29.2,24,24,2017,11,22,True,True,1.0
2017-11-23,22.083333333333332,29.5,16.4,0.0,24,24,2017,11,23,True,True,0.0
2017-11-24,24.145833333333332,32.8,16.9,0.0,24,24,2017,11,24,True,True,0.0
2017-11-25,25.1875,32.6,19.1,0.2,24,24,2017,11,25,True,True,0.0
2017-11-26,21.9875,26.2,19.1,12.0,24,24,2017,11,26,True,True,1.0
2017-11-27,20.470833333333335,25.3,17.5,47.8,24,24,2017,11,27,True,True,1.0
2017-11-28,22.854166666666668,30.1,17.3,0.2,24,24,2017,11,28,True,True,0.0
2017-11-29,22.724999999999998,29.6,16.5,0.0,24,24,2017,11,29,True,True,0.0
2017-11-30,22.27916666666667,29.6,16.3,1.6,24,24,2017,11,30,True,True,1.0
2017-12-01,20.883333333333333,26.0,17.3,1.6,24,24,2017,12,1,True,True,1.0
2017-12-02,22.491666666666664,27.4,17.7,0.0,24,24,2017,12,2,True,True,0.0
2017-12-03,23.900000000000002,32.1,18.2,0.0,24,24,2017,12,3,True,True,0.0
2017-12-04,25.895833333333332,33.7,19.2,0.0,24,24,2017,12,4,True,True,0.0
2017-12-05,25.52916666666667,33.3,21.0,0.0,24,24,2017,12,5,True,True,0.0
2017-12-06,24.162499999999998,30.4,20.5,0.0,24,24,2017,12,6,True,True,0.0
2017-12-07,23.52916666666667,28.9,20.1,0.0,24,24,2017,12,7,True,True,0.0
2017-12-08,25.554166666666664,32.6,21.1,0.0,24,24,2017,12,8,True,True,0.0
2017-12-09,25.275000000000002,33.3,19.2,0.0,24,24,2017,12,9,True,True,0.0
2017-12-10,25.90833333333333,33.2,20.3,0.0,24,24,2017,12,10,True,True,0.0
2017-12-11,25.8625,35.0,18.6,0.0,24,24,2017,12,11,True,True,0.0
2017-12-12,23.2625,29.2,18.0,0.0,24,24,2017,12,12,True,True,0.0
2017-12-13,23.675,31.4,17.4,0.0,24,24,2017,12,13,True,True,0.0
2017-12-14,25.166666666666668,33.1,18.8,0.0,24,24,2017,12,14,True,True,0.0
2017-12-15,25.791666666666668,34.5,21.1,0.0,24,24,2017,12,15,True,True,0.0
2017-12-16,26.65833333333333,34.0,20.2,0.0,24,24,2017,12,16,True,True,0.0
2017-12-17,25.879166666666666,32.7,20.7,0.0,24,24,2017,12,17,True,True,0.0
2017-12-18,25.691666666666666,33.7,21.0,0.0,24,24,2017,12,18,True,True,0.0
2017-12-19,26.25,35.5,21.2,0.4,24,24,2017,12,19,True,True,0.0
2017-12-20,24.304166666666664,33.0,20.0,7.0,24,24,2017,12,20,True,True,1.0
2017-12-21,21.537499999999998,25.9,19.7,3.5999999999999996,24,24,2017,12,21,True,True,1.0
2017-12-22,22.90416666666667,28.6,20.6,1.2000000000000002,24,24,2017,12,22,True,True,1.0
2017-12-23,23.587500000000002,29.0,20.1,2.0,24,24,2017,12,23,True,True,1.0
2017-12-24,23.71666666666667,29.6,21.0,0.6000000000000001,24,24,2017,12,24,True,True,0.0
2017-12-25,22.308333333333334,28.0,19.7,12.8,24,24,2017,12,25,True,True,1.0
2017-12-26,23.983333333333334,31.5,19.8,0.4,24,24,2017,12,26,True,True,0.0
2017-12-27,25.395833333333332,32.4,19.2,0.0,24,24,2017,12,27,True,True,0.0
2017-12-28,25.270833333333332,31.4,21.0,1.5999999999999999,24,24,2017,12,28,True,True,1.0
2017-12-29,23.170833333333334,29.2,19.7,1.2,24,24,2017,12,29,True,True,1.0
2017-12-30,21.808333333333334,26.2,19.8,47.8,24,24,2017,12,30,True,True,1.0
2017-12-31,22.05,29.2,19.7,15.0,24,24,2017,12,31,True,True,1.0
2018-01-01,22.379166666666666,29.3,20.2,12.2,24,24,2018,1,1,True,True,1.0
2018-01-02,21.71666666666667,26.1,19.4,13.600000000000001,24,24,2018,1,2,True,True,1.0
2018-01-03,23.175,28.9,20.1,3.6000000000000005,24,24,2018,1,3,True,True,1.0
2018-01-04,24.670833333333334,31.6,19.8,0.0,24,24,2018,1,4,True,True,0.0
2018-01-05,24.541666666666668,32.3,18.4,0.0,24,24,2018,1,5,True,True,0.0
2018-01-06,23.349999999999998,28.5,20.4,10.8,24,24,2018,1,6,True,True,1.0
2018-01-07,21.579166666666666,27.9,17.4,11.8,24,24,2018,1,7,True,True,1.0
2018-01-08,20.241666666666667,23.3,18.7,22.799999999999997,24,24,2018,1,8,True,True,1.0
2018-01-09,20.25,23.0,18.5,7.800000000000001,24,24,2018,1,9,True,True,1.0
2018-01-10,23.287499999999998,28.1,19.6,0.0,24,24,2018,1,10,True,True,0.0
2018-01-11,22.037499999999998,30.8,18.7,31.8,24,24,2018,1,11,True,True,1.0
2018-01-12,21.3125,28.7,17.8,2.8,24,24,2018,1,12,True,True,1.0
2018-01-13,22.570833333333336,28.7,18.9,0.2,24,24,2018,1,13,True,True,0.0
2018-01-14,22.295833333333334,27.6,19.3,3.0,24,24,2018,1,14,True,True,1.0
2018-01-15,23.616666666666664,29.8,19.8,0.0,24,24,2018,1,15,True,True,0.0
2018-01-16,22.766666666666666,29.0,19.5,44.8,24,24,2018,1,16,True,True,1.0
2018-01-17,23.770833333333332,30.9,19.9,0.4,24,24,2018,1,17,True,True,0.0
2018-01-18,24.116666666666664,31.8,18.9,22.0,24,24,2018,1,18,True,True,1.0
2018-01-19,24.530434782608697,32.8,19.0,0.0,23,23,2018,1,19,True,True,0.0
2018-01-20,24.791666666666668,31.9,19.7,0.4,24,24,2018,1,20,True,True,0.0
2018-01-21,25.433333333333334,32.5,20.7,0.0,24,24,2018,1,21,True,True,0.0
2018-01-22,26.6875,34.5,20.8,0.0,24,24,2018,1,22,True,True,0.0
2018-01-23,26.945833333333336,34.6,20.9,0.0,24,24,2018,1,23,True,True,0.0
2018-01-24,25.21666666666667,33.6,19.8,14.4,24,24,2018,1,24,True,True,1.0
2018-01-25,24.162499999999998,31.1,20.3,7.6,24,24,2018,1,25,True,True,1.0
2018-01-26,24.77916666666667,31.1,20.5,0.2,24,24,2018,1,26,True,True,0.0
2018-01-27,24.729166666666668,31.9,19.9,0.0,24,24,2018,1,27,True,True,0.0
2018-01-28,24.46666666666667,33.1,20.4,0.4,24,24,2018,1,28,True,True,0.0
2018-01-29,23.491666666666664,29.9,19.9,0.8,24,24,2018,1,29,True,True,0.0
2018-01-30,21.4375,26.4,18.5,7.6000000000000005,24,24,2018,1,30,True,True,1.0
2018-01-31,22.900000000000002,29.8,17.8,0.0,24,24,2018,1,31,True,True,0.0
2018-02-01,23.162499999999998,30.4,16.9,0.0,24,24,2018,2,1,True,True,0.0
2018-02-02,23.05217391304348,29.8,19.1,0.0,23,23,2018,2,2,True,True,0.0
2018-02-03,24.224999999999998,31.6,18.6,0.0,24,24,2018,2,3,True,True,0.0
2018-02-04,23.275000000000002,30.6,18.2,0.0,24,24,2018,2,4,True,True,0.0
2018-02-05,23.27916666666667,30.3,17.8,0.0,24,24,2018,2,5,True,True,0.0
2018-02-06,22.983333333333334,31.2,16.2,0.0,24,24,2018,2,6,True,True,0.0
2018-02-07,23.791666666666668,31.8,17.4,0.0,24,24,2018,2,7,True,True,0.0
2018-02-08,25.25,33.2,19.0,0.0,24,24,2018,2,8,True,True,0.0
2018-02-09,26.254166666666666,34.1,20.1,0.0,24,24,2018,2,9,True,True,0.0
2018-02-10,22.55,26.3,19.8,15.400000000000002,24,24,2018,2,10,True,True,1.0
2018-02-11,24.09166666666667,31.7,21.3,0.0,24,24,2018,2,11,True,True,0.0
2018-02-12,23.5625,29.0,20.4,5.2,24,24,2018,2,12,True,True,1.0
2018-02-13,23.108333333333334,29.1,19.3,0.6,24,24,2018,2,13,True,True,0.0
2018-02-14,21.287499999999998,25.6,18.5,0.4,24,24,2018,2,14,True,True,0.0
2018-02-15,20.054166666666667,21.9,18.9,1.4000000000000001,24,24,2018,2,15,True,True,1.0
2018-02-16,23.079166666666666,30.8,17.9,0.0,24,24,2018,2,16,True,True,0.0
2018-02-17,22.168000000000003,31.4,17.7,2.0,25,25,2018,2,17,True,True,1.0
2018-02-18,21.34583333333333,26.2,19.1,14.399999999999999,24,24,2018,2,18,True,True,1.0
2018-02-19,21.96666666666667,27.8,19.1,2.8000000000000003,24,24,2018,2,19,True,True,1.0
2018-02-20,22.1875,27.8,18.8,7.8,24,24,2018,2,20,True,True,1.0
2018-02-21,23.3625,30.1,18.3,0.2,24,24,2018,2,21,True,True,0.0
2018-02-22,24.683333333333334,31.6,19.2,0.0,24,24,2018,2,22,True,True,0.0
2018-02-23,24.395833333333332,31.6,19.4,0.0,24,24,2018,2,23,True,True,0.0
2018-02-24,23.962500000000002,31.5,18.1,0.0,24,24,2018,2,24,True,True,0.0
2018-02-25,23.65833333333333,30.9,18.0,0.0,24,24,2018,2,25,True,True,0.0
2018-02-26,21.683333333333334,28.0,18.6,22.4,24,24,2018,2,26,True,True,1.0
2018-02-27,21.979166666666668,28.1,20.0,7.2,24,24,2018,2,27,True,True,1.0
2018-02-28,23.941666666666666,31.7,20.1,0.0,24,24,2018,2,28,True,True,0.0
2018-03-01,23.695833333333336,30.2,20.0,27.8,24,24,2018,3,1,True,True,1.0
2018-03-02,23.337500000000002,31.5,20.6,11.0,24,24,2018,3,2,True,True,1.0
2018-03-03,23.84583333333333,30.9,20.1,3.8000000000000003,24,24,2018,3,3,True,True,1.0
2018-03-04,25.495833333333334,32.4,20.6,3.8000000000000003,24,24,2018,3,4,True,True,1.0
2018-03-05,25.391666666666666,32.5,20.2,1.7999999999999998,24,24,2018,3,5,True,True,1.0
2018-03-06,25.525000000000002,32.4,20.3,0.0,24,24,2018,3,6,True,True,0.0
2018-03-07,24.420833333333334,31.6,21.6,0.2,24,24,2018,3,7,True,True,0.0
2018-03-08,24.22083333333333,30.0,20.4,0.0,24,24,2018,3,8,True,True,0.0
2018-03-09,24.695833333333336,31.9,18.8,0.0,24,24,2018,3,9,True,True,0.0
2018-03-10,23.1375,30.7,20.1,15.8,24,24,2018,3,10,True,True,1.0
2018-03-11,24.84166666666667,32.2,19.5,0.2,24,24,2018,3,11,True,True,0.0
2018-03-12,26.7375,33.3,21.5,0.0,24,24,2018,3,12,True,True,0.0
2018-03-13,26.329166666666666,32.4,22.0,0.0,24,24,2018,3,13,True,True,0.0
2018-03-14,27.6375,34.6,21.7,0.0,24,24,2018,3,14,True,True,0.0
2018-03-15,25.270833333333332,31.9,20.3,14.8,24,24,2018,3,15,True,True,1.0
2018-03-16,24.245833333333334,32.4,19.9,40.400000000000006,24,24,2018,3,16,True,True,1.0
2018-03-17,24.02916666666667,32.0,20.5,2.0,24,24,2018,3,17,True,True,1.0
2018-03-18,25.712500000000002,32.6,20.4,0.0,24,24,2018,3,18,True,True,0.0
2018-03-19,26.670833333333334,34.0,21.9,0.0,24,24,2018,3,19,True,True,0.0
2018-03-20,25.691666666666666,33.0,21.6,0.0,24,24,2018,3,20,True,True,0.0
2018-03-21,23.27916666666667,32.0,19.8,75.4,24,24,2018,3,21,True,True,1.0
2018-03-22,23.325,30.0,19.4,0.2,24,24,2018,3,22,True,True,0.0
2018-03-23,24.770833333333332,32.3,19.5,0.0,24,24,2018,3,23,True,True,0.0
2018-03-24,25.370833333333334,32.0,20.8,0.0,24,24,2018,3,24,True,True,0.0
2018-03-25,24.866666666666664,30.6,21.0,0.0,24,24,2018,3,25,True,True,0.0
2018-03-26,21.141666666666666,25.6,18.3,7.6,24,24,2018,3,26,True,True,1.0
2018-03-27,22.316666666666666,29.4,18.3,0.0,24,24,2018,3,27,True,True,0.0
2018-03-28,23.545833333333334,31.1,19.1,0.0,24,24,2018,3,28,True,True,0.0
2018-03-29,24.037499999999998,31.5,19.0,0.0,24,24,2018,3,29,True,True,0.0
2018-03-30,23.84583333333333,30.9,20.4,0.0,24,24,2018,3,30,True,True,0.0
2018-03-31,22.6875,26.8,19.6,0.0,24,24,2018,3,31,True,True,0.0
2018-04-01,22.358333333333334,29.2,19.8,4.4,24,24,2018,4,1,True,True,1.0
2018-04-02,22.175,27.5,20.2,4.4,24,24,2018,4,2,True,True,1.0
2018-04-03,21.708333333333332,26.1,19.3,4.2,24,24,2018,4,3,True,True,1.0
2018-04-04,21.537499999999998,28.8,18.5,0.0,24,24,2018,4,4,True,True,0.0
2018-04-05,21.816666666666666,29.1,17.6,0.2,24,24,2018,4,5,True,True,0.0
2018-04-06,22.258333333333336,29.9,17.4,0.0,24,24,2018,4,6,True,True,0.0
2018-04-07,22.420833333333334,30.6,16.9,0.0,24,24,2018,4,7,True,True,0.0
2018-04-08,23.204166666666666,30.8,17.9,0.0,24,24,2018,4,8,True,True,0.0
2018-04-09,23.741666666666664,30.7,19.0,0.0,24,24,2018,4,9,True,True,0.0
2018-04-10,23.7,30.5,18.8,0.0,24,24,2018,4,10,True,True,0.0
2018-04-11,23.308695652173913,30.1,18.7,0.0,23,23,2018,4,11,True,True,0.0
2018-04-12,22.0125,27.8,17.4,0.0,24,24,2018,4,12,True,True,0.0
2018-04-13,23.170833333333334,30.5,17.5,0.0,24,24,2018,4,13,True,True,0.0
2018-04-14,23.1125,28.8,19.0,0.0,24,24,2018,4,14,True,True,0.0
2018-04-15,21.566666666666666,26.9,18.9,0.0,24,24,2018,4,15,True,True,0.0
2018-04-16,20.670833333333334,26.1,17.2,0.0,24,24,2018,4,16,True,True,0.0
2018-04-17,20.912499999999998,26.8,16.5,0.0,24,24,2018,4,17,True,True,0.0
2018-04-18,20.504166666666666,27.3,15.1,0.0,24,24,2018,4,18,True,True,0.0
2018-04-19,20.900000000000002,29.1,15.3,0.0,24,24,2018,4,19,True,True,0.0
2018-04-20,21.0625,28.9,15.9,0.0,24,24,2018,4,20,True,True,0.0
2018-04-21,20.45,28.7,13.5,0.0,24,24,2018,4,21,True,True,0.0
2018-04-22,20.741666666666667,29.7,14.8,0.0,24,24,2018,4,22,True,True,0.0
2018-04-23,21.662499999999998,29.4,16.4,0.0,24,24,2018,4,23,True,True,0.0
2018-04-24,22.191666666666666,29.9,16.7,0.0,24,24,2018,4,24,True,True,0.0
2018-04-25,22.34583333333333,30.2,16.5,0.0,24,24,2018,4,25,True,True,0.0
2018-04-26,22.820833333333336,29.9,17.5,0.0,24,24,2018,4,26,True,True,0.0
2018-04-27,23.1875,30.5,18.7,0.0,24,24,2018,4,27,True,True,0.0
2018-04-28,23.495833333333334,30.8,18.8,0.0,24,24,2018,4,28,True,True,0.0
2018-04-29,23.2625,30.0,18.2,0.0,24,24,2018,4,29,True,True,0.0
2018-04-30,23.979166666666668,31.0,19.5,0.0,24,24,2018,4,30,True,True,0.0
2018-05-01,23.78333333333333,31.4,18.0,0.0,24,24,2018,5,1,True,True,0.0
2018-05-02,23.15416666666667,30.0,19.1,0.0,24,24,2018,5,2,True,True,0.0
2018-05-03,22.858333333333334,30.0,18.1,0.0,24,24,2018,5,3,True,True,0.0
2018-05-04,23.349999999999998,31.5,18.2,0.0,24,24,2018,5,4,True,True,0.0
2018-05-05,23.891666666666666,32.0,17.2,0.0,24,24,2018,5,5,True,True,0.0
2018-05-06,23.3,29.5,19.1,0.0,24,24,2018,5,6,True,True,0.0
2018-05-07,22.020833333333332,28.0,18.1,0.0,24,24,2018,5,7,True,True,0.0
2018-05-08,21.541666666666668,27.6,17.0,0.0,24,24,2018,5,8,True,True,0.0
2018-05-09,21.037499999999998,28.1,16.5,0.0,24,24,2018,5,9,True,True,0.0
2018-05-10,20.875,28.6,15.7,0.0,24,24,2018,5,10,True,True,0.0
2018-05-11,22.320833333333336,29.0,17.6,0.0,24,24,2018,5,11,True,True,0.0
2018-05-12,21.5125,27.3,17.5,0.0,24,24,2018,5,12,True,True,0.0
2018-05-13,20.162499999999998,28.2,15.1,0.0,24,24,2018,5,13,True,True,0.0
2018-05-14,20.2625,28.6,14.9,0.0,24,24,2018,5,14,True,True,0.0
2018-05-15,22.150000000000002,28.8,17.6,0.0,24,24,2018,5,15,True,True,0.0
2018-05-16,20.791666666666668,28.7,17.6,0.6000000000000001,24,24,2018,5,16,True,True,0.0
2018-05-17,21.3,28.4,16.5,0.2,24,24,2018,5,17,True,True,0.0
2018-05-18,22.5625,30.1,17.7,0.2,24,24,2018,5,18,True,True,0.0
2018-05-19,18.3125,21.9,13.0,8.0,24,24,2018,5,19,True,True,1.0
2018-05-20,12.4125,19.1,8.0,0.2,24,24,2018,5,20,True,True,0.0
2018-05-21,13.079166666666666,21.9,6.8,0.0,24,24,2018,5,21,True,True,0.0
2018-05-22,15.579166666666666,23.9,9.7,0.0,24,24,2018,5,22,True,True,0.0
2018-05-23,16.912499999999998,25.0,11.4,0.0,24,24,2018,5,23,True,True,0.0
2018-05-24,18.241666666666667,26.2,13.2,0.0,24,24,2018,5,24,True,True,0.0
2018-05-25,19.120833333333334,25.9,14.7,0.0,24,24,2018,5,25,True,True,0.0
2018-05-26,19.425,27.1,14.3,0.0,24,24,2018,5,26,True,True,0.0
2018-05-27,19.287499999999998,26.8,14.3,0.0,24,24,2018,5,27,True,True,0.0
2018-05-28,18.470833333333335,25.5,12.2,0.0,24,24,2018,5,28,True,True,0.0
2018-05-29,18.537499999999998,25.8,13.1,0.0,24,24,2018,5,29,True,True,0.0
2018-05-30,18.595833333333335,25.9,13.7,0.0,24,24,2018,5,30,True,True,0.0
2018-05-31,18.754166666666666,26.6,13.1,0.0,24,24,2018,5,31,True,True,0.0
2018-06-01,19.8125,27.3,14.5,0.0,24,24,2018,6,1,True,True,0.0
2018-06-02,21.3875,28.2,17.4,0.0,24,24,2018,6,2,True,True,0.0
2018-06-03,19.675,24.9,15.3,1.7999999999999998,24,24,2018,6,3,True,True,1.0
2018-06-04,16.479166666666668,20.7,13.5,0.0,24,24,2018,6,4,True,True,0.0
2018-06-05,18.020833333333332,24.5,14.2,0.0,24,24,2018,6,5,True,True,0.0
2018-06-06,19.016666666666666,24.3,15.9,0.2,24,24,2018,6,6,True,True,0.0
2018-06-07,19.370833333333334,25.2,16.3,0.4,24,24,2018,6,7,True,True,0.0
2018-06-08,16.025000000000002,21.2,13.2,0.0,24,24,2018,6,8,True,True,0.0
2018-06-09,17.233333333333334,24.9,11.8,0.0,24,24,2018,6,9,True,True,0.0
2018-06-10,21.570833333333336,29.1,15.9,0.0,24,24,2018,6,10,True,True,0.0
2018-06-11,23.816666666666666,30.2,19.9,0.0,24,24,2018,6,11,True,True,0.0
2018-06-12,22.7625,30.0,17.8,0.0,24,24,2018,6,12,True,True,0.0
2018-06-13,20.708333333333332,24.8,18.2,10.0,24,24,2018,6,13,True,True,1.0
2018-06-14,19.208333333333332,24.3,16.0,0.0,24,24,2018,6,14,True,True,0.0
2018-06-15,17.504166666666666,24.2,13.5,0.0,24,24,2018,6,15,True,True,0.0
2018-06-16,16.308333333333334,22.9,12.3,0.0,24,24,2018,6,16,True,True,0.0
2018-06-17,17.162499999999998,24.2,12.4,0.0,24,24,2018,6,17,True,True,0.0
2018-06-18,17.633333333333333,25.2,12.6,0.0,24,24,2018,6,18,True,True,0.0
2018-06-19,18.591666666666665,25.6,13.5,0.0,24,24,2018,6,19,True,True,0.0
2018-06-20,19.270833333333332,26.1,14.2,0.0,24,24,2018,6,20,True,True,0.0
2018-06-21,20.158333333333335,27.5,15.1,0.0,24,24,2018,6,21,True,True,0.0
2018-06-22,20.825,27.6,14.6,0.0,24,24,2018,6,22,True,True,0.0
2018-06-23,21.6375,28.8,15.8,0.0,24,24,2018,6,23,True,True,0.0
2018-06-24,22.541666666666668,28.0,19.1,0.0,24,24,2018,6,24,True,True,0.0
2018-06-25,21.870833333333334,29.3,15.5,0.0,24,24,2018,6,25,True,True,0.0
2018-06-26,21.979166666666668,29.7,17.2,0.0,24,24,2018,6,26,True,True,0.0
2018-06-27,21.599999999999998,29.5,16.9,0.0,24,24,2018,6,27,True,True,0.0
2018-06-28,20.958333333333332,28.4,16.2,0.0,24,24,2018,6,28,True,True,0.0
2018-06-29,20.883333333333333,28.0,16.8,0.0,24,24,2018,6,29,True,True,0.0
2018-06-30,21.004166666666666,28.3,15.5,0.0,24,24,2018,6,30,True,True,0.0
2018-07-01,20.974999999999998,28.5,15.5,0.0,24,24,2018,7,1,True,True,0.0
2018-07-02,22.087500000000002,29.6,16.9,0.0,24,24,2018,7,2,True,True,0.0
2018-07-03,22.175,29.8,16.2,0.0,24,24,2018,7,3,True,True,0.0
2018-07-04,19.675,28.2,14.0,0.0,24,24,2018,7,4,True,True,0.0
2018-07-05,21.5625,29.7,16.1,0.0,24,24,2018,7,5,True,True,0.0
2018-07-06,21.495833333333334,28.5,15.6,0.0,24,24,2018,7,6,True,True,0.0
2018-07-07,20.712500000000002,27.8,14.0,0.0,24,24,2018,7,7,True,True,0.0
2018-07-08,21.241666666666667,29.4,14.7,0.0,24,24,2018,7,8,True,True,0.0
2018-07-09,20.7375,27.6,15.8,0.0,24,24,2018,7,9,True,True,0.0
2018-07-10,14.833333333333334,21.0,10.4,0.2,24,24,2018,7,10,True,True,0.0
2018-07-11,12.191666666666668,19.7,6.1,0.0,24,24,2018,7,11,True,True,0.0
2018-07-12,,,,,19,19,2018,7,12,False,False,
2018-07-13,,,,,10,10,2018,7,13,False,False,
2018-07-14,,,,,11,11,2018,7,14,False,False,
2018-07-15,,,,,13,13,2018,7,15,False,False,
2018-07-16,,,,,13,13,2018,7,16,False,False,
2018-07-17,,,,,13,13,2018,7,17,False,False,
2018-07-18,,,,,12,12,2018,7,18,False,False,
2018-07-19,,,,,12,12,2018,7,19,False,False,
2018-07-20,,,,,12,12,2018,7,20,False,False,
2018-07-21,,,,,11,11,2018,7,21,False,False,
2018-07-22,,,,,11,11,2018,7,22,False,False,
2018-07-23,,,,,11,11,2018,7,23,False,False,
2018-07-24,,,,,11,11,2018,7,24,False,False,
2018-07-25,,,,,11,11,2018,7,25,False,False,
2018-07-26,,,,,11,11,2018,7,26,False,False,
2018-07-27,,,,,10,10,2018,7,27,False,False,
2018-07-28,,,,,10,10,2018,7,28,False,False,
2018-07-29,,,,,9,9,2018,7,29,False,False,
2018-07-30,,,,,8,8,2018,7,30,False,False,
2018-07-31,,,,,9,9,2018,7,31,False,False,
2018-08-01,,,,,6,6,2018,8,1,False,False,
2018-08-02,,,,,11,11,2018,8,2,False,False,
2018-08-03,,,,,0,0,2018,8,3,False,False,
2018-08-04,,,,,5,5,2018,8,4,False,False,
2018-08-05,,,,,2,2,2018,8,5,False,False,
2018-08-06,,,,,0,0,2018,8,6,False,False,
2018-08-07,,,,,8,8,2018,8,7,False,False,
2018-08-08,,,,,2,2,2018,8,8,False,False,
2018-08-09,,,,,5,5,2018,8,9,False,False,
2018-08-10,,,,,12,12,2018,8,10,False,False,
2018-08-11,,,,,12,12,2018,8,11,False,False,
2018-08-12,,,,,13,13,2018,8,12,False,False,
2018-08-13,,,,,12,12,2018,8,13,False,False,
2018-08-14,,,,,12,12,2018,8,14,False,False,
2018-08-15,,,,,11,11,2018,8,15,False,False,
2018-08-16,,,,,10,10,2018,8,16,False,False,
2018-08-17,,,,,11,11,2018,8,17,False,False,
2018-08-18,,,,,12,12,2018,8,18,False,False,
2018-08-19,,,,,13,13,2018,8,19,False,False,
2018-08-20,,,,,15,15,2018,8,20,False,False,
2018-08-21,22.683333333333334,31.2,15.9,0.0,24,24,2018,8,21,True,True,0.0
2018-08-22,18.4375,24.3,15.3,0.0,24,24,2018,8,22,True,True,0.0
2018-08-23,21.412499999999998,29.7,14.9,0.0,24,24,2018,8,23,True,True,0.0
2018-08-24,19.258333333333333,24.5,17.2,6.2,24,24,2018,8,24,True,True,1.0
2018-08-25,18.854166666666668,23.8,16.6,11.0,24,24,2018,8,25,True,True,1.0
2018-08-26,,,,,20,20,2018,8,26,False,False,
2018-08-27,16.195833333333333,25.2,9.1,0.0,24,24,2018,8,27,True,True,0.0
2018-08-28,19.150000000000002,27.7,12.3,0.0,24,24,2018,8,28,True,True,0.0
2018-08-29,21.166666666666668,29.2,14.9,0.0,24,24,2018,8,29,True,True,0.0
2018-08-30,22.620833333333334,30.8,16.2,0.0,24,24,2018,8,30,True,True,0.0
2018-08-31,24.420833333333334,32.5,17.4,0.0,24,24,2018,8,31,True,True,0.0
2018-09-01,25.379166666666666,33.4,19.2,0.0,24,24,2018,9,1,True,True,0.0
2018-09-02,23.829166666666666,33.6,17.8,0.0,24,24,2018,9,2,True,True,0.0
2018-09-03,15.108333333333334,19.5,11.3,2.6,24,24,2018,9,3,True,True,1.0
2018-09-04,15.304166666666667,23.0,10.6,0.0,24,24,2018,9,4,True,True,0.0
2018-09-05,15.191666666666668,21.7,10.5,0.0,24,24,2018,9,5,True,True,0.0
2018-09-06,17.679166666666667,26.7,10.7,0.0,24,24,2018,9,6,True,True,0.0
2018-09-07,20.466666666666665,31.4,12.3,0.0,24,24,2018,9,7,True,True,0.0
2018-09-08,22.337500000000002,32.2,14.3,0.0,24,24,2018,9,8,True,True,0.0
2018-09-09,,,,,15,15,2018,9,9,False,False,
2018-09-10,,,,,10,10,2018,9,10,False,False,
2018-09-11,,,,,7,7,2018,9,11,False,False,
2018-09-12,,,,,7,7,2018,9,12,False,False,
2018-09-13,,,,,7,7,2018,9,13,False,False,
2018-09-14,,,,,7,7,2018,9,14,False,False,
2018-09-15,18.958333333333332,24.8,15.9,0.2,24,24,2018,9,15,True,True,0.0
2018-09-16,19.662499999999998,26.5,14.8,1.8,24,24,2018,9,16,True,True,1.0
2018-09-17,17.304166666666667,20.6,13.8,13.400000000000002,24,24,2018,9,17,True,True,1.0
2018-09-18,20.770833333333332,25.2,18.5,0.0,24,24,2018,9,18,True,True,0.0
2018-09-19,23.308333333333334,30.9,18.3,0.0,24,24,2018,9,19,True,True,0.0
2018-09-20,18.258333333333333,21.9,16.1,28.0,24,24,2018,9,20,True,True,1.0
2018-09-21,21.416666666666668,29.4,14.9,0.0,24,24,2018,9,21,True,True,0.0
2018-09-22,23.445833333333336,32.0,17.2,0.0,24,24,2018,9,22,True,True,0.0
2018-09-23,24.84583333333333,33.8,17.6,0.0,24,24,2018,9,23,True,True,0.0
2018-09-24,26.304166666666664,35.7,18.1,0.0,24,24,2018,9,24,True,True,0.0
2018-09-25,24.445833333333336,33.6,16.0,0.0,24,24,2018,9,25,True,True,0.0
2018-09-26,23.479166666666668,32.3,18.3,8.8,24,24,2018,9,26,True,True,1.0
2018-09-27,21.683333333333334,25.0,19.3,0.2,24,24,2018,9,27,True,True,0.0
2018-09-28,22.629166666666666,28.9,18.6,0.0,24,24,2018,9,28,True,True,0.0
2018-09-29,23.870833333333334,30.8,19.5,0.0,24,24,2018,9,29,True,True,0.0
2018-09-30,20.837500000000002,23.9,19.2,17.2,24,24,2018,9,30,True,True,1.0
2018-10-01,23.020833333333332,29.7,18.6,0.4,24,24,2018,10,1,True,True,0.0
2018-10-02,25.441666666666666,32.4,18.8,0.0,24,24,2018,10,2,True,True,0.0
2018-10-03,25.820833333333336,34.0,21.0,0.0,24,24,2018,10,3,True,True,0.0
2018-10-04,24.266666666666666,31.8,19.2,0.0,24,24,2018,10,4,True,True,0.0
2018-10-05,22.108333333333334,29.7,17.1,0.0,24,24,2018,10,5,True,True,0.0
2018-10-06,19.991666666666667,27.0,15.2,0.0,24,24,2018,10,6,True,True,0.0
2018-10-07,20.412499999999998,24.5,17.0,7.0,24,24,2018,10,7,True,True,1.0
2018-10-08,20.666666666666668,22.7,18.4,57.0,24,24,2018,10,8,True,True,1.0
2018-10-09,21.995833333333334,28.8,17.7,8.6,24,24,2018,10,9,True,True,1.0
2018-10-10,23.849999999999998,30.3,19.4,0.6000000000000001,24,24,2018,10,10,True,True,0.0
2018-10-11,22.21666666666667,26.2,19.2,0.0,24,24,2018,10,11,True,True,0.0
2018-10-12,24.229166666666668,32.1,18.5,0.0,24,24,2018,10,12,True,True,0.0
2018-10-13,24.425,29.3,19.9,12.2,24,24,2018,10,13,True,True,1.0
2018-10-14,23.329166666666666,30.5,19.7,8.8,24,24,2018,10,14,True,True,1.0
2018-10-15,22.212500000000002,29.9,18.2,17.8,24,24,2018,10,15,True,True,1.0
2018-10-16,23.141666666666666,30.0,17.9,1.4,24,24,2018,10,16,True,True,1.0
2018-10-17,24.858333333333334,30.6,20.1,0.0,24,24,2018,10,17,True,True,0.0
2018-10-18,23.666666666666668,32.0,18.5,17.6,24,24,2018,10,18,True,True,1.0
2018-10-19,22.183333333333334,29.2,18.0,0.0,24,24,2018,10,19,True,True,0.0
2018-10-20,19.991666666666667,26.2,15.2,0.0,24,24,2018,10,20,True,True,0.0
2018-10-21,20.099999999999998,28.1,14.0,0.0,24,24,2018,10,21,True,True,0.0
2018-10-22,22.266666666666666,31.1,14.6,0.0,24,24,2018,10,22,True,True,0.0
2018-10-23,24.570833333333336,32.0,17.3,0.0,24,24,2018,10,23,True,True,0.0
2018-10-24,20.2,23.6,18.1,2.0,24,24,2018,10,24,True,True,1.0
2018-10-25,19.816666666666666,21.8,18.3,24.4,24,24,2018,10,25,True,True,1.0
2018-10-26,21.349999999999998,25.8,19.3,5.8,24,24,2018,10,26,True,True,1.0
2018-10-27,22.508333333333336,27.8,19.5,1.6,24,24,2018,10,27,True,True,1.0
2018-10-28,21.245833333333334,27.5,17.1,0.0,24,24,2018,10,28,True,True,0.0
2018-10-29,20.045833333333334,27.2,14.0,0.0,24,24,2018,10,29,True,True,0.0
2018-10-30,23.287499999999998,32.3,15.2,0.0,24,24,2018,10,30,True,True,0.0
2018-10-31,24.329166666666666,33.5,18.6,0.0,24,24,2018,10,31,True,True,0.0
2018-11-01,23.070833333333336,30.3,18.1,0.0,24,24,2018,11,1,True,True,0.0
2018-11-02,24.454166666666666,32.4,18.7,0.0,24,24,2018,11,2,True,True,0.0
2018-11-03,24.604166666666668,33.6,19.2,3.2,24,24,2018,11,3,True,True,1.0
2018-11-04,22.88695652173913,28.9,18.0,0.0,23,23,2018,11,4,True,True,0.0
2018-11-05,21.216666666666665,28.1,16.6,0.0,24,24,2018,11,5,True,True,0.0
2018-11-06,22.6375,30.2,17.4,0.0,24,24,2018,11,6,True,True,0.0
2018-11-07,21.0625,26.2,17.9,4.2,24,24,2018,11,7,True,True,1.0
2018-11-08,18.962500000000002,22.7,17.1,4.2,24,24,2018,11,8,True,True,1.0
2018-11-09,19.529166666666665,22.7,16.6,0.0,24,24,2018,11,9,True,True,0.0
2018-11-10,20.925,26.9,18.3,2.2,24,24,2018,11,10,True,True,1.0
2018-11-11,24.075,31.0,18.8,0.0,24,24,2018,11,11,True,True,0.0
2018-11-12,25.820833333333336,33.7,19.5,0.0,24,24,2018,11,12,True,True,0.0
2018-11-13,26.729166666666668,34.3,20.5,0.0,24,24,2018,11,13,True,True,0.0
2018-11-14,27.349999999999998,34.2,21.9,0.0,24,24,2018,11,14,True,True,0.0
2018-11-15,26.55,33.1,20.9,0.0,24,24,2018,11,15,True,True,0.0
2018-11-16,25.8625,34.5,19.9,0.0,24,24,2018,11,16,True,True,0.0
2018-11-17,22.916666666666668,30.3,18.1,6.8,24,24,2018,11,17,True,True,1.0
2018-11-18,22.916666666666668,28.1,20.2,29.6,24,24,2018,11,18,True,True,1.0
2018-11-19,19.224999999999998,21.6,17.0,16.4,24,24,2018,11,19,True,True,1.0
2018-11-20,19.695833333333333,25.4,16.2,0.0,24,24,2018,11,20,True,True,0.0
2018-11-21,21.5125,28.5,15.9,0.0,24,24,2018,11,21,True,True,0.0
2018-11-22,22.733333333333334,28.8,18.1,0.0,24,24,2018,11,22,True,True,0.0
2018-11-23,22.121739130434783,26.0,19.7,12.6,23,23,2018,11,23,True,True,1.0
2018-11-24,21.316666666666666,27.0,18.9,39.0,24,24,2018,11,24,True,True,1.0
2018-11-25,23.21666666666667,29.8,19.9,2.6,24,24,2018,11,25,True,True,1.0
2018-11-26,22.695833333333336,28.9,18.5,0.0,24,24,2018,11,26,True,True,0.0
2018-11-27,22.962500000000002,30.8,17.0,0.0,24,24,2018,11,27,True,True,0.0
2018-11-28,24.03333333333333,31.7,17.9,0.0,24,24,2018,11,28,True,True,0.0
2018-11-29,25.099999999999998,33.6,18.7,0.0,24,24,2018,11,29,True,True,0.0
2018-11-30,24.90833333333333,32.0,21.1,1.2,24,24,2018,11,30,True,True,1.0
2018-12-01,22.679166666666664,28.3,19.8,17.799999999999997,24,24,2018,12,1,True,True,1.0
2018-12-02,23.391666666666666,29.2,19.5,0.4,24,24,2018,12,2,True,True,0.0
2018-12-03,22.71666666666667,28.8,18.0,0.0,24,24,2018,12,3,True,True,0.0
2018-12-04,23.620833333333334,31.8,16.5,0.0,24,24,2018,12,4,True,True,0.0
2018-12-05,26.0625,33.5,20.0,0.0,24,24,2018,12,5,True,True,0.0
2018-12-06,25.833333333333332,34.1,19.3,0.0,24,24,2018,12,6,True,True,0.0
2018-12-07,24.079166666666666,32.2,17.8,0.0,24,24,2018,12,7,True,True,0.0
2018-12-08,20.5625,26.4,16.5,0.0,24,24,2018,12,8,True,True,0.0
2018-12-09,21.537499999999998,30.5,13.5,0.0,24,24,2018,12,9,True,True,0.0
2018-12-10,23.65833333333333,31.5,17.4,0.0,24,24,2018,12,10,True,True,0.0
2018-12-11,25.77916666666667,32.5,19.5,0.0,24,24,2018,12,11,True,True,0.0
2018-12-12,27.3125,35.3,19.1,0.0,24,24,2018,12,12,True,True,0.0
2018-12-13,27.520833333333332,34.3,22.2,0.0,24,24,2018,12,13,True,True,0.0
2018-12-14,25.145833333333332,33.5,19.1,8.4,24,24,2018,12,14,True,True,1.0
2018-12-15,24.400000000000002,33.4,19.3,26.8,24,24,2018,12,15,True,True,1.0
2018-12-16,25.945833333333336,34.6,19.9,0.2,24,24,2018,12,16,True,True,0.0
2018-12-17,27.7625,35.7,21.9,0.0,24,24,2018,12,17,True,True,0.0
2018-12-18,26.333333333333332,33.0,21.6,6.4,24,24,2018,12,18,True,True,1.0
2018-12-19,25.233333333333334,29.5,22.3,0.0,24,24,2018,12,19,True,True,0.0
2018-12-20,27.675,34.7,21.4,0.0,24,24,2018,12,20,True,True,0.0
2018-12-21,27.025000000000002,34.7,21.8,0.0,24,24,2018,12,21,True,True,0.0
2018-12-22,25.479166666666668,34.5,20.8,0.0,24,24,2018,12,22,True,True,0.0
2018-12-23,24.337500000000002,31.9,21.2,0.2,24,24,2018,12,23,True,True,0.0
2018-12-24,22.84166666666667,28.8,20.8,4.2,24,24,2018,12,24,True,True,1.0
2018-12-25,22.175,25.7,19.6,0.4,24,24,2018,12,25,True,True,0.0
2018-12-26,23.875,30.9,19.8,0.8,24,24,2018,12,26,True,True,0.0
2018-12-27,25.395833333333332,32.5,19.2,0.0,24,24,2018,12,27,True,True,0.0
2018-12-28,24.662499999999998,32.5,19.5,50.8,24,24,2018,12,28,True,True,1.0
2018-12-29,24.541666666666668,32.2,19.3,41.4,24,24,2018,12,29,True,True,1.0
2018-12-30,25.295833333333334,33.3,20.3,5.8,24,24,2018,12,30,True,True,1.0
2018-12-31,26.3875,34.2,20.6,0.0,24,24,2018,12,31,True,True,0.0
2019-01-01,25.083333333333332,32.5,20.3,7.4,24,24,2019,1,1,True,True,1.0
2019-01-02,26.05,32.1,21.8,0.4,24,24,2019,1,2,True,True,0.0
2019-01-03,25.25,32.6,21.6,4.6,24,24,2019,1,3,True,True,1.0
2019-01-04,24.337500000000002,30.7,20.8,1.5999999999999999,24,24,2019,1,4,True,True,1.0
2019-01-05,22.037499999999998,25.4,20.0,14.0,24,24,2019,1,5,True,True,1.0
2019-01-06,22.875,28.4,20.0,1.2000000000000002,24,24,2019,1,6,True,True,1.0
2019-01-07,26.070833333333336,32.8,20.1,0.2,24,24,2019,1,7,True,True,0.0
2019-01-08,26.416666666666668,32.6,20.7,0.6000000000000001,24,24,2019,1,8,True,True,0.0
2019-01-09,26.075,33.9,21.5,0.0,24,24,2019,1,9,True,True,0.0
2019-01-10,26.508333333333336,33.0,22.2,0.0,24,24,2019,1,10,True,True,0.0
2019-01-11,26.212500000000002,34.0,21.4,0.0,24,24,2019,1,11,True,True,0.0
2019-01-12,24.041666666666668,33.4,19.0,28.6,24,24,2019,1,12,True,True,1.0
2019-01-13,23.795833333333334,32.2,19.0,0.8,24,24,2019,1,13,True,True,0.0
2019-01-14,25.879166666666666,34.7,21.1,0.6000000000000001,24,24,2019,1,14,True,True,0.0
2019-01-15,25.5125,32.4,19.9,13.2,24,24,2019,1,15,True,True,1.0
2019-01-16,25.120833333333334,33.4,20.2,27.2,24,24,2019,1,16,True,True,1.0
2019-01-17,25.3125,32.2,20.0,0.0,24,24,2019,1,17,True,True,0.0
2019-01-18,24.84166666666667,31.3,20.5,10.0,24,24,2019,1,18,True,True,1.0
2019-01-19,24.679166666666664,32.9,20.8,19.0,24,24,2019,1,19,True,True,1.0
2019-01-20,25.458333333333332,32.8,20.7,0.4,24,24,2019,1,20,True,True,0.0
2019-01-21,27.270833333333332,34.3,21.2,0.0,24,24,2019,1,21,True,True,0.0
2019-01-22,28.645833333333332,36.0,21.8,0.0,24,24,2019,1,22,True,True,0.0
2019-01-23,27.5125,35.1,22.6,0.0,24,24,2019,1,23,True,True,0.0
2019-01-24,25.420833333333334,34.1,21.0,1.7999999999999998,24,24,2019,1,24,True,True,1.0
2019-01-25,24.1375,32.7,19.1,3.2,24,24,2019,1,25,True,True,1.0
2019-01-26,23.2,30.8,17.9,6.8,24,24,2019,1,26,True,True,1.0
2019-01-27,24.141666666666666,30.2,19.6,0.0,24,24,2019,1,27,True,True,0.0
2019-01-28,26.266666666666666,33.7,19.8,0.0,24,24,2019,1,28,True,True,0.0
2019-01-29,27.641666666666666,35.9,21.2,0.0,24,24,2019,1,29,True,True,0.0
2019-01-30,26.916666666666668,35.9,22.7,0.0,24,24,2019,1,30,True,True,0.0
2019-01-31,27.145833333333332,37.1,20.3,0.0,24,24,2019,1,31,True,True,0.0
2019-02-01,28.71666666666667,37.0,21.7,0.0,24,24,2019,2,1,True,True,0.0
2019-02-02,28.9375,36.7,22.0,0.0,24,24,2019,2,2,True,True,0.0
2019-02-03,26.954166666666666,36.4,18.5,13.8,24,24,2019,2,3,True,True,1.0
2019-02-04,22.90833333333333,28.8,19.3,1.2,24,24,2019,2,4,True,True,1.0
2019-02-05,22.416666666666668,28.8,18.3,0.0,24,24,2019,2,5,True,True,0.0
2019-02-06,21.604166666666668,28.3,18.6,0.2,24,24,2019,2,6,True,True,0.0
2019-02-07,22.770833333333332,31.0,17.3,0.0,24,24,2019,2,7,True,True,0.0
2019-02-08,25.5,34.1,18.6,0.0,24,24,2019,2,8,True,True,0.0
2019-02-09,27.15833333333333,35.2,20.1,0.0,24,24,2019,2,9,True,True,0.0
2019-02-10,27.054166666666664,36.2,20.7,0.0,24,24,2019,2,10,True,True,0.0
2019-02-11,26.2,33.4,21.4,7.4,24,24,2019,2,11,True,True,1.0
2019-02-12,24.3875,29.7,20.5,6.0,24,24,2019,2,12,True,True,1.0
2019-02-13,22.554166666666664,26.5,20.4,18.2,24,24,2019,2,13,True,True,1.0
2019-02-14,22.679166666666664,27.2,18.9,0.0,24,24,2019,2,14,True,True,0.0
2019-02-15,22.462500000000002,27.6,19.7,8.6,24,24,2019,2,15,True,True,1.0
2019-02-16,22.176,28.4,19.4,26.8,25,25,2019,2,16,True,True,1.0
2019-02-17,22.724999999999998,28.1,19.2,11.399999999999999,24,24,2019,2,17,True,True,1.0
2019-02-18,23.570833333333336,29.4,20.5,2.4000000000000004,24,24,2019,2,18,True,True,1.0
2019-02-19,22.329166666666666,30.6,19.3,0.8,24,24,2019,2,19,True,True,0.0
2019-02-20,21.6125,26.3,18.5,0.8,24,24,2019,2,20,True,True,0.0
2019-02-21,22.754166666666666,29.6,19.6,0.6000000000000001,24,24,2019,2,21,True,True,0.0
2019-02-22,24.075,29.5,20.1,0.6000000000000001,24,24,2019,2,22,True,True,0.0
2019-02-23,24.791666666666668,33.4,20.6,0.2,24,24,2019,2,23,True,True,0.0
2019-02-24,24.90833333333333,34.3,19.9,0.2,24,24,2019,2,24,True,True,0.0
2019-02-25,24.195833333333336,32.0,19.6,0.4,24,24,2019,2,25,True,True,0.0
2019-02-26,22.054166666666664,27.6,19.7,0.2,24,24,2019,2,26,True,True,0.0
2019-02-27,22.045833333333334,27.4,19.4,0.4,24,24,2019,2,27,True,True,0.0
2019-02-28,21.320833333333333,24.2,20.1,0.4,24,24,2019,2,28,True,True,0.0
2019-03-01,20.958333333333332,22.9,20.4,0.6000000000000001,24,24,2019,3,1,True,True,0.0
2019-03-02,22.733333333333334,29.1,19.9,0.2,24,24,2019,3,2,True,True,0.0
2019-03-03,22.59166666666667,29.8,18.7,0.4,24,24,2019,3,3,True,True,0.0
2019-03-04,22.129166666666666,27.0,17.8,0.2,24,24,2019,3,4,True,True,0.0
2019-03-05,23.995833333333334,30.2,20.0,0.2,24,24,2019,3,5,True,True,0.0
2019-03-06,25.741666666666664,32.5,20.0,0.4,24,24,2019,3,6,True,True,0.0
2019-03-07,25.150000000000002,31.7,19.6,0.2,24,24,2019,3,7,True,True,0.0
2019-03-08,24.52916666666667,31.7,19.7,0.0,24,24,2019,3,8,True,True,0.0
2019-03-09,24.008333333333336,31.9,19.6,0.2,24,24,2019,3,9,True,True,0.0
2019-03-10,23.8625,32.0,20.2,0.0,24,24,2019,3,10,True,True,0.0
2019-03-11,23.383333333333336,27.7,19.6,0.2,24,24,2019,3,11,True,True,0.0
2019-03-12,24.962500000000002,31.4,19.9,0.0,24,24,2019,3,12,True,True,0.0
2019-03-13,23.84583333333333,30.2,19.7,0.2,24,24,2019,3,13,True,True,0.0
2019-03-14,23.304347826086957,30.8,20.0,0.0,23,23,2019,3,14,True,True,0.0
2019-03-15,23.150000000000002,30.4,20.5,0.2,24,24,2019,3,15,True,True,0.0
2019-03-16,23.633333333333336,29.1,20.6,1.0,24,24,2019,3,16,True,True,1.0
2019-03-17,24.495833333333334,31.1,20.1,0.0,24,24,2019,3,17,True,True,0.0
2019-03-18,25.358333333333334,31.5,21.4,0.0,24,24,2019,3,18,True,True,0.0
2019-03-19,25.15833333333333,31.8,20.6,2.0,24,24,2019,3,19,True,True,1.0
2019-03-20,23.816666666666666,30.5,20.4,17.0,24,24,2019,3,20,True,True,1.0
2019-03-21,21.208333333333332,24.4,18.8,9.399999999999999,24,24,2019,3,21,True,True,1.0
2019-03-22,21.645833333333332,27.8,16.4,0.0,24,24,2019,3,22,True,True,0.0
2019-03-23,22.34583333333333,30.0,16.4,0.0,24,24,2019,3,23,True,True,0.0
2019-03-24,23.52916666666667,31.3,18.2,0.0,24,24,2019,3,24,True,True,0.0
2019-03-25,23.787499999999998,31.4,18.3,0.0,24,24,2019,3,25,True,True,0.0
2019-03-26,24.541666666666668,32.3,18.5,0.0,24,24,2019,3,26,True,True,0.0
2019-03-27,23.820833333333336,30.7,19.8,0.0,24,24,2019,3,27,True,True,0.0
2019-03-28,23.2375,30.1,17.8,0.0,24,24,2019,3,28,True,True,0.0
2019-03-29,22.770833333333332,29.4,17.9,0.0,24,24,2019,3,29,True,True,0.0
2019-03-30,22.5,30.1,17.2,0.0,24,24,2019,3,30,True,True,0.0
2019-03-31,22.6375,30.4,17.1,0.0,24,24,2019,3,31,True,True,0.0
2019-04-01,23.141666666666666,30.5,17.9,0.0,24,24,2019,4,1,True,True,0.0
2019-04-02,23.05,30.6,17.4,0.0,24,24,2019,4,2,True,True,0.0
2019-04-03,23.84166666666667,30.9,19.1,0.0,24,24,2019,4,3,True,True,0.0
2019-04-04,24.77916666666667,31.2,20.1,0.0,24,24,2019,4,4,True,True,0.0
2019-04-05,24.491666666666664,30.1,21.5,2.6,24,24,2019,4,5,True,True,1.0
2019-04-06,25.083333333333332,31.9,21.0,5.8,24,24,2019,4,6,True,True,1.0
2019-04-07,22.816666666666666,27.0,19.5,20.2,24,24,2019,4,7,True,True,1.0
2019-04-08,22.099999999999998,26.3,19.2,4.8,24,24,2019,4,8,True,True,1.0
2019-04-09,20.962500000000002,26.8,17.6,0.2,24,24,2019,4,9,True,True,0.0
2019-04-10,21.216666666666665,27.2,17.3,0.0,24,24,2019,4,10,True,True,0.0
2019-04-11,21.400000000000002,29.7,16.0,0.0,24,24,2019,4,11,True,True,0.0
2019-04-12,23.2,31.9,18.3,0.0,24,24,2019,4,12,True,True,0.0
2019-04-13,22.05,26.7,19.1,1.4,24,24,2019,4,13,True,True,1.0
2019-04-14,21.320833333333333,25.4,19.7,8.4,24,24,2019,4,14,True,True,1.0
2019-04-15,22.42916666666667,29.2,17.8,0.0,24,24,2019,4,15,True,True,0.0
2019-04-16,23.491666666666664,30.1,19.8,0.0,24,24,2019,4,16,True,True,0.0
2019-04-17,22.741666666666664,29.7,18.3,0.0,24,24,2019,4,17,True,True,0.0
2019-04-18,21.520833333333332,29.0,16.8,0.0,24,24,2019,4,18,True,True,0.0
2019-04-19,21.25,28.7,15.2,0.0,24,24,2019,4,19,True,True,0.0
2019-04-20,22.545833333333334,30.5,15.8,0.0,24,24,2019,4,20,True,True,0.0
2019-04-21,23.041666666666668,30.6,17.1,0.0,24,24,2019,4,21,True,True,0.0
2019-04-22,23.6875,30.2,18.6,0.0,24,24,2019,4,22,True,True,0.0
2019-04-23,23.083333333333332,29.3,20.8,0.4,24,24,2019,4,23,True,True,0.0
2019-04-24,23.4375,30.3,18.5,0.0,24,24,2019,4,24,True,True,0.0
2019-04-25,24.395833333333332,30.3,20.6,11.0,24,24,2019,4,25,True,True,1.0
2019-04-26,24.325,30.3,20.6,0.0,24,24,2019,4,26,True,True,0.0
2019-04-27,24.833333333333332,31.1,20.4,0.0,24,24,2019,4,27,True,True,0.0
2019-04-28,23.195833333333336,30.2,19.8,18.0,24,24,2019,4,28,True,True,1.0
2019-04-29,21.216666666666665,26.6,18.5,0.2,24,24,2019,4,29,True,True,0.0
2019-04-30,20.620833333333334,27.2,16.8,0.0,24,24,2019,4,30,True,True,0.0
2019-05-01,21.925,28.2,17.9,0.0,24,24,2019,5,1,True,True,0.0
2019-05-02,22.666666666666668,28.1,19.3,0.0,24,24,2019,5,2,True,True,0.0
2019-05-03,24.349999999999998,30.5,20.1,0.0,24,24,2019,5,3,True,True,0.0
2019-05-04,24.412499999999998,30.8,20.6,0.0,24,24,2019,5,4,True,True,0.0
2019-05-05,24.254166666666666,30.2,20.3,0.0,24,24,2019,5,5,True,True,0.0
2019-05-06,24.433333333333334,30.7,20.6,0.0,24,24,2019,5,6,True,True,0.0
2019-05-07,22.8125,29.6,19.7,1.2,24,24,2019,5,7,True,True,1.0
2019-05-08,21.441666666666666,27.2,17.6,0.0,24,24,2019,5,8,True,True,0.0
2019-05-09,21.016666666666666,28.3,16.0,0.0,24,24,2019,5,9,True,True,0.0
2019-05-10,22.53333333333333,29.5,17.4,0.0,24,24,2019,5,10,True,True,0.0
2019-05-11,22.929166666666664,26.6,20.6,0.4,24,24,2019,5,11,True,True,0.0
2019-05-12,24.041666666666668,30.3,19.7,0.0,24,24,2019,5,12,True,True,0.0
2019-05-13,23.545833333333334,30.2,19.3,0.0,24,24,2019,5,13,True,True,0.0
2019-05-14,21.958333333333332,28.1,17.0,0.0,24,24,2019,5,14,True,True,0.0
2019-05-15,19.258333333333333,25.8,15.0,0.0,24,24,2019,5,15,True,True,0.0
2019-05-16,19.104166666666668,23.6,17.1,0.0,24,24,2019,5,16,True,True,0.0
2019-05-17,19.0625,24.5,16.3,1.4,24,24,2019,5,17,True,True,1.0
2019-05-18,18.720833333333335,24.1,16.7,4.8,24,24,2019,5,18,True,True,1.0
2019-05-19,17.787499999999998,24.1,14.2,0.0,24,24,2019,5,19,True,True,0.0
2019-05-20,18.520833333333332,25.3,14.7,0.2,24,24,2019,5,20,True,True,0.0
2019-05-21,20.058333333333334,26.7,16.0,0.0,24,24,2019,5,21,True,True,0.0
2019-05-22,19.925,27.8,13.7,0.0,24,24,2019,5,22,True,True,0.0
2019-05-23,21.391666666666666,28.1,16.3,0.0,24,24,2019,5,23,True,True,0.0
2019-05-24,17.599999999999998,21.3,13.1,1.7999999999999998,24,24,2019,5,24,True,True,1.0
2019-05-25,14.025,20.9,8.4,0.0,24,24,2019,5,25,True,True,0.0
2019-05-26,16.104166666666668,23.7,11.6,0.0,24,24,2019,5,26,True,True,0.0
2019-05-27,18.6125,26.7,12.3,0.0,24,24,2019,5,27,True,True,0.0
2019-05-28,21.629166666666666,29.2,15.7,0.0,24,24,2019,5,28,True,True,0.0
2019-05-29,21.570833333333336,28.2,17.2,3.0,24,24,2019,5,29,True,True,1.0
2019-05-30,22.941666666666666,29.7,18.3,0.0,24,24,2019,5,30,True,True,0.0
2019-05-31,23.25,29.5,17.6,0.0,24,24,2019,5,31,True,True,0.0
2019-06-01,22.900000000000002,29.5,18.4,0.0,24,24,2019,6,1,True,True,0.0
2019-06-02,20.895833333333332,26.4,17.5,1.6,24,24,2019,6,2,True,True,1.0
2019-06-03,17.904166666666665,21.8,15.9,10.6,24,24,2019,6,3,True,True,1.0
2019-06-04,16.133333333333333,21.5,11.8,0.2,24,24,2019,6,4,True,True,0.0
2019-06-05,14.604166666666666,21.4,8.7,0.0,24,24,2019,6,5,True,True,0.0
2019-06-06,16.604166666666668,23.3,12.1,0.0,24,24,2019,6,6,True,True,0.0
2019-06-07,17.599999999999998,25.4,12.5,0.0,24,24,2019,6,7,True,True,0.0
2019-06-08,18.454166666666666,25.5,14.1,0.0,24,24,2019,6,8,True,True,0.0
2019-06-09,17.383333333333333,24.0,11.1,0.0,24,24,2019,6,9,True,True,0.0
2019-06-10,17.483333333333334,24.7,12.7,0.0,24,24,2019,6,10,True,True,0.0
2019-06-11,19.150000000000002,26.5,13.8,0.0,24,24,2019,6,11,True,True,0.0
2019-06-12,20.091666666666665,27.3,14.8,0.0,24,24,2019,6,12,True,True,0.0
2019-06-13,21.462500000000002,27.9,16.4,0.0,24,24,2019,6,13,True,True,0.0
2019-06-14,22.59583333333333,28.9,18.3,0.0,24,24,2019,6,14,True,True,0.0
2019-06-15,20.925,27.8,16.2,0.0,24,24,2019,6,15,True,True,0.0
2019-06-16,21.154166666666665,28.5,16.8,0.0,24,24,2019,6,16,True,True,0.0
2019-06-17,20.291666666666668,27.1,15.5,0.0,24,24,2019,6,17,True,True,0.0
2019-06-18,19.429166666666667,26.6,14.8,0.0,24,24,2019,6,18,True,True,0.0
2019-06-19,20.570833333333333,27.7,16.1,0.0,24,24,2019,6,19,True,True,0.0
2019-06-20,20.962500000000002,27.4,15.8,0.0,24,24,2019,6,20,True,True,0.0
2019-06-21,19.741666666666667,25.7,15.3,0.0,24,24,2019,6,21,True,True,0.0
2019-06-22,19.0875,25.3,14.4,0.0,24,24,2019,6,22,True,True,0.0
2019-06-23,19.754166666666666,26.6,15.4,0.0,24,24,2019,6,23,True,True,0.0
2019-06-24,19.679166666666667,27.1,14.1,0.0,24,24,2019,6,24,True,True,0.0
2019-06-25,20.825,28.6,14.8,0.0,24,24,2019,6,25,True,True,0.0
2019-06-26,21.895833333333332,28.6,16.2,0.0,24,24,2019,6,26,True,True,0.0
2019-06-27,20.041666666666668,26.4,16.3,0.0,24,24,2019,6,27,True,True,0.0
2019-06-28,22.09583333333333,29.6,16.7,0.0,24,24,2019,6,28,True,True,0.0
2019-06-29,21.933333333333334,28.7,16.4,0.0,24,24,2019,6,29,True,True,0.0
2019-06-30,21.979166666666668,28.7,16.6,0.0,24,24,2019,6,30,True,True,0.0
2019-07-01,21.741666666666664,29.0,16.1,0.0,24,24,2019,7,1,True,True,0.0
2019-07-02,21.40833333333333,28.1,16.1,0.0,24,24,2019,7,2,True,True,0.0
2019-07-03,22.287499999999998,29.3,17.5,0.0,24,24,2019,7,3,True,True,0.0
2019-07-04,19.2375,23.1,16.7,16.6,24,24,2019,7,4,True,True,1.0
2019-07-05,15.525,18.5,10.9,9.600000000000001,24,24,2019,7,5,True,True,1.0
2019-07-06,8.754166666666666,16.2,2.7,0.0,24,24,2019,7,6,True,True,0.0
2019-07-07,10.420833333333333,18.3,3.7,0.0,24,24,2019,7,7,True,True,0.0
2019-07-08,13.133333333333333,21.0,7.5,0.0,24,24,2019,7,8,True,True,0.0
2019-07-09,15.4,24.1,9.3,0.0,24,24,2019,7,9,True,True,0.0
2019-07-10,16.7625,25.4,10.8,0.0,24,24,2019,7,10,True,True,0.0
2019-07-11,17.908333333333335,25.2,13.0,0.0,24,24,2019,7,11,True,True,0.0
2019-07-12,18.175,26.4,11.7,0.0,24,24,2019,7,12,True,True,0.0
2019-07-13,20.158333333333335,27.9,14.2,0.0,24,24,2019,7,13,True,True,0.0
2019-07-14,21.504166666666666,29.9,15.7,0.0,24,24,2019,7,14,True,True,0.0
2019-07-15,21.0625,29.4,15.5,0.6000000000000001,24,24,2019,7,15,True,True,0.0
2019-07-16,17.320833333333333,23.7,12.2,0.8,24,24,2019,7,16,True,True,0.0
2019-07-17,13.045833333333334,19.3,7.7,0.0,24,24,2019,7,17,True,True,0.0
2019-07-18,15.458333333333334,22.9,10.1,0.0,24,24,2019,7,18,True,True,0.0
2019-07-19,16.816666666666666,24.4,11.8,0.0,24,24,2019,7,19,True,True,0.0
2019-07-20,18.1125,24.4,12.9,0.0,24,24,2019,7,20,True,True,0.0
2019-07-21,18.691666666666666,25.9,13.1,0.0,24,24,2019,7,21,True,True,0.0
2019-07-22,19.329166666666666,25.3,14.7,0.0,24,24,2019,7,22,True,True,0.0
2019-07-23,20.712500000000002,27.8,15.7,0.0,24,24,2019,7,23,True,True,0.0
2019-07-24,21.133333333333333,28.2,14.4,0.0,24,24,2019,7,24,True,True,0.0
2019-07-25,21.258333333333333,28.7,16.5,0.0,24,24,2019,7,25,True,True,0.0
2019-07-26,20.508333333333333,28.3,15.3,0.0,24,24,2019,7,26,True,True,0.0
2019-07-27,21.587500000000002,28.6,15.7,0.0,24,24,2019,7,27,True,True,0.0
2019-07-28,20.0625,26.6,15.4,0.0,24,24,2019,7,28,True,True,0.0
2019-07-29,19.366666666666667,26.1,15.6,0.0,24,24,2019,7,29,True,True,0.0
2019-07-30,19.7,28.4,14.4,0.6,24,24,2019,7,30,True,True,0.0
2019-07-31,19.216666666666665,27.5,13.2,0.0,24,24,2019,7,31,True,True,0.0
2019-08-01,21.129166666666666,30.0,13.7,0.0,24,24,2019,8,1,True,True,0.0
2019-08-02,23.416666666666668,31.7,17.8,0.0,24,24,2019,8,2,True,True,0.0
2019-08-03,14.308333333333332,18.8,11.2,1.8,24,24,2019,8,3,True,True,1.0
2019-08-04,12.141666666666666,14.7,10.6,1.0,24,24,2019,8,4,True,True,1.0
2019-08-05,15.079166666666666,21.1,10.6,0.2,24,24,2019,8,5,True,True,0.0
2019-08-06,17.679166666666667,23.6,12.5,0.6,24,24,2019,8,6,True,True,0.0
2019-08-07,20.920833333333334,28.7,15.2,0.0,24,24,2019,8,7,True,True,0.0
2019-08-08,22.308333333333334,29.5,16.6,0.0,24,24,2019,8,8,True,True,0.0
2019-08-09,23.045833333333334,30.9,16.7,0.0,24,24,2019,8,9,True,True,0.0
2019-08-10,23.733333333333334,32.6,15.7,0.0,24,24,2019,8,10,True,True,0.0
2019-08-11,23.354166666666668,31.4,17.7,0.0,24,24,2019,8,11,True,True,0.0
2019-08-12,23.9875,33.1,16.6,0.0,24,24,2019,8,12,True,True,0.0
2019-08-13,24.083333333333332,33.1,15.1,0.0,24,24,2019,8,13,True,True,0.0
2019-08-14,15.683333333333332,22.3,11.3,0.0,24,24,2019,8,14,True,True,0.0
2019-08-15,17.175,25.4,11.2,0.0,24,24,2019,8,15,True,True,0.0
2019-08-16,18.470833333333335,27.6,10.9,0.0,24,24,2019,8,16,True,True,0.0
2019-08-17,21.154166666666665,29.6,14.8,0.0,24,24,2019,8,17,True,True,0.0
2019-08-18,23.508333333333336,31.9,17.4,0.0,24,24,2019,8,18,True,True,0.0
2019-08-19,18.566666666666666,22.9,15.1,0.0,24,24,2019,8,19,True,True,0.0
2019-08-20,18.925,26.4,14.1,0.0,24,24,2019,8,20,True,True,0.0
2019-08-21,18.654166666666665,28.4,12.0,0.0,24,24,2019,8,21,True,True,0.0
2019-08-22,17.712500000000002,26.1,11.8,0.0,24,24,2019,8,22,True,True,0.0
2019-08-23,17.054166666666667,26.9,11.0,2.4,24,24,2019,8,23,True,True,1.0
2019-08-24,17.570833333333333,25.7,11.7,0.0,24,24,2019,8,24,True,True,0.0
2019-08-25,18.804166666666667,27.2,12.8,0.0,24,24,2019,8,25,True,True,0.0
2019-08-26,20.425,30.7,13.0,0.0,24,24,2019,8,26,True,True,0.0
2019-08-27,21.212500000000002,29.7,14.2,0.0,24,24,2019,8,27,True,True,0.0
2019-08-28,21.587500000000002,29.6,14.5,0.0,24,24,2019,8,28,True,True,0.0
2019-08-29,21.679166666666664,30.6,14.1,0.0,24,24,2019,8,29,True,True,0.0
2019-08-30,23.729166666666668,32.5,16.0,0.0,24,24,2019,8,30,True,True,0.0
2019-08-31,24.84583333333333,35.5,18.5,2.2,24,24,2019,8,31,True,True,1.0
2019-09-01,18.825,26.4,16.4,20.2,24,24,2019,9,1,True,True,1.0
2019-09-02,20.533333333333335,27.5,16.2,0.8,24,24,2019,9,2,True,True,0.0
2019-09-03,21.1875,29.0,15.6,0.8,24,24,2019,9,3,True,True,0.0
2019-09-04,22.358333333333334,30.6,17.4,0.2,24,24,2019,9,4,True,True,0.0
2019-09-05,17.720833333333335,24.2,14.6,0.4,24,24,2019,9,5,True,True,0.0
2019-09-06,19.320833333333333,28.1,13.3,0.0,24,24,2019,9,6,True,True,0.0
2019-09-07,23.604166666666668,33.1,15.5,0.0,24,24,2019,9,7,True,True,0.0
2019-09-08,26.90833333333333,34.9,20.8,0.0,24,24,2019,9,8,True,True,0.0
2019-09-09,27.204166666666666,34.5,21.2,0.0,24,24,2019,9,9,True,True,0.0
2019-09-10,27.808333333333334,36.4,21.0,0.0,24,24,2019,9,10,True,True,0.0
2019-09-11,28.933333333333334,37.4,21.4,0.0,24,24,2019,9,11,True,True,0.0
2019-09-12,29.316666666666666,37.7,20.8,0.0,24,24,2019,9,12,True,True,0.0
2019-09-13,24.491666666666664,32.7,17.6,0.0,24,24,2019,9,13,True,True,0.0
2019-09-14,23.6875,32.7,15.9,0.0,24,24,2019,9,14,True,True,0.0
2019-09-15,25.71666666666667,35.3,18.0,0.0,24,24,2019,9,15,True,True,0.0
2019-09-16,27.879166666666666,35.6,21.7,0.0,24,24,2019,9,16,True,True,0.0
2019-09-17,28.9875,36.9,22.1,0.0,24,24,2019,9,17,True,True,0.0
2019-09-18,29.108333333333334,38.1,20.2,0.0,24,24,2019,9,18,True,True,0.0
2019-09-19,26.145833333333332,35.3,17.9,0.0,24,24,2019,9,19,True,True,0.0
2019-09-20,21.941666666666666,25.0,20.0,4.3999999999999995,24,24,2019,9,20,True,True,1.0
2019-09-21,22.15416666666667,29.6,17.0,1.0,24,24,2019,9,21,True,True,1.0
2019-09-22,20.558333333333334,28.9,15.9,0.0,24,24,2019,9,22,True,True,0.0
2019-09-23,18.55,26.1,13.8,0.0,24,24,2019,9,23,True,True,0.0
2019-09-24,21.091666666666665,29.9,14.2,0.0,24,24,2019,9,24,True,True,0.0
2019-09-25,17.533333333333335,20.3,15.8,8.0,24,24,2019,9,25,True,True,1.0
2019-09-26,18.474999999999998,23.7,16.2,2.6,24,24,2019,9,26,True,True,1.0
2019-09-27,19.941666666666666,27.9,13.9,0.2,24,24,2019,9,27,True,True,0.0
2019-09-28,20.058333333333334,29.1,13.1,0.0,24,24,2019,9,28,True,True,0.0
2019-09-29,21.087500000000002,31.1,12.1,0.0,24,24,2019,9,29,True,True,0.0
2019-09-30,23.78333333333333,33.0,15.4,0.0,24,24,2019,9,30,True,True,0.0
2019-10-01,25.587500000000002,35.8,16.5,0.0,24,24,2019,10,1,True,True,0.0
2019-10-02,28.34583333333333,37.2,20.2,0.0,24,24,2019,10,2,True,True,0.0
2019-10-03,27.537499999999998,35.8,20.4,0.0,24,24,2019,10,3,True,True,0.0
2019-10-04,24.599999999999998,35.8,15.9,0.0,24,24,2019,10,4,True,True,0.0
2019-10-05,26.8,36.3,18.2,0.0,24,24,2019,10,5,True,True,0.0
2019-10-06,23.0625,34.8,17.8,3.8,24,24,2019,10,6,True,True,1.0
2019-10-07,20.6375,28.3,16.2,0.0,24,24,2019,10,7,True,True,0.0
2019-10-08,20.758333333333333,24.6,18.1,0.4,24,24,2019,10,8,True,True,0.0
2019-10-09,22.15416666666667,28.6,17.4,0.8,24,24,2019,10,9,True,True,0.0
2019-10-10,24.037499999999998,32.2,17.3,0.0,24,24,2019,10,10,True,True,0.0
2019-10-11,25.7625,35.0,17.9,0.0,24,24,2019,10,11,True,True,0.0
2019-10-12,27.183333333333334,36.7,20.7,6.6,24,24,2019,10,12,True,True,1.0
2019-10-13,27.71666666666667,37.3,22.1,0.4,24,24,2019,10,13,True,True,0.0
2019-10-14,27.616666666666664,37.1,20.6,9.4,24,24,2019,10,14,True,True,1.0
2019-10-15,22.920833333333334,30.8,18.8,0.2,24,24,2019,10,15,True,True,0.0
2019-10-16,24.504166666666666,33.2,17.5,0.0,24,24,2019,10,16,True,True,0.0
2019-10-17,26.491666666666664,36.0,19.3,0.0,24,24,2019,10,17,True,True,0.0
2019-10-18,27.079166666666666,36.1,20.4,0.0,24,24,2019,10,18,True,True,0.0
2019-10-19,24.825,33.9,18.4,7.2,24,24,2019,10,19,True,True,1.0
2019-10-20,22.4875,30.0,17.6,0.0,24,24,2019,10,20,True,True,0.0
2019-10-21,17.9375,23.7,14.2,10.200000000000001,24,24,2019,10,21,True,True,1.0
2019-10-22,19.470833333333335,24.8,15.9,0.2,24,24,2019,10,22,True,True,0.0
2019-10-23,23.099999999999998,31.4,16.4,0.0,24,24,2019,10,23,True,True,0.0
2019-10-24,24.883333333333336,34.1,16.9,0.0,24,24,2019,10,24,True,True,0.0
2019-10-25,26.65833333333333,34.8,19.1,0.0,24,24,2019,10,25,True,True,0.0
2019-10-26,26.675,35.7,18.3,0.0,24,24,2019,10,26,True,True,0.0
2019-10-27,26.962500000000002,36.5,19.6,0.4,24,24,2019,10,27,True,True,0.0
2019-10-28,23.104166666666668,28.7,18.1,5.199999999999999,24,24,2019,10,28,True,True,1.0
2019-10-29,26.3875,34.7,19.3,3.2,24,24,2019,10,29,True,True,1.0
2019-10-30,26.454166666666666,35.4,19.2,4.6,24,24,2019,10,30,True,True,1.0
2019-10-31,25.633333333333336,34.2,18.1,0.2,24,24,2019,10,31,True,True,0.0
2019-11-01,26.837500000000002,34.1,20.9,0.0,24,24,2019,11,1,True,True,0.0
2019-11-02,26.645833333333332,34.8,20.3,0.0,24,24,2019,11,2,True,True,0.0
2019-11-03,28.175,36.4,20.8,0.0,24,24,2019,11,3,True,True,0.0
2019-11-04,29.05,37.4,21.4,0.2,24,24,2019,11,4,True,True,0.0
2019-11-05,26.854166666666668,37.6,19.9,4.4,24,24,2019,11,5,True,True,1.0
2019-11-06,22.170833333333334,25.4,20.0,0.2,24,24,2019,11,6,True,True,0.0
2019-11-07,23.995833333333334,31.5,18.3,0.0,24,24,2019,11,7,True,True,0.0
2019-11-08,21.962500000000002,27.2,19.8,3.4,24,24,2019,11,8,True,True,1.0
2019-11-09,22.820833333333336,28.3,20.0,1.4000000000000001,24,24,2019,11,9,True,True,1.0
2019-11-10,22.108333333333334,26.6,19.2,38.6,24,24,2019,11,10,True,True,1.0
2019-11-11,23.491666666666664,30.3,20.2,0.0,24,24,2019,11,11,True,True,0.0
2019-11-12,23.991666666666664,30.9,19.1,0.0,24,24,2019,11,12,True,True,0.0
2019-11-13,24.72083333333333,31.9,18.9,0.0,24,24,2019,11,13,True,True,0.0
2019-11-14,23.40833333333333,31.5,19.9,16.2,24,24,2019,11,14,True,True,1.0
2019-11-15,23.058333333333334,28.9,20.3,5.4,24,24,2019,11,15,True,True,1.0
2019-11-16,22.754166666666666,29.2,16.8,0.0,24,24,2019,11,16,True,True,0.0
2019-11-17,22.641666666666666,31.3,15.2,0.0,24,24,2019,11,17,True,True,0.0
2019-11-18,23.054166666666664,32.2,14.7,0.0,24,24,2019,11,18,True,True,0.0
2019-11-19,24.420833333333334,33.6,17.2,0.0,24,24,2019,11,19,True,True,0.0
2019-11-20,24.620833333333334,33.3,18.3,1.2,24,24,2019,11,20,True,True,1.0
2019-11-21,25.53333333333333,33.0,18.8,0.0,24,24,2019,11,21,True,True,0.0
2019-11-22,25.400000000000002,33.9,19.9,0.4,24,24,2019,11,22,True,True,0.0
2019-11-23,25.8625,35.0,19.9,0.2,24,24,2019,11,23,True,True,0.0
2019-11-24,20.429166666666667,25.1,17.3,0.4,24,24,2019,11,24,True,True,0.0
2019-11-25,21.929166666666664,30.3,14.6,0.0,24,24,2019,11,25,True,True,0.0
2019-11-26,23.508333333333336,33.9,16.9,2.6,24,24,2019,11,26,True,True,1.0
2019-11-27,22.645833333333332,28.5,20.9,55.6,24,24,2019,11,27,True,True,1.0
2019-11-28,21.579166666666666,25.3,19.0,0.4,24,24,2019,11,28,True,True,0.0
2019-11-29,22.27916666666667,29.2,16.0,0.0,24,24,2019,11,29,True,True,0.0
2019-11-30,24.058333333333334,32.4,18.5,10.399999999999999,24,24,2019,11,30,True,True,1.0
2019-12-01,23.758333333333336,30.4,18.2,30.400000000000002,24,24,2019,12,1,True,True,1.0
2019-12-02,23.037499999999998,28.9,18.5,0.2,24,24,2019,12,2,True,True,0.0
2019-12-03,22.483333333333334,30.9,14.9,0.0,24,24,2019,12,3,True,True,0.0
2019-12-04,24.041666666666668,31.4,18.2,2.8,24,24,2019,12,4,True,True,1.0
2019-12-05,23.2625,29.7,20.9,7.2,24,24,2019,12,5,True,True,1.0
2019-12-06,23.329166666666666,29.1,21.6,7.8,24,24,2019,12,6,True,True,1.0
2019-12-07,24.208333333333332,30.8,18.8,0.0,24,24,2019,12,7,True,True,0.0
2019-12-08,24.52916666666667,32.5,17.3,0.0,24,24,2019,12,8,True,True,0.0
2019-12-09,23.645833333333332,30.6,19.3,0.0,24,24,2019,12,9,True,True,0.0
2019-12-10,23.47083333333333,28.2,21.5,0.0,24,24,2019,12,10,True,True,0.0
2019-12-11,22.09166666666667,26.3,19.1,2.4000000000000004,24,24,2019,12,11,True,True,1.0
2019-12-12,23.179166666666664,30.0,18.6,0.2,24,24,2019,12,12,True,True,0.0
2019-12-13,25.020833333333332,32.4,19.8,15.2,24,24,2019,12,13,True,True,1.0
2019-12-14,24.329166666666666,30.2,20.6,0.2,24,24,2019,12,14,True,True,0.0
2019-12-15,24.05652173913043,30.2,20.2,2.8,23,23,2019,12,15,True,True,1.0
2019-12-16,25.320833333333336,31.7,22.1,0.0,24,24,2019,12,16,True,True,0.0
2019-12-17,22.71666666666667,28.8,19.6,22.8,24,24,2019,12,17,True,True,1.0
2019-12-18,21.641666666666666,26.6,19.2,25.000000000000004,24,24,2019,12,18,True,True,1.0
2019-12-19,21.879166666666666,30.0,19.0,66.39999999999999,24,24,2019,12,19,True,True,1.0
2019-12-20,23.3625,29.4,19.5,0.0,24,24,2019,12,20,True,True,0.0
2019-12-21,21.916666666666668,28.3,19.3,10.8,24,24,2019,12,21,True,True,1.0
2019-12-22,21.45,24.4,19.5,3.6000000000000005,24,24,2019,12,22,True,True,1.0
2019-12-23,22.883333333333336,30.2,19.0,0.4,24,24,2019,12,23,True,True,0.0
2019-12-24,23.41304347826087,30.6,17.4,0.0,23,23,2019,12,24,True,True,0.0
2019-12-25,25.575,33.9,19.0,0.0,24,24,2019,12,25,True,True,0.0
2019-12-26,26.879166666666666,34.9,19.5,0.0,24,24,2019,12,26,True,True,0.0
2019-12-27,25.254166666666666,33.8,16.7,0.0,24,24,2019,12,27,True,True,0.0
2019-12-28,26.47083333333333,33.6,20.4,0.0,24,24,2019,12,28,True,True,0.0
2019-12-29,26.754166666666666,34.3,20.7,0.0,24,24,2019,12,29,True,True,0.0
2019-12-30,25.8,33.5,18.7,0.0,24,24,2019,12,30,True,True,0.0
2019-12-31,26.787499999999998,35.1,21.0,0.0,24,24,2019,12,31,True,True,0.0
2020-01-01,25.733333333333334,34.7,21.3,0.2,24,24,2020,1,1,True,True,0.0
2020-01-02,24.608333333333334,32.6,21.0,2.8,24,24,2020,1,2,True,True,1.0
2020-01-03,22.6375,28.3,19.8,0.2,24,24,2020,1,3,True,True,0.0
2020-01-04,23.28333333333333,29.7,19.2,1.0,24,24,2020,1,4,True,True,1.0
2020-01-05,21.254166666666666,29.1,18.3,9.600000000000001,24,24,2020,1,5,True,True,1.0
2020-01-06,24.108333333333334,31.9,18.2,0.2,24,24,2020,1,6,True,True,0.0
2020-01-07,25.45,31.6,21.0,0.0,24,24,2020,1,7,True,True,0.0
2020-01-08,24.59583333333333,32.1,21.7,1.2000000000000002,24,24,2020,1,8,True,True,1.0
2020-01-09,24.604166666666668,31.4,21.7,10.2,24,24,2020,1,9,True,True,1.0
2020-01-10,23.974999999999998,30.5,21.2,1.7999999999999998,24,24,2020,1,10,True,True,1.0
2020-01-11,24.416666666666668,29.6,21.8,16.8,24,24,2020,1,11,True,True,1.0
2020-01-12,24.483333333333334,31.5,22.1,24.799999999999997,24,24,2020,1,12,True,True,1.0
2020-01-13,23.78333333333333,27.8,21.4,1.4000000000000001,24,24,2020,1,13,True,True,1.0
2020-01-14,24.4875,31.1,19.5,0.0,24,24,2020,1,14,True,True,0.0
2020-01-15,25.96666666666667,34.4,19.8,4.6,24,24,2020,1,15,True,True,1.0
2020-01-16,26.27916666666667,35.2,21.9,6.6000000000000005,24,24,2020,1,16,True,True,1.0
2020-01-17,23.416666666666668,28.1,21.0,0.0,24,24,2020,1,17,True,True,0.0
2020-01-18,23.5,29.7,18.6,0.0,24,24,2020,1,18,True,True,0.0
2020-01-19,24.650000000000002,32.2,18.5,0.0,24,24,2020,1,19,True,True,0.0
2020-01-20,25.40833333333333,33.2,20.5,0.0,24,24,2020,1,20,True,True,0.0
2020-01-21,24.037499999999998,31.8,16.9,0.0,24,24,2020,1,21,True,True,0.0
2020-01-22,23.333333333333332,29.9,18.8,0.2,24,24,2020,1,22,True,True,0.0
2020-01-23,20.308333333333334,22.2,18.9,54.599999999999994,24,24,2020,1,23,True,True,1.0
2020-01-24,22.983333333333334,29.1,18.2,0.0,24,24,2020,1,24,True,True,0.0
2020-01-25,22.4875,29.9,16.0,0.0,24,24,2020,1,25,True,True,0.0
2020-01-26,24.766666666666666,32.5,18.8,0.0,24,24,2020,1,26,True,True,0.0
2020-01-27,25.912499999999998,34.0,19.0,0.0,24,24,2020,1,27,True,True,0.0
2020-01-28,26.704166666666666,34.1,19.8,0.0,24,24,2020,1,28,True,True,0.0
2020-01-29,25.55,31.8,20.8,0.0,24,24,2020,1,29,True,True,0.0
2020-01-30,23.125,30.3,21.2,37.8,24,24,2020,1,30,True,True,1.0
2020-01-31,23.254166666666666,29.3,20.4,15.399999999999999,24,24,2020,1,31,True,True,1.0
2020-02-01,23.55,28.2,21.4,0.6000000000000001,24,24,2020,2,1,True,True,0.0
2020-02-02,22.891666666666666,28.4,20.9,35.800000000000004,24,24,2020,2,2,True,True,1.0
2020-02-03,22.037499999999998,28.3,20.1,13.0,24,24,2020,2,3,True,True,1.0
2020-02-04,23.141666666666666,29.5,19.3,0.4,24,24,2020,2,4,True,True,0.0
2020-02-05,23.65416666666667,28.6,20.8,0.2,24,24,2020,2,5,True,True,0.0
2020-02-06,23.84166666666667,30.4,20.3,0.0,24,24,2020,2,6,True,True,0.0
2020-02-07,21.566666666666666,25.7,20.0,15.000000000000002,24,24,2020,2,7,True,True,1.0
2020-02-08,23.583333333333332,29.7,19.9,0.6000000000000001,24,24,2020,2,8,True,True,0.0
2020-02-09,23.120833333333334,27.8,20.8,8.4,24,24,2020,2,9,True,True,1.0
2020-02-10,21.579166666666666,24.6,19.6,99.8,24,24,2020,2,10,True,True,1.0
2020-02-11,20.412499999999998,24.7,18.1,5.4,24,24,2020,2,11,True,True,1.0
2020-02-12,20.900000000000002,25.9,17.8,0.0,24,24,2020,2,12,True,True,0.0
2020-02-13,22.320833333333336,29.6,16.1,0.0,24,24,2020,2,13,True,True,0.0
2020-02-14,23.59583333333333,31.6,17.7,0.0,24,24,2020,2,14,True,True,0.0
2020-02-15,24.991666666666664,32.7,18.6,0.0,24,24,2020,2,15,True,True,0.0
2020-02-16,25.25,32.8,20.9,7.0,24,24,2020,2,16,True,True,1.0
2020-02-17,25.683333333333334,32.6,21.5,0.6,24,24,2020,2,17,True,True,0.0
2020-02-18,26.03333333333333,32.6,20.9,0.0,24,24,2020,2,18,True,True,0.0
2020-02-19,24.724999999999998,31.1,22.0,0.0,24,24,2020,2,19,True,True,0.0
2020-02-20,24.075,30.8,21.7,35.2,24,24,2020,2,20,True,True,1.0
2020-02-21,22.462500000000002,25.1,21.0,37.599999999999994,24,24,2020,2,21,True,True,1.0
2020-02-22,23.070833333333336,28.2,19.8,0.2,24,24,2020,2,22,True,True,0.0
2020-02-23,22.02916666666667,28.3,17.8,0.0,24,24,2020,2,23,True,True,0.0
2020-02-24,22.254166666666666,27.8,18.2,1.0,24,24,2020,2,24,True,True,1.0
2020-02-25,23.650000000000002,30.8,20.3,29.2,24,24,2020,2,25,True,True,1.0
2020-02-26,21.983333333333334,25.6,20.5,26.200000000000003,24,24,2020,2,26,True,True,1.0
2020-02-27,20.845833333333335,26.2,17.1,1.6,24,24,2020,2,27,True,True,1.0
2020-02-28,20.6375,28.2,15.7,0.0,24,24,2020,2,28,True,True,0.0
2020-02-29,21.537499999999998,29.0,16.2,0.0,24,24,2020,2,29,True,True,0.0
2020-03-01,21.1375,27.0,17.1,0.0,24,24,2020,3,1,True,True,0.0
2020-03-02,22.3125,28.9,17.0,0.0,24,24,2020,3,2,True,True,0.0
2020-03-03,21.587500000000002,28.5,16.2,0.0,24,24,2020,3,3,True,True,0.0
2020-03-04,21.879166666666666,29.6,15.6,0.0,24,24,2020,3,4,True,True,0.0
2020-03-05,22.629166666666666,30.3,16.7,0.0,24,24,2020,3,5,True,True,0.0
2020-03-06,21.75,29.5,16.1,0.0,24,24,2020,3,6,True,True,0.0
2020-03-07,21.77916666666667,29.2,15.4,0.0,24,24,2020,3,7,True,True,0.0
2020-03-08,22.52916666666667,30.5,16.3,0.0,24,24,2020,3,8,True,True,0.0
2020-03-09,23.620833333333334,31.8,17.3,0.0,24,24,2020,3,9,True,True,0.0
2020-03-10,24.629166666666666,32.3,19.0,0.0,24,24,2020,3,10,True,True,0.0
2020-03-11,24.97083333333333,32.5,19.2,0.0,24,24,2020,3,11,True,True,0.0
2020-03-12,25.662499999999998,33.7,19.4,0.0,24,24,2020,3,12,True,True,0.0
2020-03-13,24.925,33.3,18.2,0.0,24,24,2020,3,13,True,True,0.0
2020-03-14,25.458333333333332,33.3,19.5,0.0,24,24,2020,3,14,True,True,0.0
2020-03-15,26.420833333333334,33.8,20.7,0.0,24,24,2020,3,15,True,True,0.0
2020-03-16,25.441666666666666,32.8,19.1,0.0,24,24,2020,3,16,True,True,0.0
2020-03-17,24.9875,33.9,20.5,0.0,24,24,2020,3,17,True,True,0.0
2020-03-18,24.474999999999998,33.3,21.0,0.0,24,24,2020,3,18,True,True,0.0
2020-03-19,23.570833333333336,30.1,20.8,1.7999999999999998,24,24,2020,3,19,True,True,1.0
2020-03-20,23.695833333333336,29.9,20.5,0.4,24,24,2020,3,20,True,True,0.0
2020-03-21,23.145833333333332,28.9,20.2,5.6,24,24,2020,3,21,True,True,1.0
2020-03-22,22.670833333333334,30.0,16.9,0.0,24,24,2020,3,22,True,True,0.0
2020-03-23,21.8,29.6,16.4,0.0,24,24,2020,3,23,True,True,0.0
2020-03-24,21.920833333333334,29.3,16.5,0.0,24,24,2020,3,24,True,True,0.0
2020-03-25,21.679166666666664,29.7,16.4,0.0,24,24,2020,3,25,True,True,0.0
2020-03-26,22.03333333333333,30.2,16.3,0.0,24,24,2020,3,26,True,True,0.0
2020-03-27,22.849999999999998,30.4,16.8,0.0,24,24,2020,3,27,True,True,0.0
2020-03-28,23.525000000000002,31.1,17.3,0.0,24,24,2020,3,28,True,True,0.0
2020-03-29,21.224999999999998,23.5,19.9,3.8000000000000007,24,24,2020,3,29,True,True,1.0
2020-03-30,23.09166666666667,30.0,18.2,0.2,24,24,2020,3,30,True,True,0.0
2020-03-31,24.02916666666667,31.5,18.4,0.0,24,24,2020,3,31,True,True,0.0
2020-04-01,24.291666666666668,32.4,17.5,0.0,24,24,2020,4,1,True,True,0.0
2020-04-02,25.254166666666666,32.9,19.4,0.0,24,24,2020,4,2,True,True,0.0
2020-04-03,24.712500000000002,31.3,19.7,0.0,24,24,2020,4,3,True,True,0.0
2020-04-04,21.025000000000002,29.9,13.9,0.0,24,24,2020,4,4,True,True,0.0
2020-04-05,22.787499999999998,31.1,16.3,0.0,24,24,2020,4,5,True,True,0.0
2020-04-06,25.349999999999998,33.7,18.3,0.0,24,24,2020,4,6,True,True,0.0
2020-04-07,21.97083333333333,26.7,18.7,12.0,24,24,2020,4,7,True,True,1.0
2020-04-08,21.383333333333336,28.7,17.6,2.8,24,24,2020,4,8,True,True,1.0
2020-04-09,19.808333333333334,27.2,14.4,0.0,24,24,2020,4,9,True,True,0.0
2020-04-10,19.916666666666668,28.0,13.8,0.0,24,24,2020,4,10,True,True,0.0
2020-04-11,21.0625,28.7,15.7,0.0,24,24,2020,4,11,True,True,0.0
2020-04-12,20.845833333333335,28.6,15.1,0.0,24,24,2020,4,12,True,True,0.0
2020-04-13,21.695833333333336,29.9,15.5,0.0,24,24,2020,4,13,True,True,0.0
2020-04-14,18.920833333333334,23.9,16.5,3.4000000000000004,24,24,2020,4,14,True,True,1.0
2020-04-15,20.129166666666666,25.5,14.7,0.0,24,24,2020,4,15,True,True,0.0
2020-04-16,18.904166666666665,27.3,11.7,0.0,24,24,2020,4,16,True,True,0.0
2020-04-17,20.05,28.8,14.0,0.0,24,24,2020,4,17,True,True,0.0
2020-04-18,19.654166666666665,27.5,13.3,0.0,24,24,2020,4,18,True,True,0.0
2020-04-19,20.395833333333332,27.4,14.7,0.0,24,24,2020,4,19,True,True,0.0
2020-04-20,20.983333333333334,29.0,15.3,0.0,24,24,2020,4,20,True,True,0.0
2020-04-21,21.229166666666668,29.7,15.3,0.0,24,24,2020,4,21,True,True,0.0
2020-04-22,20.533333333333335,28.7,14.9,0.0,24,24,2020,4,22,True,True,0.0
2020-04-23,19.9875,28.5,14.4,0.0,24,24,2020,4,23,True,True,0.0
2020-04-24,21.666666666666668,30.4,16.1,0.0,24,24,2020,4,24,True,True,0.0
2020-04-25,23.245833333333334,30.8,17.8,0.0,24,24,2020,4,25,True,True,0.0
2020-04-26,23.058333333333334,30.6,17.5,0.0,24,24,2020,4,26,True,True,0.0
2020-04-27,21.162499999999998,28.2,16.0,0.0,24,24,2020,4,27,True,True,0.0
2020-04-28,20.754166666666666,28.3,15.8,0.0,24,24,2020,4,28,True,True,0.0
2020-04-29,20.962500000000002,28.6,15.7,0.0,24,24,2020,4,29,True,True,0.0
2020-04-30,21.770833333333332,29.4,16.4,0.0,24,24,2020,4,30,True,True,0.0
2020-05-01,23.008333333333336,30.5,16.7,0.0,24,24,2020,5,1,True,True,0.0
2020-05-02,22.754166666666666,30.5,16.4,0.0,24,24,2020,5,2,True,True,0.0
2020-05-03,19.929166666666667,26.1,15.4,0.0,24,24,2020,5,3,True,True,0.0
2020-05-04,18.341666666666665,26.6,12.5,0.0,24,24,2020,5,4,True,True,0.0
2020-05-05,19.95,27.6,13.7,0.0,24,24,2020,5,5,True,True,0.0
2020-05-06,20.491666666666667,30.0,16.6,0.0,24,24,2020,5,6,True,True,0.0
2020-05-07,17.970833333333335,23.8,13.2,0.0,24,24,2020,5,7,True,True,0.0
2020-05-08,16.033333333333335,24.1,9.8,0.0,24,24,2020,5,8,True,True,0.0
2020-05-09,18.016666666666666,26.7,12.1,0.0,24,24,2020,5,9,True,True,0.0
2020-05-10,18.883333333333333,27.0,13.1,0.0,24,24,2020,5,10,True,True,0.0
2020-05-11,19.820833333333333,27.9,14.3,0.0,24,24,2020,5,11,True,True,0.0
2020-05-12,20.150000000000002,27.1,15.2,0.0,24,24,2020,5,12,True,True,0.0
2020-05-13,18.604166666666668,21.5,16.3,0.2,24,24,2020,5,13,True,True,0.0
2020-05-14,18.8625,25.0,15.7,5.2,24,24,2020,5,14,True,True,1.0
2020-05-15,18.079166666666666,24.1,14.5,0.0,24,24,2020,5,15,True,True,0.0
2020-05-16,17.625,25.6,12.3,0.0,24,24,2020,5,16,True,True,0.0
2020-05-17,18.391666666666666,26.7,12.2,0.0,24,24,2020,5,17,True,True,0.0
2020-05-18,19.6375,28.3,12.7,0.0,24,24,2020,5,18,True,True,0.0
2020-05-19,19.904166666666665,27.1,14.0,0.0,24,24,2020,5,19,True,True,0.0
2020-05-20,20.516666666666666,27.5,16.3,0.0,24,24,2020,5,20,True,True,0.0
2020-05-21,20.908333333333335,28.0,15.9,0.0,24,24,2020,5,21,True,True,0.0
2020-05-22,22.391666666666666,29.4,16.6,4.8,24,24,2020,5,22,True,True,1.0
2020-05-23,16.445833333333333,19.5,11.7,18.2,24,24,2020,5,23,True,True,1.0
2020-05-24,12.225,14.6,9.4,0.0,24,24,2020,5,24,True,True,0.0
2020-05-25,13.4375,19.7,8.5,0.0,24,24,2020,5,25,True,True,0.0
2020-05-26,13.65,21.2,8.0,0.0,24,24,2020,5,26,True,True,0.0
2020-05-27,15.391666666666666,24.6,8.0,0.0,24,24,2020,5,27,True,True,0.0
2020-05-28,15.229166666666666,23.4,8.8,0.0,24,24,2020,5,28,True,True,0.0
2020-05-29,17.245833333333334,26.0,11.0,0.0,24,24,2020,5,29,True,True,0.0
2020-05-30,18.833333333333332,25.8,13.0,0.0,24,24,2020,5,30,True,True,0.0
2020-05-31,19.0125,26.6,11.9,0.0,24,24,2020,5,31,True,True,0.0
2020-06-01,19.308333333333334,26.7,13.3,0.0,24,24,2020,6,1,True,True,0.0
2020-06-02,17.920833333333334,22.1,15.9,2.0,24,24,2020,6,2,True,True,1.0
2020-06-03,18.425,23.5,15.9,1.2000000000000002,24,24,2020,6,3,True,True,1.0
2020-06-04,19.041666666666668,25.3,16.2,0.4,24,24,2020,6,4,True,True,0.0
2020-06-05,19.991666666666667,24.9,16.9,1.0,24,24,2020,6,5,True,True,1.0
2020-06-06,20.608333333333334,25.6,18.2,1.2,24,24,2020,6,6,True,True,1.0
2020-06-07,18.733333333333334,24.8,14.2,7.0,24,24,2020,6,7,True,True,1.0
2020-06-08,21.491666666666664,28.0,17.0,0.0,24,24,2020,6,8,True,True,0.0
2020-06-09,22.041666666666668,26.9,19.2,0.0,24,24,2020,6,9,True,True,0.0
2020-06-10,22.366666666666664,28.4,18.5,0.0,24,24,2020,6,10,True,True,0.0
2020-06-11,22.808333333333334,29.6,16.8,0.0,24,24,2020,6,11,True,True,0.0
2020-06-12,22.666666666666668,29.3,17.9,0.0,24,24,2020,6,12,True,True,0.0
2020-06-13,22.84583333333333,29.9,16.8,0.0,24,24,2020,6,13,True,True,0.0
2020-06-14,20.208333333333332,25.9,15.9,0.0,24,24,2020,6,14,True,True,0.0
2020-06-15,19.291666666666668,25.8,15.3,0.0,24,24,2020,6,15,True,True,0.0
2020-06-16,19.533333333333335,25.7,14.5,0.0,24,24,2020,6,16,True,True,0.0
2020-06-17,19.904166666666665,26.0,15.0,0.0,24,24,2020,6,17,True,True,0.0
2020-06-18,19.425,26.4,14.7,0.0,24,24,2020,6,18,True,True,0.0
2020-06-19,20.004166666666666,26.7,15.7,0.0,24,24,2020,6,19,True,True,0.0
2020-06-20,21.320833333333333,28.4,15.4,0.0,24,24,2020,6,20,True,True,0.0
2020-06-21,22.179166666666664,28.9,17.9,0.0,24,24,2020,6,21,True,True,0.0
2020-06-22,21.695833333333336,28.2,17.6,0.0,24,24,2020,6,22,True,True,0.0
2020-06-23,19.391666666666666,25.0,15.5,0.0,24,24,2020,6,23,True,True,0.0
2020-06-24,20.008333333333333,27.5,14.5,0.0,24,24,2020,6,24,True,True,0.0
2020-06-25,22.208333333333332,29.7,15.1,0.0,24,24,2020,6,25,True,True,0.0
2020-06-26,18.6375,22.7,16.7,26.4,24,24,2020,6,26,True,True,1.0
2020-06-27,15.237499999999999,17.5,12.6,27.4,24,24,2020,6,27,True,True,1.0
2020-06-28,15.4625,21.0,11.7,1.5999999999999999,24,24,2020,6,28,True,True,1.0
2020-06-29,16.841666666666665,22.8,12.8,0.0,24,24,2020,6,29,True,True,0.0
2020-06-30,20.695833333333333,26.2,15.5,0.0,24,24,2020,6,30,True,True,0.0
2020-07-01,15.645833333333334,21.4,9.1,7.6000000000000005,24,24,2020,7,1,True,True,1.0
2020-07-02,12.737499999999999,20.0,6.3,0.2,24,24,2020,7,2,True,True,0.0
2020-07-03,13.870833333333332,21.3,8.8,0.0,24,24,2020,7,3,True,True,0.0
2020-07-04,16.329166666666666,25.0,9.4,0.0,24,24,2020,7,4,True,True,0.0
2020-07-05,20.591666666666665,28.6,15.2,0.0,24,24,2020,7,5,True,True,0.0
2020-07-06,21.72083333333333,28.4,14.9,0.0,24,24,2020,7,6,True,True,0.0
2020-07-07,21.40416666666667,28.5,16.4,0.0,24,24,2020,7,7,True,True,0.0
2020-07-08,20.479166666666668,28.1,13.6,0.0,24,24,2020,7,8,True,True,0.0
2020-07-09,17.033333333333335,24.0,12.7,1.0,24,24,2020,7,9,True,True,1.0
2020-07-10,17.954166666666666,26.2,11.5,0.0,24,24,2020,7,10,True,True,0.0
2020-07-11,20.991666666666667,27.9,16.2,0.0,24,24,2020,7,11,True,True,0.0
2020-07-12,21.508333333333336,28.4,15.0,0.0,24,24,2020,7,12,True,True,0.0
2020-07-13,22.520833333333332,29.0,16.9,0.0,24,24,2020,7,13,True,True,0.0
2020-07-14,21.724999999999998,28.0,17.7,0.0,24,24,2020,7,14,True,True,0.0
2020-07-15,18.379166666666666,25.3,13.8,0.0,24,24,2020,7,15,True,True,0.0
2020-07-16,18.454166666666666,27.1,12.2,0.0,24,24,2020,7,16,True,True,0.0
2020-07-17,21.154166666666665,28.5,15.9,0.0,24,24,2020,7,17,True,True,0.0
2020-07-18,21.279166666666665,28.6,15.7,0.0,24,24,2020,7,18,True,True,0.0
2020-07-19,20.004166666666666,25.5,15.5,0.0,24,24,2020,7,19,True,True,0.0
2020-07-20,19.962500000000002,27.5,14.6,0.0,24,24,2020,7,20,True,True,0.0
2020-07-21,20.787499999999998,27.9,15.0,0.0,24,24,2020,7,21,True,True,0.0
2020-07-22,21.429166666666664,28.6,15.4,0.0,24,24,2020,7,22,True,True,0.0
2020-07-23,21.083333333333332,28.5,15.3,0.0,24,24,2020,7,23,True,True,0.0
2020-07-24,20.7625,28.1,15.3,0.0,24,24,2020,7,24,True,True,0.0
2020-07-25,21.666666666666668,29.7,15.3,0.0,24,24,2020,7,25,True,True,0.0
2020-07-26,20.349999999999998,27.4,14.9,0.0,24,24,2020,7,26,True,True,0.0
2020-07-27,21.008333333333333,29.2,14.6,0.0,24,24,2020,7,27,True,True,0.0
2020-07-28,22.8625,29.9,17.5,0.0,24,24,2020,7,28,True,True,0.0
2020-07-29,19.95416666666667,27.4,14.9,0.0,24,24,2020,7,29,True,True,0.0
2020-07-30,16.854166666666668,23.4,12.7,0.0,24,24,2020,7,30,True,True,0.0
2020-07-31,18.595833333333335,25.8,14.3,0.0,24,24,2020,7,31,True,True,0.0
2020-08-01,18.016666666666666,27.0,12.5,0.0,24,24,2020,8,1,True,True,0.0
2020-08-02,18.079166666666666,26.9,11.6,0.0,24,24,2020,8,2,True,True,0.0
2020-08-03,18.829166666666666,26.5,13.0,0.0,24,24,2020,8,3,True,True,0.0
2020-08-04,18.758333333333333,26.7,12.0,0.0,24,24,2020,8,4,True,True,0.0
2020-08-05,18.9875,27.3,12.4,0.0,24,24,2020,8,5,True,True,0.0
2020-08-06,18.8875,27.2,12.5,0.0,24,24,2020,8,6,True,True,0.0
2020-08-07,19.045833333333334,26.2,13.1,0.0,24,24,2020,8,7,True,True,0.0
2020-08-08,19.9375,28.5,14.2,0.0,24,24,2020,8,8,True,True,0.0
2020-08-09,20.854166666666668,29.2,15.2,0.0,24,24,2020,8,9,True,True,0.0
2020-08-10,21.504166666666666,29.3,15.2,0.0,24,24,2020,8,10,True,True,0.0
2020-08-11,21.5125,30.2,13.5,0.0,24,24,2020,8,11,True,True,0.0
2020-08-12,22.84166666666667,31.3,16.2,0.0,24,24,2020,8,12,True,True,0.0
2020-08-13,23.204166666666666,32.8,18.3,0.0,24,24,2020,8,13,True,True,0.0
2020-08-14,23.666666666666668,31.9,16.7,0.0,24,24,2020,8,14,True,True,0.0
2020-08-15,23.866666666666664,31.8,19.6,0.0,24,24,2020,8,15,True,True,0.0
2020-08-16,19.275000000000002,22.4,16.7,0.0,24,24,2020,8,16,True,True,0.0
2020-08-17,17.3625,18.7,16.7,38.599999999999994,24,24,2020,8,17,True,True,1.0
2020-08-18,18.224999999999998,22.4,16.7,17.4,24,24,2020,8,18,True,True,1.0
2020-08-19,19.858333333333334,27.1,16.6,0.2,24,24,2020,8,19,True,True,0.0
2020-08-20,16.14166666666667,20.9,13.4,0.0,24,24,2020,8,20,True,True,0.0
2020-08-21,10.8125,13.4,7.1,3.8,24,24,2020,8,21,True,True,1.0
2020-08-22,11.4125,17.9,6.0,0.0,24,24,2020,8,22,True,True,0.0
2020-08-23,15.575000000000001,22.7,10.6,0.0,24,24,2020,8,23,True,True,0.0
2020-08-24,16.970833333333335,24.4,11.4,0.0,24,24,2020,8,24,True,True,0.0
2020-08-25,17.3,25.2,11.2,0.0,24,24,2020,8,25,True,True,0.0
2020-08-26,17.608333333333334,27.1,10.3,0.0,24,24,2020,8,26,True,True,0.0
2020-08-27,19.958333333333332,29.7,12.0,0.0,24,24,2020,8,27,True,True,0.0
2020-08-28,22.208333333333332,30.9,15.3,0.0,24,24,2020,8,28,True,True,0.0
2020-08-29,23.758333333333336,31.8,17.4,0.0,24,24,2020,8,29,True,True,0.0
2020-08-30,25.037499999999998,33.2,17.9,0.0,24,24,2020,8,30,True,True,0.0
2020-08-31,23.3875,31.3,16.4,0.0,24,24,2020,8,31,True,True,0.0
2020-09-01,22.900000000000002,30.2,18.1,0.0,24,24,2020,9,1,True,True,0.0
2020-09-02,22.40833333333333,29.9,16.8,0.0,24,24,2020,9,2,True,True,0.0
2020-09-03,23.829166666666666,32.1,16.7,0.0,24,24,2020,9,3,True,True,0.0
2020-09-04,25.695833333333336,33.9,18.9,0.0,24,24,2020,9,4,True,True,0.0
2020-09-05,24.679166666666664,33.6,17.2,0.0,24,24,2020,9,5,True,True,0.0
2020-09-06,25.204166666666666,34.0,18.4,0.0,24,24,2020,9,6,True,True,0.0
2020-09-07,24.875,34.1,17.1,0.0,24,24,2020,9,7,True,True,0.0
2020-09-08,24.575,34.8,17.0,0.0,24,24,2020,9,8,True,True,0.0
2020-09-09,24.629166666666666,34.9,17.2,0.0,24,24,2020,9,9,True,True,0.0
2020-09-10,26.754166666666666,37.2,19.0,0.0,24,24,2020,9,10,True,True,0.0
2020-09-11,26.995833333333334,36.1,19.0,0.0,24,24,2020,9,11,True,True,0.0
2020-09-12,27.983333333333334,36.5,20.2,0.0,24,24,2020,9,12,True,True,0.0
2020-09-13,26.920833333333334,35.0,20.8,0.0,24,24,2020,9,13,True,True,0.0
2020-09-14,26.291666666666668,34.3,19.2,0.0,24,24,2020,9,14,True,True,0.0
2020-09-15,22.479166666666668,30.1,17.1,0.0,24,24,2020,9,15,True,True,0.0
2020-09-16,24.020833333333332,34.2,15.8,0.0,24,24,2020,9,16,True,True,0.0
2020-09-17,27.599999999999998,36.4,19.7,0.0,24,24,2020,9,17,True,True,0.0
2020-09-18,24.537499999999998,32.6,19.6,0.0,24,24,2020,9,18,True,True,0.0
2020-09-19,26.020833333333332,33.4,20.3,0.0,24,24,2020,9,19,True,True,0.0
2020-09-20,21.224999999999998,25.5,17.8,0.0,24,24,2020,9,20,True,True,0.0
2020-09-21,17.591666666666665,24.6,15.5,0.6000000000000001,24,24,2020,9,21,True,True,0.0
2020-09-22,16.166666666666668,20.1,13.0,5.6,24,24,2020,9,22,True,True,1.0
2020-09-23,20.775000000000002,29.1,15.2,0.0,24,24,2020,9,23,True,True,0.0
2020-09-24,22.1125,31.1,15.0,0.0,24,24,2020,9,24,True,True,0.0
2020-09-25,24.483333333333334,33.5,16.2,0.0,24,24,2020,9,25,True,True,0.0
2020-09-26,26.941666666666666,36.7,18.6,0.0,24,24,2020,9,26,True,True,0.0
2020-09-27,29.208333333333332,37.9,21.1,0.0,24,24,2020,9,27,True,True,0.0
2020-09-28,27.583333333333332,37.4,20.2,0.0,24,24,2020,9,28,True,True,0.0
2020-09-29,27.829166666666666,36.9,21.2,0.0,24,24,2020,9,29,True,True,0.0
2020-09-30,28.84166666666667,40.4,19.4,0.0,24,24,2020,9,30,True,True,0.0
2020-10-01,30.145833333333332,40.1,20.9,0.0,24,24,2020,10,1,True,True,0.0
2020-10-02,32.06666666666667,40.3,23.8,0.0,24,24,2020,10,2,True,True,0.0
2020-10-03,29.870833333333334,38.3,21.4,0.0,24,24,2020,10,3,True,True,0.0
2020-10-04,25.645833333333332,35.1,19.5,0.0,24,24,2020,10,4,True,True,0.0
2020-10-05,27.46666666666667,38.5,18.9,0.0,24,24,2020,10,5,True,True,0.0
2020-10-06,31.537499999999998,40.4,24.8,0.0,24,24,2020,10,6,True,True,0.0
2020-10-07,30.95,41.6,21.8,0.0,24,24,2020,10,7,True,True,0.0
2020-10-08,26.1875,32.3,19.9,2.0,24,24,2020,10,8,True,True,1.0
2020-10-09,23.391666666666666,29.1,19.4,0.4,24,24,2020,10,9,True,True,0.0
2020-10-10,19.766666666666666,25.2,17.0,2.8000000000000003,24,24,2020,10,10,True,True,1.0
2020-10-11,21.679166666666664,30.5,14.0,0.0,24,24,2020,10,11,True,True,0.0
2020-10-12,22.708333333333332,33.7,13.3,0.0,24,24,2020,10,12,True,True,0.0
2020-10-13,26.541666666666668,35.8,17.8,0.0,24,24,2020,10,13,True,True,0.0
2020-10-14,29.208333333333332,37.7,22.2,0.0,24,24,2020,10,14,True,True,0.0
2020-10-15,20.720833333333335,27.8,18.0,8.2,24,24,2020,10,15,True,True,1.0
2020-10-16,19.537499999999998,23.5,17.1,0.0,24,24,2020,10,16,True,True,0.0
2020-10-17,21.733333333333334,29.8,15.3,0.0,24,24,2020,10,17,True,True,0.0
2020-10-18,22.9875,32.1,15.7,0.0,24,24,2020,10,18,True,True,0.0
2020-10-19,23.008333333333336,27.8,18.8,0.6,24,24,2020,10,19,True,True,0.0
2020-10-20,21.787499999999998,28.2,18.0,5.6000000000000005,24,24,2020,10,20,True,True,1.0
2020-10-21,24.287499999999998,31.6,19.6,0.0,24,24,2020,10,21,True,True,0.0
2020-10-22,24.474999999999998,32.7,19.1,0.2,24,24,2020,10,22,True,True,0.0
2020-10-23,25.025000000000002,34.7,18.5,6.0,24,24,2020,10,23,True,True,1.0
2020-10-24,21.1875,26.7,17.5,5.6000000000000005,24,24,2020,10,24,True,True,1.0
2020-10-25,24.695833333333336,33.1,19.0,0.0,24,24,2020,10,25,True,True,0.0
2020-10-26,23.204166666666666,30.3,16.3,0.0,24,24,2020,10,26,True,True,0.0
2020-10-27,24.770833333333332,31.7,18.3,0.0,24,24,2020,10,27,True,True,0.0
2020-10-28,26.0125,34.7,17.4,0.0,24,24,2020,10,28,True,True,0.0
2020-10-29,25.520833333333332,32.9,20.8,0.0,24,24,2020,10,29,True,True,0.0
2020-10-30,19.554166666666667,22.3,17.3,4.0,24,24,2020,10,30,True,True,1.0
2020-10-31,20.233333333333334,26.5,16.3,0.0,24,24,2020,10,31,True,True,0.0
2020-11-01,19.400000000000002,27.0,13.3,0.0,24,24,2020,11,1,True,True,0.0
2020-11-02,19.3,27.9,12.3,0.0,24,24,2020,11,2,True,True,0.0
2020-11-03,20.216666666666665,29.7,12.2,0.0,24,24,2020,11,3,True,True,0.0
2020-11-04,21.625,31.8,13.3,0.0,24,24,2020,11,4,True,True,0.0
2020-11-05,21.829166666666666,32.0,13.7,0.0,24,24,2020,11,5,True,True,0.0
2020-11-06,22.55,31.8,15.2,0.0,24,24,2020,11,6,True,True,0.0
2020-11-07,23.75,35.2,13.9,0.0,24,24,2020,11,7,True,True,0.0
2020-11-08,27.141666666666666,37.0,17.9,0.0,24,24,2020,11,8,True,True,0.0
2020-11-09,26.641666666666666,37.3,20.3,0.0,24,24,2020,11,9,True,True,0.0
2020-11-10,24.525000000000002,32.0,19.5,0.0,24,24,2020,11,10,True,True,0.0
2020-11-11,25.275000000000002,33.5,20.2,0.2,24,24,2020,11,11,True,True,0.0
2020-11-12,25.599999999999998,33.9,19.2,0.2,24,24,2020,11,12,True,True,0.0
2020-11-13,24.579166666666666,34.2,19.9,7.6000000000000005,24,24,2020,11,13,True,True,1.0
2020-11-14,25.416666666666668,34.2,18.8,0.0,24,24,2020,11,14,True,True,0.0
2020-11-15,26.59166666666667,35.9,20.5,1.6,24,24,2020,11,15,True,True,1.0
2020-11-16,26.545833333333334,35.4,19.9,0.0,24,24,2020,11,16,True,True,0.0
2020-11-17,25.775000000000002,35.3,20.5,13.2,24,24,2020,11,17,True,True,1.0
2020-11-18,20.849999999999998,26.8,18.0,18.200000000000003,24,24,2020,11,18,True,True,1.0
2020-11-19,20.616666666666667,27.7,17.1,13.799999999999999,24,24,2020,11,19,True,True,1.0
2020-11-20,20.712500000000002,29.7,13.0,0.0,24,24,2020,11,20,True,True,0.0
2020-11-21,22.3,31.1,14.2,0.0,24,24,2020,11,21,True,True,0.0
2020-11-22,23.583333333333332,32.2,15.9,0.0,24,24,2020,11,22,True,True,0.0
2020-11-23,23.90833333333333,31.6,17.2,0.0,24,24,2020,11,23,True,True,0.0
2020-11-24,25.320833333333336,34.2,18.4,0.0,24,24,2020,11,24,True,True,0.0
2020-11-25,26.566666666666666,34.6,18.5,0.0,24,24,2020,11,25,True,True,0.0
2020-11-26,27.229166666666668,34.4,20.7,0.0,24,24,2020,11,26,True,True,0.0
2020-11-27,25.391666666666666,35.4,19.8,2.4000000000000004,24,24,2020,11,27,True,True,1.0
2020-11-28,24.954166666666666,35.2,20.6,0.2,24,24,2020,11,28,True,True,0.0
2020-11-29,27.120833333333334,35.4,20.2,0.0,24,24,2020,11,29,True,True,0.0
2020-11-30,25.65833333333333,35.4,20.3,3.8,24,24,2020,11,30,True,True,1.0
2020-12-01,24.545833333333334,32.6,19.9,28.6,24,24,2020,12,1,True,True,1.0
2020-12-02,24.1875,30.6,19.6,9.4,24,24,2020,12,2,True,True,1.0
2020-12-03,23.1375,30.4,19.3,4.4,24,24,2020,12,3,True,True,1.0
2020-12-04,25.02916666666667,33.4,18.6,0.0,24,24,2020,12,4,True,True,0.0
2020-12-05,23.666666666666668,32.2,20.0,9.200000000000001,24,24,2020,12,5,True,True,1.0
2020-12-06,22.670833333333334,29.2,19.2,7.6,24,24,2020,12,6,True,True,1.0
2020-12-07,21.6875,27.5,19.2,3.1999999999999997,24,24,2020,12,7,True,True,1.0
2020-12-08,24.150000000000002,31.0,20.4,0.0,24,24,2020,12,8,True,True,0.0
2020-12-09,25.21666666666667,32.6,19.0,0.0,24,24,2020,12,9,True,True,0.0
2020-12-10,24.233333333333334,32.9,18.5,2.8,24,24,2020,12,10,True,True,1.0
2020-12-11,23.020833333333332,29.1,19.5,0.0,24,24,2020,12,11,True,True,0.0
2020-12-12,22.162499999999998,29.0,20.1,14.999999999999998,24,24,2020,12,12,True,True,1.0
2020-12-13,24.233333333333334,30.7,19.3,8.0,24,24,2020,12,13,True,True,1.0
2020-12-14,22.695833333333336,30.6,18.4,21.4,24,24,2020,12,14,True,True,1.0
2020-12-15,24.837500000000002,31.5,19.5,0.0,24,24,2020,12,15,True,True,0.0
2020-12-16,24.425,33.4,18.8,47.6,24,24,2020,12,16,True,True,1.0
2020-12-17,23.516666666666666,32.5,19.3,4.0,24,24,2020,12,17,True,True,1.0
2020-12-18,24.90833333333333,32.9,19.9,0.2,24,24,2020,12,18,True,True,0.0
2020-12-19,24.545833333333334,33.2,20.5,3.0,24,24,2020,12,19,True,True,1.0
2020-12-20,25.708333333333332,31.7,21.0,0.2,24,24,2020,12,20,True,True,0.0
2020-12-21,25.883333333333336,32.8,21.3,0.0,24,24,2020,12,21,True,True,0.0
2020-12-22,24.958333333333332,32.0,21.0,0.0,24,24,2020,12,22,True,True,0.0
2020-12-23,24.041666666666668,32.1,18.2,0.0,24,24,2020,12,23,True,True,0.0
2020-12-24,24.129166666666666,31.8,18.0,0.0,24,24,2020,12,24,True,True,0.0
2020-12-25,23.55,31.6,17.2,0.0,24,24,2020,12,25,True,True,0.0
2020-12-26,22.916666666666668,32.2,18.0,48.599999999999994,24,24,2020,12,26,True,True,1.0
2020-12-27,21.566666666666666,28.3,18.2,62.199999999999996,24,24,2020,12,27,True,True,1.0
2020-12-28,22.2375,28.7,17.8,25.599999999999998,24,24,2020,12,28,True,True,1.0
2020-12-29,23.120833333333334,29.7,19.4,61.20000000000001,24,24,2020,12,29,True,True,1.0
2020-12-30,24.433333333333334,31.3,19.2,0.2,24,24,2020,12,30,True,True,0.0
2020-12-31,22.854166666666668,29.1,20.3,15.2,24,24,2020,12,31,True,True,1.0
2021-01-01,22.0125,29.1,19.7,2.2,24,24,2021,1,1,True,True,1.0
2021-01-02,23.425,30.3,19.8,0.2,24,24,2021,1,2,True,True,0.0
2021-01-03,23.15833333333333,30.9,18.9,0.2,24,24,2021,1,3,True,True,0.0
2021-01-04,23.758333333333336,31.0,17.7,0.0,24,24,2021,1,4,True,True,0.0
2021-01-05,24.84166666666667,30.5,19.6,0.0,24,24,2021,1,5,True,True,0.0
2021-01-06,24.604166666666668,32.1,20.9,6.4,24,24,2021,1,6,True,True,1.0
2021-01-07,24.3875,32.4,20.5,0.0,24,24,2021,1,7,True,True,0.0
2021-01-08,25.020833333333332,30.7,21.0,0.0,24,24,2021,1,8,True,True,0.0
2021-01-09,25.120833333333334,32.5,20.5,0.4,24,24,2021,1,9,True,True,0.0
2021-01-10,25.870833333333334,31.9,20.4,0.0,24,24,2021,1,10,True,True,0.0
2021-01-11,25.72608695652174,31.7,21.4,0.0,23,23,2021,1,11,True,True,0.0
2021-01-12,24.645833333333332,31.9,21.9,4.6,24,24,2021,1,12,True,True,1.0
2021-01-13,24.258333333333336,31.7,21.4,2.4000000000000004,24,24,2021,1,13,True,True,1.0
2021-01-14,23.195833333333336,30.6,20.6,22.799999999999997,24,24,2021,1,14,True,True,1.0
2021-01-15,23.166666666666668,29.4,20.4,0.2,24,24,2021,1,15,True,True,0.0
2021-01-16,22.958333333333332,27.7,20.2,1.8,24,24,2021,1,16,True,True,1.0
2021-01-17,22.183333333333334,27.5,20.6,48.0,24,24,2021,1,17,True,True,1.0
2021-01-18,23.55217391304348,30.2,20.7,3.4000000000000004,23,23,2021,1,18,True,True,1.0
2021-01-19,23.4375,26.9,20.6,0.0,24,24,2021,1,19,True,True,0.0
2021-01-20,25.183333333333334,31.8,20.4,0.0,24,24,2021,1,20,True,True,0.0
2021-01-21,25.6125,33.1,21.0,0.0,24,24,2021,1,21,True,True,0.0
2021-01-22,26.004166666666666,33.1,21.1,0.0,24,24,2021,1,22,True,True,0.0
2021-01-23,25.391666666666666,32.6,20.0,0.0,24,24,2021,1,23,True,True,0.0
2021-01-24,24.441666666666666,32.8,20.8,0.0,24,24,2021,1,24,True,True,0.0
2021-01-25,23.683333333333334,33.1,18.9,31.2,24,24,2021,1,25,True,True,1.0
2021-01-26,23.46666666666667,31.7,18.7,0.0,24,24,2021,1,26,True,True,0.0
2021-01-27,25.566666666666666,32.4,21.1,1.4,24,24,2021,1,27,True,True,1.0
2021-01-28,25.045833333333334,32.3,20.1,0.0,24,24,2021,1,28,True,True,0.0
2021-01-29,24.183333333333334,31.9,20.0,11.6,24,24,2021,1,29,True,True,1.0
2021-01-30,24.620833333333334,32.8,20.3,0.0,24,24,2021,1,30,True,True,0.0
2021-01-31,22.962500000000002,30.9,19.0,20.599999999999998,24,24,2021,1,31,True,True,1.0
2021-02-01,24.008333333333336,31.3,19.6,0.4,24,24,2021,2,1,True,True,0.0
2021-02-02,24.366666666666664,33.5,20.5,30.2,24,24,2021,2,2,True,True,1.0
2021-02-03,25.625,33.8,19.8,0.0,24,24,2021,2,3,True,True,0.0
2021-02-04,25.75,32.9,21.2,1.7999999999999998,24,24,2021,2,4,True,True,1.0
2021-02-05,24.6375,29.3,19.0,0.0,24,24,2021,2,5,True,True,0.0
2021-02-06,23.337500000000002,31.0,16.3,0.0,24,24,2021,2,6,True,True,0.0
2021-02-07,23.270833333333332,31.3,17.3,0.0,24,24,2021,2,7,True,True,0.0
2021-02-08,22.795833333333334,30.1,16.9,0.0,24,24,2021,2,8,True,True,0.0
2021-02-09,23.083333333333332,30.7,17.1,0.0,24,24,2021,2,9,True,True,0.0
2021-02-10,24.099999999999998,32.3,17.9,0.8,24,24,2021,2,10,True,True,0.0
2021-02-11,20.804166666666667,23.3,19.4,4.6000000000000005,24,24,2021,2,11,True,True,1.0
2021-02-12,22.266666666666666,29.0,18.4,0.2,24,24,2021,2,12,True,True,0.0
2021-02-13,22.883333333333336,28.7,20.1,2.0,24,24,2021,2,13,True,True,1.0
2021-02-14,20.226086956521737,28.1,16.6,54.199999999999996,23,23,2021,2,14,True,True,1.0
2021-02-15,22.375,29.1,16.8,0.0,24,24,2021,2,15,True,True,0.0
2021-02-16,24.983333333333334,32.1,19.3,0.2,24,24,2021,2,16,True,True,0.0
2021-02-17,23.40416666666667,31.3,20.3,1.4,24,24,2021,2,17,True,True,1.0
2021-02-18,24.375,31.5,18.8,0.0,24,24,2021,2,18,True,True,0.0
2021-02-19,24.645833333333332,32.7,17.4,0.0,24,24,2021,2,19,True,True,0.0
2021-02-20,25.229166666666668,33.4,19.4,0.0,24,24,2021,2,20,True,True,0.0
2021-02-21,25.633333333333336,33.3,20.0,0.0,24,24,2021,2,21,True,True,0.0
2021-02-22,25.370833333333334,32.9,19.8,0.0,24,24,2021,2,22,True,True,0.0
2021-02-23,26.004166666666666,33.8,19.8,0.0,24,24,2021,2,23,True,True,0.0
2021-02-24,25.7375,33.8,20.1,2.1999999999999997,24,24,2021,2,24,True,True,1.0
2021-02-25,24.058333333333334,31.6,19.9,0.2,24,24,2021,2,25,True,True,0.0
2021-02-26,22.275000000000002,28.7,19.2,9.4,24,24,2021,2,26,True,True,1.0
2021-02-27,23.02916666666667,30.5,18.6,0.0,24,24,2021,2,27,True,True,0.0
2021-02-28,20.67083333333333,26.7,19.7,27.6,24,24,2021,2,28,True,True,1.0
2021-03-01,22.712500000000002,28.3,19.2,0.0,24,24,2021,3,1,True,True,0.0
2021-03-02,23.420833333333334,30.6,20.4,0.0,24,24,2021,3,2,True,True,0.0
2021-03-03,21.516666666666666,25.3,19.6,4.0,24,24,2021,3,3,True,True,1.0
2021-03-04,21.316666666666666,26.5,19.3,17.2,24,24,2021,3,4,True,True,1.0
2021-03-05,20.854166666666668,26.2,19.3,21.2,24,24,2021,3,5,True,True,1.0
2021-03-06,22.008333333333336,28.0,19.8,9.799999999999999,24,24,2021,3,6,True,True,1.0
2021-03-07,22.208333333333332,29.8,19.2,2.8000000000000003,24,24,2021,3,7,True,True,1.0
2021-03-08,22.3125,29.4,17.8,0.2,24,24,2021,3,8,True,True,0.0
2021-03-09,22.59583333333333,30.9,18.7,0.2,24,24,2021,3,9,True,True,0.0
2021-03-10,22.400000000000002,29.9,16.2,0.0,24,24,2021,3,10,True,True,0.0
2021-03-11,25.316666666666666,31.5,19.5,0.0,24,24,2021,3,11,True,True,0.0
2021-03-12,25.129166666666666,32.4,19.4,0.0,24,24,2021,3,12,True,True,0.0
2021-03-13,25.616666666666664,33.3,19.7,0.0,24,24,2021,3,13,True,True,0.0
2021-03-14,25.22083333333333,32.3,20.0,0.0,24,24,2021,3,14,True,True,0.0
2021-03-15,24.195833333333336,31.3,18.6,0.8,24,24,2021,3,15,True,True,0.0
2021-03-16,25.0625,32.3,20.0,0.0,24,24,2021,3,16,True,True,0.0
2021-03-17,25.241666666666664,31.9,20.7,0.0,24,24,2021,3,17,True,True,0.0
2021-03-18,21.608333333333334,26.2,19.2,48.199999999999996,24,24,2021,3,18,True,True,1.0
2021-03-19,23.820833333333336,30.7,19.4,0.0,24,24,2021,3,19,True,True,0.0
2021-03-20,24.866666666666664,32.4,19.7,0.0,24,24,2021,3,20,True,True,0.0
2021-03-21,25.5,31.9,21.4,0.0,24,24,2021,3,21,True,True,0.0
2021-03-22,25.787499999999998,32.7,20.4,0.0,24,24,2021,3,22,True,True,0.0
2021-03-23,25.15416666666667,31.9,20.6,0.0,24,24,2021,3,23,True,True,0.0
2021-03-24,25.8125,33.2,21.7,0.0,24,24,2021,3,24,True,True,0.0
2021-03-25,25.733333333333334,32.8,20.2,0.0,24,24,2021,3,25,True,True,0.0
2021-03-26,25.733333333333334,33.1,21.0,0.0,24,24,2021,3,26,True,True,0.0
2021-03-27,25.691666666666666,33.7,21.4,0.0,24,24,2021,3,27,True,True,0.0
2021-03-28,25.016666666666666,33.4,19.4,0.0,24,24,2021,3,28,True,True,0.0
2021-03-29,26.016666666666666,33.4,20.9,0.0,24,24,2021,3,29,True,True,0.0
2021-03-30,24.150000000000002,32.0,18.8,0.0,24,24,2021,3,30,True,True,0.0
2021-03-31,21.991666666666664,29.3,17.0,0.0,24,24,2021,3,31,True,True,0.0
2021-04-01,20.820833333333333,28.2,15.8,0.0,24,24,2021,4,1,True,True,0.0
2021-04-02,20.920833333333334,28.1,15.7,0.0,24,24,2021,4,2,True,True,0.0
2021-04-03,21.347826086956523,30.3,14.8,0.0,23,23,2021,4,3,True,True,0.0
2021-04-04,22.020833333333332,29.3,16.2,0.0,24,24,2021,4,4,True,True,0.0
2021-04-05,22.441666666666666,28.9,17.3,0.0,24,24,2021,4,5,True,True,0.0
2021-04-06,21.141666666666666,26.3,18.6,0.6,24,24,2021,4,6,True,True,0.0
2021-04-07,22.2625,28.6,17.4,0.0,24,24,2021,4,7,True,True,0.0
2021-04-08,22.75,29.5,17.7,0.0,24,24,2021,4,8,True,True,0.0
2021-04-09,22.129166666666666,29.8,16.4,0.0,24,24,2021,4,9,True,True,0.0
2021-04-10,22.579166666666666,30.0,16.7,0.0,24,24,2021,4,10,True,True,0.0
2021-04-11,23.537499999999998,31.1,17.9,0.0,24,24,2021,4,11,True,True,0.0
2021-04-12,24.65833333333333,33.2,16.7,0.0,24,24,2021,4,12,True,True,0.0
2021-04-13,22.95,27.4,19.5,0.0,24,24,2021,4,13,True,True,0.0
2021-04-14,20.741666666666667,28.1,15.5,0.0,24,24,2021,4,14,True,True,0.0
2021-04-15,21.337500000000002,29.0,15.7,0.0,24,24,2021,4,15,True,True,0.0
2021-04-16,22.0,30.5,16.9,8.200000000000001,24,24,2021,4,16,True,True,1.0
2021-04-17,21.625,28.6,17.3,13.6,24,24,2021,4,17,True,True,1.0
2021-04-18,19.491666666666667,25.2,16.9,5.3999999999999995,24,24,2021,4,18,True,True,1.0
2021-04-19,19.608333333333334,26.0,15.3,0.2,24,24,2021,4,19,True,True,0.0
2021-04-20,19.1375,25.9,14.8,0.0,24,24,2021,4,20,True,True,0.0
2021-04-21,19.379166666666666,26.6,14.9,0.0,24,24,2021,4,21,True,True,0.0
2021-04-22,18.766666666666666,25.5,13.4,0.0,24,24,2021,4,22,True,True,0.0
2021-04-23,18.508333333333333,25.9,13.5,0.0,24,24,2021,4,23,True,True,0.0
2021-04-24,19.650000000000002,27.4,14.2,0.0,24,24,2021,4,24,True,True,0.0
2021-04-25,21.837500000000002,29.3,16.8,0.0,24,24,2021,4,25,True,True,0.0
2021-04-26,22.695833333333336,29.2,17.0,0.0,24,24,2021,4,26,True,True,0.0
2021-04-27,21.558333333333334,28.9,17.1,0.0,24,24,2021,4,27,True,True,0.0
2021-04-28,19.845833333333335,27.8,14.9,0.0,24,24,2021,4,28,True,True,0.0
2021-04-29,18.875,25.5,14.4,0.0,24,24,2021,4,29,True,True,0.0
2021-04-30,19.341666666666665,25.2,14.6,0.0,24,24,2021,4,30,True,True,0.0
2021-05-01,20.141666666666666,26.7,15.2,0.0,24,24,2021,5,1,True,True,0.0
2021-05-02,20.095833333333335,27.4,14.6,0.0,24,24,2021,5,2,True,True,0.0
2021-05-03,20.233333333333334,28.1,14.4,0.0,24,24,2021,5,3,True,True,0.0
2021-05-04,21.1875,29.6,15.1,0.0,24,24,2021,5,4,True,True,0.0
2021-05-05,22.55,29.7,16.7,0.0,24,24,2021,5,5,True,True,0.0
2021-05-06,23.104166666666668,30.9,15.4,0.0,24,24,2021,5,6,True,True,0.0
2021-05-07,19.75,26.1,15.8,0.0,24,24,2021,5,7,True,True,0.0
2021-05-08,19.087500000000002,26.4,14.4,0.0,24,24,2021,5,8,True,True,0.0
2021-05-09,19.370833333333334,27.0,14.2,0.0,24,24,2021,5,9,True,True,0.0
2021-05-10,19.8625,27.2,15.7,0.0,24,24,2021,5,10,True,True,0.0
2021-05-11,21.275000000000002,28.4,16.1,0.0,24,24,2021,5,11,True,True,0.0
2021-05-12,20.1875,26.7,16.0,0.0,24,24,2021,5,12,True,True,0.0
2021-05-13,17.462500000000002,23.6,13.0,3.6,24,24,2021,5,13,True,True,1.0
2021-05-14,17.875,25.9,12.0,0.0,24,24,2021,5,14,True,True,0.0
2021-05-15,,,,,17,17,2021,5,15,False,False,
2021-05-16,,,,,20,20,2021,5,16,False,False,
2021-05-17,,,,,19,19,2021,5,17,False,False,
2021-05-18,,,,,20,20,2021,5,18,False,False,
2021-05-19,,,,,21,21,2021,5,19,False,False,
2021-05-20,,,,,21,21,2021,5,20,False,False,
2021-05-21,,,,,19,19,2021,5,21,False,False,
2021-05-22,,,,,17,17,2021,5,22,False,False,
2021-05-23,,,,,8,8,2021,5,23,False,False,
2021-05-24,,,,,15,15,2021,5,24,False,False,
2021-05-25,15.941666666666668,23.7,9.7,0.0,24,24,2021,5,25,True,True,0.0
2021-05-26,18.933333333333334,27.2,12.7,0.0,24,24,2021,5,26,True,True,0.0
2021-05-27,21.1875,29.4,15.5,0.0,24,24,2021,5,27,True,True,0.0
2021-05-28,23.1375,30.6,17.2,0.0,24,24,2021,5,28,True,True,0.0
2021-05-29,23.816666666666666,30.7,18.3,0.0,24,24,2021,5,29,True,True,0.0
2021-05-30,20.5125,25.7,16.8,0.0,24,24,2021,5,30,True,True,0.0
2021-05-31,18.25,23.0,15.3,0.0,24,24,2021,5,31,True,True,0.0
2021-06-01,18.870833333333334,26.5,13.7,0.0,24,24,2021,6,1,True,True,0.0
2021-06-02,20.441666666666666,29.0,14.9,0.0,24,24,2021,6,2,True,True,0.0
2021-06-03,22.025000000000002,29.6,15.9,0.0,24,24,2021,6,3,True,True,0.0
2021-06-04,21.941666666666666,29.4,16.5,0.0,24,24,2021,6,4,True,True,0.0
2021-06-05,21.629166666666666,29.2,16.2,0.0,24,24,2021,6,5,True,True,0.0
2021-06-06,21.891666666666666,28.9,17.2,0.0,24,24,2021,6,6,True,True,0.0
2021-06-07,,,,,19,19,2021,6,7,False,False,
2021-06-08,,,,,16,16,2021,6,8,False,False,
2021-06-09,,,,,19,19,2021,6,9,False,False,
2021-06-10,,,,,21,21,2021,6,10,False,False,
2021-06-11,,,,,15,15,2021,6,11,False,False,
2021-06-12,,,,,20,20,2021,6,12,False,False,
2021-06-13,15.804166666666667,22.8,11.1,0.2,24,24,2021,6,13,True,True,0.0
2021-06-14,16.087500000000002,24.2,10.5,0.0,24,24,2021,6,14,True,True,0.0
2021-06-15,16.570833333333333,24.2,12.6,0.0,24,24,2021,6,15,True,True,0.0
2021-06-16,15.737499999999999,22.9,10.7,0.2,24,24,2021,6,16,True,True,0.0
2021-06-17,15.5,23.0,11.0,0.0,24,24,2021,6,17,True,True,0.0
2021-06-18,16.366666666666667,22.5,12.7,0.0,24,24,2021,6,18,True,True,0.0
2021-06-19,18.870833333333334,26.8,14.6,0.0,24,24,2021,6,19,True,True,0.0
2021-06-20,16.275000000000002,21.9,13.2,0.0,24,24,2021,6,20,True,True,0.0
2021-06-21,16.412499999999998,21.9,11.4,0.0,24,24,2021,6,21,True,True,0.0
2021-06-22,17.55,22.8,14.7,1.4,24,24,2021,6,22,True,True,1.0
2021-06-23,17.125,22.7,13.5,0.0,24,24,2021,6,23,True,True,0.0
2021-06-24,18.208333333333332,26.7,11.5,0.2,24,24,2021,6,24,True,True,0.0
2021-06-25,21.516666666666666,28.5,16.6,0.0,24,24,2021,6,25,True,True,0.0
2021-06-26,21.295833333333334,28.4,16.5,0.0,24,24,2021,6,26,True,True,0.0
2021-06-27,20.804166666666667,27.8,15.5,0.0,24,24,2021,6,27,True,True,0.0
2021-06-28,19.25,26.2,12.9,0.0,24,24,2021,6,28,True,True,0.0
2021-06-29,10.816666666666668,15.7,6.3,0.0,24,24,2021,6,29,True,True,0.0
2021-06-30,8.754166666666666,18.0,2.0,0.0,24,24,2021,6,30,True,True,0.0
2021-07-01,11.945833333333333,20.4,5.1,0.0,24,24,2021,7,1,True,True,0.0
2021-07-02,16.658333333333335,25.4,10.2,0.0,24,24,2021,7,2,True,True,0.0
2021-07-03,18.816666666666666,26.4,13.8,0.0,24,24,2021,7,3,True,True,0.0
2021-07-04,16.808333333333334,23.4,12.5,0.0,24,24,2021,7,4,True,True,0.0
2021-07-05,16.904166666666665,24.5,11.9,0.0,24,24,2021,7,5,True,True,0.0
2021-07-06,16.433333333333334,23.1,12.1,0.0,24,24,2021,7,6,True,True,0.0
2021-07-07,16.133333333333333,23.9,11.2,0.0,24,24,2021,7,7,True,True,0.0
2021-07-08,15.975000000000001,23.9,10.4,0.0,24,24,2021,7,8,True,True,0.0
2021-07-09,17.104166666666668,25.5,11.4,0.0,24,24,2021,7,9,True,True,0.0
2021-07-10,18.295833333333334,26.9,12.4,0.0,24,24,2021,7,10,True,True,0.0
2021-07-11,19.229166666666668,26.9,13.5,0.0,24,24,2021,7,11,True,True,0.0
2021-07-12,18.895833333333332,27.0,13.1,0.0,24,24,2021,7,12,True,True,0.0
2021-07-13,19.541666666666668,27.3,14.0,0.0,24,24,2021,7,13,True,True,0.0
2021-07-14,20.075,28.3,14.3,0.0,24,24,2021,7,14,True,True,0.0
2021-07-15,21.304166666666667,29.2,14.4,0.0,24,24,2021,7,15,True,True,0.0
2021-07-16,21.0125,29.0,15.5,0.0,24,24,2021,7,16,True,True,0.0
2021-07-17,19.8,27.9,15.2,0.0,24,24,2021,7,17,True,True,0.0
2021-07-18,18.220833333333335,25.0,11.3,0.0,24,24,2021,7,18,True,True,0.0
2021-07-19,10.4625,20.0,1.6,0.0,24,24,2021,7,19,True,True,0.0
2021-07-20,12.729166666666666,20.7,4.6,0.0,24,24,2021,7,20,True,True,0.0
2021-07-21,15.775,26.7,8.7,0.0,24,24,2021,7,21,True,True,0.0
2021-07-22,18.491666666666667,28.3,11.2,0.0,24,24,2021,7,22,True,True,0.0
2021-07-23,17.875,27.0,10.5,0.0,24,24,2021,7,23,True,True,0.0
2021-07-24,18.9375,26.8,13.2,0.0,24,24,2021,7,24,True,True,0.0
2021-07-25,19.804166666666667,27.9,11.2,0.0,24,24,2021,7,25,True,True,0.0
2021-07-26,21.066666666666666,29.5,13.0,0.0,24,24,2021,7,26,True,True,0.0
2021-07-27,22.175,30.8,14.1,0.0,24,24,2021,7,27,True,True,0.0
2021-07-28,12.766666666666666,19.5,6.3,9.399999999999999,24,24,2021,7,28,True,True,1.0
2021-07-29,,,,,18,18,2021,7,29,False,False,
2021-07-30,9.424999999999999,17.9,2.7,0.0,24,24,2021,7,30,True,True,0.0
2021-07-31,13.6625,21.8,7.9,0.0,24,24,2021,7,31,True,True,0.0
2021-08-01,14.5375,23.0,8.8,0.0,24,24,2021,8,1,True,True,0.0
2021-08-02,16.566666666666666,25.5,10.2,0.0,24,24,2021,8,2,True,True,0.0
2021-08-03,16.220833333333335,23.7,10.3,0.0,24,24,2021,8,3,True,True,0.0
2021-08-04,15.145833333333334,22.8,7.9,0.0,24,24,2021,8,4,True,True,0.0
2021-08-05,17.129166666666666,24.4,12.1,0.0,24,24,2021,8,5,True,True,0.0
2021-08-06,18.733333333333334,25.4,13.2,0.0,24,24,2021,8,6,True,True,0.0
2021-08-07,20.041666666666668,27.0,15.3,0.0,24,24,2021,8,7,True,True,0.0
2021-08-08,20.266666666666666,27.8,14.4,0.0,24,24,2021,8,8,True,True,0.0
2021-08-09,20.845833333333335,29.2,15.0,0.0,24,24,2021,8,9,True,True,0.0
2021-08-10,22.358333333333334,31.0,15.3,0.0,24,24,2021,8,10,True,True,0.0
2021-08-11,21.758333333333336,31.1,15.8,0.0,24,24,2021,8,11,True,True,0.0
2021-08-12,18.291666666666668,25.8,13.5,0.0,24,24,2021,8,12,True,True,0.0
2021-08-13,18.5,27.0,12.5,0.0,24,24,2021,8,13,True,True,0.0
2021-08-14,19.341666666666665,28.3,13.3,0.0,24,24,2021,8,14,True,True,0.0
2021-08-15,21.175,30.8,13.7,0.0,24,24,2021,8,15,True,True,0.0
2021-08-16,22.608333333333334,32.7,17.6,0.0,24,24,2021,8,16,True,True,0.0
2021-08-17,22.875,33.0,15.3,0.0,24,24,2021,8,17,True,True,0.0
2021-08-18,25.629166666666666,33.9,19.2,0.0,24,24,2021,8,18,True,True,0.0
2021-08-19,24.8125,32.1,19.3,0.0,24,24,2021,8,19,True,True,0.0
2021-08-20,24.120833333333334,32.2,18.3,0.0,24,24,2021,8,20,True,True,0.0
2021-08-21,23.6125,30.9,18.4,0.0,24,24,2021,8,21,True,True,0.0
2021-08-22,23.84583333333333,31.9,16.9,0.0,24,24,2021,8,22,True,True,0.0
2021-08-23,24.745833333333334,34.1,17.3,0.0,24,24,2021,8,23,True,True,0.0
2021-08-24,26.108333333333334,34.7,19.4,0.0,24,24,2021,8,24,True,True,0.0
2021-08-25,27.133333333333336,35.6,20.6,0.0,24,24,2021,8,25,True,True,0.0
2021-08-26,25.479166666666668,32.2,18.8,0.0,24,24,2021,8,26,True,True,0.0
2021-08-27,19.783333333333335,24.0,16.4,0.0,24,24,2021,8,27,True,True,0.0
2021-08-28,16.816666666666666,20.6,14.3,12.0,24,24,2021,8,28,True,True,1.0
2021-08-29,18.8,25.6,15.2,0.4,24,24,2021,8,29,True,True,0.0
2021-08-30,20.3625,27.4,15.4,0.0,24,24,2021,8,30,True,True,0.0
2021-08-31,20.837500000000002,28.0,15.4,0.0,24,24,2021,8,31,True,True,0.0
2021-09-01,20.945833333333333,28.9,15.3,0.0,24,24,2021,9,1,True,True,0.0
2021-09-02,21.541666666666668,30.4,14.8,0.0,24,24,2021,9,2,True,True,0.0
2021-09-03,24.1875,32.9,17.5,0.0,24,24,2021,9,3,True,True,0.0
2021-09-04,26.125,35.2,19.4,0.0,24,24,2021,9,4,True,True,0.0
2021-09-05,24.729166666666668,33.9,17.1,0.0,24,24,2021,9,5,True,True,0.0
2021-09-06,25.645833333333332,35.0,18.2,0.0,24,24,2021,9,6,True,True,0.0
2021-09-07,24.337500000000002,34.1,16.9,0.0,24,24,2021,9,7,True,True,0.0
2021-09-08,26.224999999999998,37.0,18.4,0.6,24,24,2021,9,8,True,True,0.0
2021-09-09,22.462500000000002,29.7,19.3,1.2,24,24,2021,9,9,True,True,1.0
2021-09-10,20.545833333333334,28.6,16.9,1.5999999999999999,24,24,2021,9,10,True,True,1.0
2021-09-11,22.59166666666667,31.0,15.6,0.0,24,24,2021,9,11,True,True,0.0
2021-09-12,26.070833333333336,35.6,18.3,0.0,24,24,2021,9,12,True,True,0.0
2021-09-13,28.25,37.2,20.7,0.0,24,24,2021,9,13,True,True,0.0
2021-09-14,25.083333333333332,34.3,19.6,5.2,24,24,2021,9,14,True,True,1.0
2021-09-15,22.545833333333334,29.9,19.0,2.0,24,24,2021,9,15,True,True,1.0
2021-09-16,21.837500000000002,29.6,18.4,0.0,24,24,2021,9,16,True,True,0.0
2021-09-17,23.608333333333334,33.4,17.4,0.0,24,24,2021,9,17,True,True,0.0
2021-09-18,25.291666666666668,35.5,17.2,0.0,24,24,2021,9,18,True,True,0.0
2021-09-19,28.25,37.1,20.8,0.0,24,24,2021,9,19,True,True,0.0
2021-09-20,28.733333333333334,38.4,20.6,0.0,24,24,2021,9,20,True,True,0.0
2021-09-21,30.1375,39.7,20.2,0.0,24,24,2021,9,21,True,True,0.0
2021-09-22,19.1125,25.0,14.9,0.0,24,24,2021,9,22,True,True,0.0
2021-09-23,19.783333333333335,29.2,13.4,0.0,24,24,2021,9,23,True,True,0.0
2021-09-24,22.145833333333332,32.8,12.4,0.0,24,24,2021,9,24,True,True,0.0
2021-09-25,23.587500000000002,32.6,16.5,0.0,24,24,2021,9,25,True,True,0.0
2021-09-26,22.870833333333334,34.5,17.0,1.2,24,24,2021,9,26,True,True,1.0
2021-09-27,23.891666666666666,32.7,16.8,1.0,24,24,2021,9,27,True,True,1.0
2021-09-28,26.849999999999998,35.3,19.5,0.0,24,24,2021,9,28,True,True,0.0
2021-09-29,27.629166666666666,36.1,22.8,0.0,24,24,2021,9,29,True,True,0.0
2021-09-30,24.308333333333334,33.3,17.8,0.0,24,24,2021,9,30,True,True,0.0
2021-10-01,20.825,31.5,16.9,0.4,24,24,2021,10,1,True,True,0.0
2021-10-02,19.983333333333334,23.8,17.8,1.4,24,24,2021,10,2,True,True,1.0
2021-10-03,21.191666666666666,34.5,17.2,17.2,24,24,2021,10,3,True,True,1.0
2021-10-04,20.704166666666666,29.3,16.8,1.0,24,24,2021,10,4,True,True,1.0
2021-10-05,22.883333333333336,31.2,18.1,0.0,24,24,2021,10,5,True,True,0.0
2021-10-06,24.4875,34.7,16.6,0.0,24,24,2021,10,6,True,True,0.0
2021-10-07,21.508333333333336,25.5,17.8,5.0,24,24,2021,10,7,True,True,1.0
2021-10-08,21.808333333333334,30.0,15.6,0.0,24,24,2021,10,8,True,True,0.0
2021-10-09,21.229166666666668,29.0,16.1,4.4,24,24,2021,10,9,True,True,1.0
2021-10-10,18.033333333333335,21.8,16.0,3.2,24,24,2021,10,10,True,True,1.0
2021-10-11,20.933333333333334,27.6,16.6,0.0,24,24,2021,10,11,True,True,0.0
2021-10-12,22.991666666666664,31.3,16.4,0.0,24,24,2021,10,12,True,True,0.0
2021-10-13,23.995833333333334,33.3,16.5,0.0,24,24,2021,10,13,True,True,0.0
2021-10-14,21.0,26.1,18.4,1.2,24,24,2021,10,14,True,True,1.0
2021-10-15,23.25,31.9,17.9,32.199999999999996,24,24,2021,10,15,True,True,1.0
2021-10-16,22.854166666666668,29.1,18.9,0.4,24,24,2021,10,16,True,True,0.0
2021-10-17,21.84583333333333,28.1,18.0,0.0,24,24,2021,10,17,True,True,0.0
2021-10-18,19.441666666666666,24.0,16.2,11.4,24,24,2021,10,18,True,True,1.0
2021-10-19,18.741666666666667,24.3,15.6,1.6,24,24,2021,10,19,True,True,1.0
2021-10-20,18.287499999999998,26.3,11.9,0.0,24,24,2021,10,20,True,True,0.0
2021-10-21,19.729166666666668,28.3,13.2,0.0,24,24,2021,10,21,True,True,0.0
2021-10-22,21.47083333333333,30.3,13.6,0.0,24,24,2021,10,22,True,True,0.0
2021-10-23,25.441666666666666,35.0,15.9,0.0,24,24,2021,10,23,True,True,0.0
2021-10-24,19.95,26.8,17.1,36.8,24,24,2021,10,24,True,True,1.0
2021-10-25,21.495833333333334,28.0,16.4,0.0,24,24,2021,10,25,True,True,0.0
2021-10-26,23.712500000000002,32.4,16.9,0.0,24,24,2021,10,26,True,True,0.0
2021-10-27,22.770833333333332,30.3,18.9,0.4,24,24,2021,10,27,True,True,0.0
2021-10-28,23.766666666666666,28.9,20.4,0.0,24,24,2021,10,28,True,True,0.0
2021-10-29,24.058333333333334,32.0,18.2,0.0,24,24,2021,10,29,True,True,0.0
2021-10-30,23.920833333333334,32.1,18.0,0.0,24,24,2021,10,30,True,True,0.0
2021-10-31,20.175,22.8,18.2,0.8,24,24,2021,10,31,True,True,0.0
2021-11-01,21.483333333333334,27.8,16.6,0.2,24,24,2021,11,1,True,True,0.0
2021-11-02,22.933333333333334,30.7,16.7,0.0,24,24,2021,11,2,True,True,0.0
2021-11-03,23.679166666666664,32.7,17.4,0.0,24,24,2021,11,3,True,True,0.0
2021-11-04,25.6125,35.1,17.0,0.0,24,24,2021,11,4,True,True,0.0
2021-11-05,27.425,35.8,21.0,0.0,24,24,2021,11,5,True,True,0.0
2021-11-06,26.3125,34.4,19.5,0.0,24,24,2021,11,6,True,True,0.0
2021-11-07,25.566666666666666,34.7,18.2,0.0,24,24,2021,11,7,True,True,0.0
2021-11-08,23.71666666666667,34.2,17.5,0.0,24,24,2021,11,8,True,True,0.0
2021-11-09,24.587500000000002,33.7,18.3,0.0,24,24,2021,11,9,True,True,0.0
2021-11-10,23.849999999999998,34.1,16.8,0.8,24,24,2021,11,10,True,True,0.0
2021-11-11,20.558333333333334,24.7,18.1,0.0,24,24,2021,11,11,True,True,0.0
2021-11-12,21.108333333333334,28.0,16.2,0.0,24,24,2021,11,12,True,True,0.0
2021-11-13,19.879166666666666,27.9,13.6,0.0,24,24,2021,11,13,True,True,0.0
2021-11-14,22.579166666666666,33.3,14.2,0.0,24,24,2021,11,14,True,True,0.0
2021-11-15,24.1875,33.1,16.2,0.0,24,24,2021,11,15,True,True,0.0
2021-11-16,25.3,33.2,18.0,0.0,24,24,2021,11,16,True,True,0.0
2021-11-17,26.770833333333332,33.6,20.1,0.0,24,24,2021,11,17,True,True,0.0
2021-11-18,21.849999999999998,27.4,19.2,31.599999999999998,24,24,2021,11,18,True,True,1.0
2021-11-19,22.65416666666667,27.7,20.2,15.4,24,24,2021,11,19,True,True,1.0
2021-11-20,22.820833333333336,29.9,18.0,0.0,24,24,2021,11,20,True,True,0.0
2021-11-21,21.929166666666664,31.5,14.3,0.0,24,24,2021,11,21,True,True,0.0
2021-11-22,23.254166666666666,34.4,13.0,0.0,24,24,2021,11,22,True,True,0.0
2021-11-23,26.537499999999998,35.9,18.6,0.0,24,24,2021,11,23,True,True,0.0
2021-11-24,25.729166666666668,33.0,19.2,0.0,24,24,2021,11,24,True,True,0.0
2021-11-25,25.8625,34.8,18.6,0.4,24,24,2021,11,25,True,True,0.0
2021-11-26,21.1125,26.7,19.5,66.39999999999999,24,24,2021,11,26,True,True,1.0
2021-11-27,24.4875,31.1,20.2,0.0,24,24,2021,11,27,True,True,0.0
2021-11-28,25.516666666666666,33.2,18.0,0.0,24,24,2021,11,28,True,True,0.0
2021-11-29,24.879166666666666,32.3,19.3,25.200000000000003,24,24,2021,11,29,True,True,1.0
2021-11-30,22.34166666666667,29.1,20.2,24.200000000000003,24,24,2021,11,30,True,True,1.0
2021-12-01,25.025000000000002,32.3,20.3,0.0,24,24,2021,12,1,True,True,0.0
2021-12-02,24.55,32.9,18.7,0.0,24,24,2021,12,2,True,True,0.0
2021-12-03,24.179166666666664,31.8,18.6,0.0,24,24,2021,12,3,True,True,0.0
2021-12-04,24.150000000000002,32.7,17.6,0.0,24,24,2021,12,4,True,True,0.0
2021-12-05,24.370833333333334,33.2,18.0,0.0,24,24,2021,12,5,True,True,0.0
2021-12-06,23.241666666666664,31.3,19.2,6.6,24,24,2021,12,6,True,True,1.0
2021-12-07,20.770833333333332,26.3,16.6,0.2,24,24,2021,12,7,True,True,0.0
2021-12-08,20.958333333333332,27.7,15.5,0.0,24,24,2021,12,8,True,True,0.0
2021-12-09,21.0625,29.7,13.8,0.0,24,24,2021,12,9,True,True,0.0
2021-12-10,22.3625,31.4,14.7,0.0,24,24,2021,12,10,True,True,0.0
2021-12-11,24.7625,33.7,16.0,0.0,24,24,2021,12,11,True,True,0.0
2021-12-12,26.954166666666666,35.1,20.5,0.0,24,24,2021,12,12,True,True,0.0
2021-12-13,24.704166666666666,31.5,21.7,1.5999999999999999,24,24,2021,12,13,True,True,1.0
2021-12-14,22.929166666666664,26.7,20.4,46.400000000000006,24,24,2021,12,14,True,True,1.0
2021-12-15,22.573913043478264,26.5,21.5,17.0,23,23,2021,12,15,True,True,1.0
2021-12-16,23.287499999999998,29.3,21.5,13.8,24,24,2021,12,16,True,True,1.0
2021-12-17,23.333333333333332,29.7,21.3,12.0,24,24,2021,12,17,True,True,1.0
2021-12-18,23.879166666666666,29.8,20.1,0.2,24,24,2021,12,18,True,True,0.0
2021-12-19,22.84166666666667,29.9,17.6,0.0,24,24,2021,12,19,True,True,0.0
2021-12-20,22.916666666666668,31.4,15.1,0.0,24,24,2021,12,20,True,True,0.0
2021-12-21,25.1375,33.2,18.4,0.0,24,24,2021,12,21,True,True,0.0
2021-12-22,27.425,34.7,20.6,0.0,24,24,2021,12,22,True,True,0.0
2021-12-23,23.662499999999998,28.5,18.7,0.0,24,24,2021,12,23,True,True,0.0
2021-12-24,21.837500000000002,29.1,14.7,0.0,24,24,2021,12,24,True,True,0.0
2021-12-25,22.21666666666667,31.1,15.4,0.0,24,24,2021,12,25,True,True,0.0
2021-12-26,25.141666666666666,33.6,18.0,0.0,24,24,2021,12,26,True,True,0.0
2021-12-27,26.65833333333333,35.0,19.5,0.0,24,24,2021,12,27,True,True,0.0
2021-12-28,23.90416666666667,35.1,18.7,15.000000000000002,24,24,2021,12,28,True,True,1.0
2021-12-29,23.541666666666668,30.5,18.6,15.6,24,24,2021,12,29,True,True,1.0
2021-12-30,20.645833333333332,25.9,18.9,15.2,24,24,2021,12,30,True,True,1.0
2021-12-31,22.808333333333334,29.8,18.7,13.600000000000001,24,24,2021,12,31,True,True,1.0
2022-01-01,22.870833333333334,29.0,19.3,0.2,24,24,2022,1,1,True,True,0.0
2022-01-02,23.795833333333334,29.4,20.1,6.0,24,24,2022,1,2,True,True,1.0
2022-01-03,24.954166666666666,31.9,20.1,6.6000000000000005,24,24,2022,1,3,True,True,1.0
2022-01-04,22.733333333333334,27.5,20.7,18.6,24,24,2022,1,4,True,True,1.0
2022-01-05,23.175,28.8,20.7,9.6,24,24,2022,1,5,True,True,1.0
2022-01-06,22.4375,30.2,19.2,5.2,24,24,2022,1,6,True,True,1.0
2022-01-07,21.75,26.9,18.8,1.8000000000000003,24,24,2022,1,7,True,True,1.0
2022-01-08,21.787499999999998,28.1,16.8,0.0,24,24,2022,1,8,True,True,0.0
2022-01-09,20.974999999999998,26.5,17.8,0.0,24,24,2022,1,9,True,True,0.0
2022-01-10,21.212500000000002,28.0,16.3,0.0,24,24,2022,1,10,True,True,0.0
2022-01-11,21.6375,27.7,17.2,27.799999999999997,24,24,2022,1,11,True,True,1.0
2022-01-12,23.195833333333336,30.0,19.5,10.599999999999998,24,24,2022,1,12,True,True,1.0
2022-01-13,23.866666666666664,30.8,19.9,9.2,24,24,2022,1,13,True,True,1.0
2022-01-14,25.370833333333334,33.6,19.8,5.000000000000001,24,24,2022,1,14,True,True,1.0
2022-01-15,25.44347826086957,34.1,21.9,1.4,23,23,2022,1,15,True,True,1.0
2022-01-16,22.022727272727273,27.8,20.1,3.6,22,22,2022,1,16,True,True,1.0
2022-01-17,,,,,19,19,2022,1,17,False,False,
2022-01-18,24.46666666666667,33.0,23.2,1.8000000000000003,24,24,2022,1,18,True,True,1.0
2022-01-19,,,,,16,16,2022,1,19,False,False,
2022-01-20,,,,,16,16,2022,1,20,False,False,
2022-01-21,26.09583333333333,33.6,24.5,1.0,24,24,2022,1,21,True,True,1.0
2022-01-22,,,,,21,21,2022,1,22,False,False,
2022-01-23,27.175,35.0,21.4,0.2,24,24,2022,1,23,True,True,0.0
2022-01-24,,,,,17,17,2022,1,24,False,False,
2022-01-25,25.912499999999998,32.9,21.4,0.0,24,24,2022,1,25,True,True,0.0
2022-01-26,26.25,32.9,23.1,0.0,22,22,2022,1,26,True,True,0.0
2022-01-27,,,,,18,18,2022,1,27,False,False,
2022-01-28,23.009090909090908,29.6,21.0,7.0,22,22,2022,1,28,True,True,1.0
2022-01-29,21.436363636363637,24.4,20.2,5.6,22,23,2022,1,29,True,True,1.0
2022-01-30,,,,,15,16,2022,1,30,False,False,
2022-01-31,,,,,16,16,2022,1,31,False,False,
2022-02-01,,,,,21,21,2022,2,1,False,False,
2022-02-02,,,,,15,19,2022,2,2,False,False,
2022-02-03,,,,,16,16,2022,2,3,False,False,
2022-02-04,23.933333333333334,30.3,21.1,2.6000000000000005,24,24,2022,2,4,True,True,1.0
2022-02-05,,,,,17,16,2022,2,5,False,False,
2022-02-06,,,,,21,21,2022,2,6,False,False,
2022-02-07,24.183333333333334,30.4,20.7,1.8,24,24,2022,2,7,True,True,1.0
2022-02-08,23.65833333333333,31.1,17.8,1.4000000000000001,24,24,2022,2,8,True,True,1.0
2022-02-09,,,,,20,20,2022,2,9,False,False,
2022-02-10,,,,,19,19,2022,2,10,False,False,
2022-02-11,,,,,17,17,2022,2,11,False,False,
2022-02-12,,,,,16,16,2022,2,12,False,False,
2022-02-13,,,,,17,17,2022,2,13,False,False,
2022-02-14,,,,,14,14,2022,2,14,False,False,
2022-02-15,,,,,15,15,2022,2,15,False,False,
2022-02-16,,,,,12,12,2022,2,16,False,False,
2022-02-17,,,,,12,12,2022,2,17,False,False,
2022-02-18,,,,,12,12,2022,2,18,False,False,
2022-02-19,,,,,12,12,2022,2,19,False,False,
2022-02-20,,,,,11,11,2022,2,20,False,False,
2022-02-21,,,,,8,10,2022,2,21,False,False,
2022-02-22,,,,,10,10,2022,2,22,False,False,
2022-02-23,,,,,9,9,2022,2,23,False,False,
2022-02-24,,,,,9,9,2022,2,24,False,False,
2022-02-25,,,,,10,10,2022,2,25,False,False,
2022-02-26,,,,,10,10,2022,2,26,False,False,
2022-02-27,,,,,9,9,2022,2,27,False,False,
2022-02-28,,,,,10,10,2022,2,28,False,False,
2022-03-01,,,,,8,8,2022,3,1,False,False,
2022-03-02,,,,,9,9,2022,3,2,False,False,
2022-03-03,,,,,10,10,2022,3,3,False,False,
2022-03-04,,,,,12,12,2022,3,4,False,False,
2022-03-05,,,,,11,11,2022,3,5,False,False,
2022-03-06,,,,,14,14,2022,3,6,False,False,
2022-03-07,,,,,12,12,2022,3,7,False,False,
2022-03-08,,,,,16,16,2022,3,8,False,False,
2022-03-09,,,,,15,15,2022,3,9,False,False,
2022-03-10,,,,,16,16,2022,3,10,False,False,
2022-03-11,,,,,17,17,2022,3,11,False,False,
2022-03-12,,,,,14,14,2022,3,12,False,False,
2022-03-13,,,,,12,12,2022,3,13,False,False,
2022-03-14,,,,,11,12,2022,3,14,False,False,
2022-03-15,,,,,12,12,2022,3,15,False,False,
2022-03-16,,,,,12,12,2022,3,16,False,False,
2022-03-17,,,,,12,12,2022,3,17,False,False,
2022-03-18,,,,,10,10,2022,3,18,False,False,
2022-03-19,,,,,9,9,2022,3,19,False,False,
2022-03-20,,,,,12,12,2022,3,20,False,False,
2022-03-21,,,,,11,11,2022,3,21,False,False,
2022-03-22,,,,,10,11,2022,3,22,False,False,
2022-03-23,,,,,11,11,2022,3,23,False,False,
2022-03-24,,,,,10,11,2022,3,24,False,False,
2022-03-25,,,,,11,11,2022,3,25,False,False,
2022-03-26,,,,,10,11,2022,3,26,False,False,
2022-03-27,,,,,7,7,2022,3,27,False,False,
2022-03-28,,,,,11,11,2022,3,28,False,False,
2022-03-29,,,,,11,11,2022,3,29,False,False,
2022-03-30,,,,,10,11,2022,3,30,False,False,
2022-03-31,,,,,10,10,2022,3,31,False,False,
2022-04-01,,,,,8,8,2022,4,1,False,False,
2022-04-02,,,,,10,10,2022,4,2,False,False,
2022-04-03,,,,,11,11,2022,4,3,False,False,
2022-04-04,,,,,10,11,2022,4,4,False,False,
2022-04-05,,,,,10,10,2022,4,5,False,False,
2022-04-06,,,,,11,11,2022,4,6,False,False,
2022-04-07,,,,,11,11,2022,4,7,False,False,
2022-04-08,,,,,10,11,2022,4,8,False,False,
2022-04-09,,,,,12,12,2022,4,9,False,False,
2022-04-10,,,,,10,10,2022,4,10,False,False,
2022-04-11,,,,,10,10,2022,4,11,False,False,
2022-04-12,,,,,9,10,2022,4,12,False,False,
2022-04-13,,,,,8,8,2022,4,13,False,False,
2022-04-14,,,,,10,10,2022,4,14,False,False,
2022-04-15,,,,,10,10,2022,4,15,False,False,
2022-04-16,,,,,10,10,2022,4,16,False,False,
2022-04-17,,,,,9,9,2022,4,17,False,False,
2022-04-18,,,,,9,9,2022,4,18,False,False,
2022-04-19,,,,,9,9,2022,4,19,False,False,
2022-04-20,,,,,9,9,2022,4,20,False,False,
2022-04-21,,,,,9,9,2022,4,21,False,False,
2022-04-22,,,,,9,9,2022,4,22,False,False,
2022-04-23,,,,,8,8,2022,4,23,False,False,
2022-04-24,,,,,8,8,2022,4,24,False,False,
2022-04-25,,,,,8,8,2022,4,25,False,False,
2022-04-26,,,,,9,9,2022,4,26,False,False,
2022-04-27,,,,,16,16,2022,4,27,False,False,
2022-04-28,24.724999999999998,31.7,19.3,0.0,24,24,2022,4,28,True,True,0.0
2022-04-29,23.858333333333334,30.8,19.0,0.0,24,24,2022,4,29,True,True,0.0
2022-04-30,22.370833333333334,28.1,17.9,0.0,24,24,2022,4,30,True,True,0.0
2022-05-01,21.208333333333332,25.6,18.3,0.0,24,24,2022,5,1,True,True,0.0
2022-05-02,24.275000000000002,31.2,19.9,0.0,24,24,2022,5,2,True,True,0.0
2022-05-03,24.570833333333336,31.3,19.0,0.0,24,24,2022,5,3,True,True,0.0
2022-05-04,17.0,22.9,12.4,4.4,24,24,2022,5,4,True,True,1.0
2022-05-05,14.820833333333333,21.1,11.1,0.0,24,24,2022,5,5,True,True,0.0
2022-05-06,18.175,24.8,13.3,0.0,24,24,2022,5,6,True,True,0.0
2022-05-07,18.216666666666665,26.0,12.1,0.0,24,24,2022,5,7,True,True,0.0
2022-05-08,19.5,26.3,13.9,0.0,24,24,2022,5,8,True,True,0.0
2022-05-09,20.570833333333333,27.6,15.7,0.0,24,24,2022,5,9,True,True,0.0
2022-05-10,20.599999999999998,27.7,15.5,0.0,24,24,2022,5,10,True,True,0.0
2022-05-11,19.962500000000002,25.4,17.3,3.8,24,24,2022,5,11,True,True,1.0
2022-05-12,18.224999999999998,24.8,15.2,0.0,24,24,2022,5,12,True,True,0.0
2022-05-13,18.891666666666666,26.2,14.3,0.0,24,24,2022,5,13,True,True,0.0
2022-05-14,19.8875,27.5,14.7,0.6,24,24,2022,5,14,True,True,0.0
2022-05-15,19.020833333333332,22.5,17.1,10.2,24,24,2022,5,15,True,True,1.0
2022-05-16,17.974999999999998,23.3,14.9,0.0,24,24,2022,5,16,True,True,0.0
2022-05-17,12.254166666666668,16.9,8.0,0.0,24,24,2022,5,17,True,True,0.0
2022-05-18,8.579166666666667,12.3,5.5,0.0,24,24,2022,5,18,True,True,0.0
2022-05-19,10.6625,19.0,5.3,0.0,24,24,2022,5,19,True,True,0.0
2022-05-20,12.520833333333334,19.4,6.5,0.0,24,24,2022,5,20,True,True,0.0
2022-05-21,14.15,22.4,8.3,0.0,24,24,2022,5,21,True,True,0.0
2022-05-22,15.804166666666667,24.2,9.6,0.0,24,24,2022,5,22,True,True,0.0
2022-05-23,17.733333333333334,26.1,12.0,0.0,24,24,2022,5,23,True,True,0.0
2022-05-24,19.433333333333334,27.0,13.5,0.0,24,24,2022,5,24,True,True,0.0
2022-05-25,19.166666666666668,26.8,14.4,0.0,24,24,2022,5,25,True,True,0.0
2022-05-26,18.808333333333334,25.4,14.1,0.0,24,24,2022,5,26,True,True,0.0
2022-05-27,19.270833333333332,27.1,13.2,0.0,24,24,2022,5,27,True,True,0.0
2022-05-28,20.358333333333334,27.6,15.3,0.0,24,24,2022,5,28,True,True,0.0
2022-05-29,21.3875,28.4,15.4,0.0,24,24,2022,5,29,True,True,0.0
2022-05-30,21.020833333333332,28.3,17.0,13.0,24,24,2022,5,30,True,True,1.0
2022-05-31,18.275000000000002,19.8,17.3,0.6000000000000001,24,24,2022,5,31,True,True,0.0
2022-06-01,18.991666666666667,24.9,15.5,38.6,24,24,2022,6,1,True,True,1.0
2022-06-02,20.875,28.4,16.9,7.6,24,24,2022,6,2,True,True,1.0
2022-06-03,17.941666666666666,21.2,15.1,0.0,24,24,2022,6,3,True,True,0.0
2022-06-04,17.345833333333335,22.8,13.6,0.0,24,24,2022,6,4,True,True,0.0
2022-06-05,18.404166666666665,25.2,13.6,0.0,24,24,2022,6,5,True,True,0.0
2022-06-06,20.162499999999998,26.3,15.1,0.0,24,24,2022,6,6,True,True,0.0
2022-06-07,20.241666666666667,27.3,15.3,0.0,24,24,2022,6,7,True,True,0.0
2022-06-08,19.708333333333332,25.5,16.2,0.0,24,24,2022,6,8,True,True,0.0
2022-06-09,18.395833333333332,21.7,15.8,1.0,24,24,2022,6,9,True,True,1.0
2022-06-10,18.025000000000002,22.7,15.6,4.6000000000000005,24,24,2022,6,10,True,True,1.0
2022-06-11,15.591666666666667,20.8,11.3,0.0,24,24,2022,6,11,True,True,0.0
2022-06-12,12.654166666666667,20.0,7.2,0.0,24,24,2022,6,12,True,True,0.0
2022-06-13,12.191666666666668,19.8,6.9,0.0,24,24,2022,6,13,True,True,0.0
2022-06-14,14.158333333333333,20.7,9.1,0.0,24,24,2022,6,14,True,True,0.0
2022-06-15,15.9375,23.3,11.4,0.0,24,24,2022,6,15,True,True,0.0
2022-06-16,19.208333333333332,26.9,13.1,0.0,24,24,2022,6,16,True,True,0.0
2022-06-17,20.658333333333335,28.4,15.0,7.8,24,24,2022,6,17,True,True,1.0
2022-06-18,18.066666666666666,22.8,14.2,8.8,24,24,2022,6,18,True,True,1.0
2022-06-19,16.525000000000002,21.9,13.7,0.0,24,24,2022,6,19,True,True,0.0
2022-06-20,17.083333333333332,22.7,14.3,1.0,24,24,2022,6,20,True,True,1.0
2022-06-21,19.729166666666668,27.3,14.5,0.0,24,24,2022,6,21,True,True,0.0
2022-06-22,20.95,27.6,15.8,0.0,24,24,2022,6,22,True,True,0.0
2022-06-23,20.5,27.8,15.7,0.0,24,24,2022,6,23,True,True,0.0
2022-06-24,20.483333333333334,27.1,15.2,0.0,24,24,2022,6,24,True,True,0.0
2022-06-25,20.0625,27.6,14.5,0.0,24,24,2022,6,25,True,True,0.0
2022-06-26,17.520833333333332,22.5,14.1,0.0,24,24,2022,6,26,True,True,0.0
2022-06-27,16.866666666666667,24.2,11.8,0.0,24,24,2022,6,27,True,True,0.0
2022-06-28,18.3125,25.7,13.1,0.0,24,24,2022,6,28,True,True,0.0
2022-06-29,19.2375,26.5,14.2,0.0,24,24,2022,6,29,True,True,0.0
2022-06-30,18.408333333333335,25.3,13.1,0.0,24,24,2022,6,30,True,True,0.0
2022-07-01,18.420833333333334,25.9,11.6,0.0,24,24,2022,7,1,True,True,0.0
2022-07-02,20.466666666666665,28.1,15.0,0.0,24,24,2022,7,2,True,True,0.0
2022-07-03,21.079166666666666,28.3,15.6,0.0,24,24,2022,7,3,True,True,0.0
2022-07-04,19.9375,27.3,15.2,0.0,24,24,2022,7,4,True,True,0.0
2022-07-05,19.462500000000002,26.2,15.2,0.0,24,24,2022,7,5,True,True,0.0
2022-07-06,18.983333333333334,25.9,14.4,0.0,24,24,2022,7,6,True,True,0.0
2022-07-07,20.6125,28.2,15.1,0.0,24,24,2022,7,7,True,True,0.0
2022-07-08,20.67083333333333,27.8,14.7,0.0,24,24,2022,7,8,True,True,0.0
2022-07-09,19.654166666666665,26.5,15.2,0.0,24,24,2022,7,9,True,True,0.0
2022-07-10,19.474999999999998,26.9,13.8,0.0,24,24,2022,7,10,True,True,0.0
2022-07-11,20.141666666666666,27.4,15.4,0.0,24,24,2022,7,11,True,True,0.0
2022-07-12,20.25,27.1,15.7,0.0,24,24,2022,7,12,True,True,0.0
2022-07-13,18.704166666666666,23.5,16.4,1.0,24,24,2022,7,13,True,True,1.0
2022-07-14,20.120833333333334,27.4,14.5,0.0,24,24,2022,7,14,True,True,0.0
2022-07-15,21.629166666666666,29.3,16.2,0.0,24,24,2022,7,15,True,True,0.0
2022-07-16,21.945833333333336,29.0,15.9,0.0,24,24,2022,7,16,True,True,0.0
2022-07-17,23.058333333333334,30.1,16.9,0.0,24,24,2022,7,17,True,True,0.0
2022-07-18,20.741666666666667,28.6,16.0,0.0,24,24,2022,7,18,True,True,0.0
2022-07-19,20.816666666666666,28.4,16.3,0.0,24,24,2022,7,19,True,True,0.0
2022-07-20,20.658333333333335,27.3,15.7,0.0,24,24,2022,7,20,True,True,0.0
2022-07-21,20.1875,28.1,14.5,0.0,24,24,2022,7,21,True,True,0.0
2022-07-22,20.8125,28.5,14.7,0.0,24,24,2022,7,22,True,True,0.0
2022-07-23,21.3125,29.4,16.1,0.0,24,24,2022,7,23,True,True,0.0
2022-07-24,20.8625,29.3,14.7,0.0,24,24,2022,7,24,True,True,0.0
2022-07-25,21.033333333333335,28.9,15.5,0.0,24,24,2022,7,25,True,True,0.0
2022-07-26,21.2,28.9,15.0,0.0,24,24,2022,7,26,True,True,0.0
2022-07-27,19.991666666666667,28.2,14.1,0.0,24,24,2022,7,27,True,True,0.0
2022-07-28,21.741666666666664,29.1,15.9,0.0,24,24,2022,7,28,True,True,0.0
2022-07-29,19.283333333333335,24.3,14.2,0.0,24,24,2022,7,29,True,True,0.0
2022-07-30,15.700000000000001,23.8,8.5,0.0,24,24,2022,7,30,True,True,0.0
2022-07-31,16.891666666666666,26.6,9.2,0.0,24,24,2022,7,31,True,True,0.0
2022-08-01,20.375,30.0,14.7,0.0,24,24,2022,8,1,True,True,0.0
2022-08-02,22.037499999999998,29.9,15.7,0.0,24,24,2022,8,2,True,True,0.0
2022-08-03,22.804166666666664,31.0,16.5,0.0,24,24,2022,8,3,True,True,0.0
2022-08-04,23.183333333333334,31.1,16.7,0.0,24,24,2022,8,4,True,True,0.0
2022-08-05,23.40833333333333,30.8,17.7,0.0,24,24,2022,8,5,True,True,0.0
2022-08-06,20.054166666666667,27.0,14.9,0.0,24,24,2022,8,6,True,True,0.0
2022-08-07,18.479166666666668,22.0,15.5,0.0,24,24,2022,8,7,True,True,0.0
2022-08-08,17.958333333333332,22.5,15.4,4.8,24,24,2022,8,8,True,True,1.0
2022-08-09,18.108333333333334,20.4,16.4,15.8,24,24,2022,8,9,True,True,1.0
2022-08-10,13.358333333333334,17.5,10.8,1.2000000000000002,24,24,2022,8,10,True,True,1.0
2022-08-11,13.420833333333334,20.6,7.3,0.0,24,24,2022,8,11,True,True,0.0
2022-08-12,16.508333333333333,23.9,10.7,0.0,24,24,2022,8,12,True,True,0.0
2022-08-13,18.870833333333334,28.2,12.2,0.0,24,24,2022,8,13,True,True,0.0
2022-08-14,21.291666666666668,30.9,14.4,0.0,24,24,2022,8,14,True,True,0.0
2022-08-15,22.816666666666666,30.5,16.8,0.0,24,24,2022,8,15,True,True,0.0
2022-08-16,23.15416666666667,31.6,16.8,0.0,24,24,2022,8,16,True,True,0.0
2022-08-17,17.929166666666667,19.6,16.7,2.2,24,24,2022,8,17,True,True,1.0
2022-08-18,17.099999999999998,19.5,15.3,0.0,24,24,2022,8,18,True,True,0.0
2022-08-19,13.358333333333334,16.8,9.0,1.4000000000000001,24,24,2022,8,19,True,True,1.0
2022-08-20,13.933333333333332,20.3,8.1,0.0,24,24,2022,8,20,True,True,0.0
2022-08-21,15.066666666666668,20.6,11.7,2.0,24,24,2022,8,21,True,True,1.0
2022-08-22,17.5,25.8,11.5,0.0,24,24,2022,8,22,True,True,0.0
2022-08-23,17.954166666666666,26.8,11.4,0.0,24,24,2022,8,23,True,True,0.0
2022-08-24,19.508333333333333,29.0,12.6,0.0,24,24,2022,8,24,True,True,0.0
2022-08-25,20.833333333333332,29.4,14.9,0.0,24,24,2022,8,25,True,True,0.0
2022-08-26,22.629166666666666,30.8,17.6,0.0,24,24,2022,8,26,True,True,0.0
2022-08-27,23.391666666666666,31.7,17.0,0.0,24,24,2022,8,27,True,True,0.0
2022-08-28,24.45,33.2,17.2,0.0,24,24,2022,8,28,True,True,0.0
2022-08-29,16.320833333333333,22.0,11.5,0.0,24,24,2022,8,29,True,True,0.0
2022-08-30,15.579166666666666,22.3,11.1,0.0,24,24,2022,8,30,True,True,0.0
2022-08-31,18.020833333333332,26.0,11.9,0.0,24,24,2022,8,31,True,True,0.0
2022-09-01,19.412499999999998,28.8,11.7,0.0,24,24,2022,9,1,True,True,0.0
2022-09-02,23.224999999999998,31.3,16.4,0.0,24,24,2022,9,2,True,True,0.0
2022-09-03,23.0625,32.7,16.0,0.0,24,24,2022,9,3,True,True,0.0
2022-09-04,16.495833333333334,23.3,12.1,0.0,24,24,2022,9,4,True,True,0.0
2022-09-05,17.195833333333333,26.4,12.7,0.0,24,24,2022,9,5,True,True,0.0
2022-09-06,17.916666666666668,23.3,13.9,1.4,24,24,2022,9,6,True,True,1.0
2022-09-07,18.441666666666666,24.0,15.0,1.4000000000000001,24,24,2022,9,7,True,True,1.0
2022-09-08,23.629166666666666,32.3,16.9,0.0,24,24,2022,9,8,True,True,0.0
2022-09-09,26.858333333333334,34.9,19.3,0.0,24,24,2022,9,9,True,True,0.0
2022-09-10,26.879166666666666,34.5,20.2,0.0,24,24,2022,9,10,True,True,0.0
2022-09-11,20.041666666666668,27.6,14.3,0.0,24,24,2022,9,11,True,True,0.0
2022-09-12,19.233333333333334,27.7,13.0,0.0,24,24,2022,9,12,True,True,0.0
2022-09-13,21.325,30.7,16.3,0.2,24,24,2022,9,13,True,True,0.0
2022-09-14,18.554166666666667,21.5,16.3,15.0,24,24,2022,9,14,True,True,1.0
2022-09-15,16.575,18.7,15.3,3.6,24,24,2022,9,15,True,True,1.0
2022-09-16,17.916666666666668,24.7,13.6,0.0,24,24,2022,9,16,True,True,0.0
2022-09-17,17.008333333333333,24.7,12.0,0.0,24,24,2022,9,17,True,True,0.0
2022-09-18,18.766666666666666,28.2,11.7,0.0,24,24,2022,9,18,True,True,0.0
2022-09-19,21.166666666666668,32.4,12.5,0.0,24,24,2022,9,19,True,True,0.0
2022-09-20,21.329166666666666,28.3,15.4,0.2,24,24,2022,9,20,True,True,0.0
2022-09-21,19.020833333333332,22.9,16.3,15.0,24,24,2022,9,21,True,True,1.0
2022-09-22,18.533333333333335,20.8,16.1,5.0,24,24,2022,9,22,True,True,1.0
2022-09-23,16.283333333333335,23.3,10.0,0.0,24,24,2022,9,23,True,True,0.0
2022-09-24,17.883333333333333,26.6,10.2,0.0,24,24,2022,9,24,True,True,0.0
2022-09-25,19.470833333333335,29.7,12.4,0.0,24,24,2022,9,25,True,True,0.0
2022-09-26,16.6875,19.0,14.7,7.2,24,24,2022,9,26,True,True,1.0
2022-09-27,19.20416666666667,24.4,15.5,1.7999999999999998,24,24,2022,9,27,True,True,1.0
2022-09-28,16.566666666666666,18.7,13.8,19.400000000000002,24,24,2022,9,28,True,True,1.0
2022-09-29,17.391666666666666,22.4,13.9,0.0,24,24,2022,9,29,True,True,0.0
2022-09-30,16.0,18.0,14.7,2.2,24,24,2022,9,30,True,True,1.0
2022-10-01,20.754166666666666,29.1,15.1,0.0,24,24,2022,10,1,True,True,0.0
2022-10-02,21.8875,29.5,16.9,0.0,24,24,2022,10,2,True,True,0.0
2022-10-03,18.829166666666666,24.6,15.5,0.0,24,24,2022,10,3,True,True,0.0
2022-10-04,21.770833333333332,29.9,16.3,0.0,24,24,2022,10,4,True,True,0.0
2022-10-05,23.47083333333333,32.3,15.8,0.0,24,24,2022,10,5,True,True,0.0
2022-10-06,23.90416666666667,34.0,16.7,17.6,24,24,2022,10,6,True,True,1.0
2022-10-07,21.075,26.9,16.8,8.399999999999999,24,24,2022,10,7,True,True,1.0
2022-10-08,20.724999999999998,29.2,14.0,0.0,24,24,2022,10,8,True,True,0.0
2022-10-09,22.683333333333334,29.3,16.2,0.0,24,24,2022,10,9,True,True,0.0
2022-10-10,21.883333333333336,27.0,18.2,0.0,24,24,2022,10,10,True,True,0.0
2022-10-11,23.416666666666668,29.2,19.0,0.4,24,24,2022,10,11,True,True,0.0
2022-10-12,20.412499999999998,24.5,18.0,6.6000000000000005,24,24,2022,10,12,True,True,1.0
2022-10-13,23.1375,31.0,18.1,0.0,24,24,2022,10,13,True,True,0.0
2022-10-14,24.15833333333333,33.9,18.8,0.2,24,24,2022,10,14,True,True,0.0
2022-10-15,22.441666666666666,28.0,18.6,0.0,24,24,2022,10,15,True,True,0.0
2022-10-16,23.608333333333334,31.9,17.9,0.0,24,24,2022,10,16,True,True,0.0
2022-10-17,24.46666666666667,32.7,18.4,0.0,24,24,2022,10,17,True,True,0.0
2022-10-18,19.6375,22.4,18.3,0.8,24,24,2022,10,18,True,True,0.0
2022-10-19,21.4875,27.4,18.0,4.0,24,24,2022,10,19,True,True,1.0
2022-10-20,23.224999999999998,30.7,17.7,0.2,24,24,2022,10,20,True,True,0.0
2022-10-21,22.045833333333334,27.0,19.0,20.2,24,24,2022,10,21,True,True,1.0
2022-10-22,23.704166666666666,30.6,17.9,0.0,24,24,2022,10,22,True,True,0.0
2022-10-23,22.983333333333334,31.5,16.4,0.0,24,24,2022,10,23,True,True,0.0
2022-10-24,23.537499999999998,32.2,15.9,0.0,24,24,2022,10,24,True,True,0.0
2022-10-25,23.070833333333336,31.3,16.0,0.0,24,24,2022,10,25,True,True,0.0
2022-10-26,23.633333333333336,33.7,14.4,0.0,24,24,2022,10,26,True,True,0.0
2022-10-27,26.120833333333334,36.2,19.4,0.0,24,24,2022,10,27,True,True,0.0
2022-10-28,25.504166666666666,33.2,19.6,0.0,24,24,2022,10,28,True,True,0.0
2022-10-29,24.8875,34.3,18.5,9.4,24,24,2022,10,29,True,True,1.0
2022-10-30,24.3625,31.9,18.1,0.0,24,24,2022,10,30,True,True,0.0
2022-10-31,21.283333333333335,24.2,18.8,12.0,24,24,2022,10,31,True,True,1.0
2022-11-01,19.345833333333335,23.2,15.1,0.0,24,24,2022,11,1,True,True,0.0
2022-11-02,16.154166666666665,20.9,13.2,0.2,24,24,2022,11,2,True,True,0.0
2022-11-03,16.525000000000002,23.3,12.6,0.0,24,24,2022,11,3,True,True,0.0
2022-11-04,17.337500000000002,25.9,10.1,0.0,24,24,2022,11,4,True,True,0.0
2022-11-05,18.516666666666666,27.1,10.9,0.0,24,24,2022,11,5,True,True,0.0
2022-11-06,18.995833333333334,26.2,13.6,0.0,24,24,2022,11,6,True,True,0.0
2022-11-07,19.804166666666667,28.7,12.0,0.0,24,24,2022,11,7,True,True,0.0
2022-11-08,20.3125,29.4,12.4,0.0,24,24,2022,11,8,True,True,0.0
2022-11-09,22.65416666666667,32.3,14.1,0.0,24,24,2022,11,9,True,True,0.0
2022-11-10,24.558333333333334,34.1,16.1,0.0,24,24,2022,11,10,True,True,0.0
2022-11-11,21.925,27.5,17.3,0.0,24,24,2022,11,11,True,True,0.0
2022-11-12,23.912499999999998,32.1,17.1,0.0,24,24,2022,11,12,True,True,0.0
2022-11-13,24.7375,33.0,18.2,5.4,24,24,2022,11,13,True,True,1.0
2022-11-14,23.650000000000002,30.5,18.0,7.0,24,24,2022,11,14,True,True,1.0
2022-11-15,24.083333333333332,32.0,18.1,0.0,24,24,2022,11,15,True,True,0.0
2022-11-16,23.804166666666664,32.4,15.5,0.0,24,24,2022,11,16,True,True,0.0
2022-11-17,23.3875,31.9,16.1,0.0,24,24,2022,11,17,True,True,0.0
2022-11-18,23.0,33.0,15.9,0.0,24,24,2022,11,18,True,True,0.0
2022-11-19,22.891666666666666,33.7,15.8,0.6,24,24,2022,11,19,True,True,0.0
2022-11-20,24.229166666666668,32.8,16.8,2.4,24,24,2022,11,20,True,True,1.0
2022-11-21,25.0125,33.3,18.1,0.0,24,24,2022,11,21,True,True,0.0
2022-11-22,23.604166666666668,31.6,20.3,0.6,24,24,2022,11,22,True,True,0.0
2022-11-23,24.712500000000002,31.2,19.3,0.0,24,24,2022,11,23,True,True,0.0
2022-11-24,22.079166666666666,31.6,17.2,0.8,24,24,2022,11,24,True,True,0.0
2022-11-25,22.02916666666667,30.2,16.2,0.0,24,24,2022,11,25,True,True,0.0
2022-11-26,22.133333333333336,30.8,14.3,0.0,24,24,2022,11,26,True,True,0.0
2022-11-27,22.391666666666666,31.6,16.7,11.799999999999999,24,24,2022,11,27,True,True,1.0
2022-11-28,22.0125,29.6,17.7,0.4,24,24,2022,11,28,True,True,0.0
2022-11-29,22.245833333333334,31.7,16.5,14.0,24,24,2022,11,29,True,True,1.0
2022-11-30,22.40416666666667,29.6,17.7,1.2,24,24,2022,11,30,True,True,1.0
2022-12-01,23.925,30.2,17.4,3.8,24,24,2022,12,1,True,True,1.0
2022-12-02,22.474999999999998,29.6,18.9,63.2,24,24,2022,12,2,True,True,1.0
2022-12-03,22.958333333333332,28.2,20.2,16.2,24,24,2022,12,3,True,True,1.0
2022-12-04,22.691666666666666,28.1,19.8,6.2,24,24,2022,12,4,True,True,1.0
2022-12-05,22.224999999999998,24.8,20.5,6.0,24,24,2022,12,5,True,True,1.0
2022-12-06,22.245833333333334,26.7,20.6,36.8,24,24,2022,12,6,True,True,1.0
2022-12-07,24.3,30.2,20.8,1.0,24,24,2022,12,7,True,True,1.0
2022-12-08,25.375,33.2,18.9,0.0,24,24,2022,12,8,True,True,0.0
2022-12-09,26.770833333333332,35.0,20.5,0.0,24,24,2022,12,9,True,True,0.0
2022-12-10,27.254166666666666,35.1,21.8,0.0,24,24,2022,12,10,True,True,0.0
2022-12-11,25.458333333333332,32.1,22.0,2.6,24,24,2022,12,11,True,True,1.0
2022-12-12,22.787499999999998,29.5,21.3,13.0,24,24,2022,12,12,True,True,1.0
2022-12-13,22.520833333333332,27.6,20.1,23.8,24,24,2022,12,13,True,True,1.0
2022-12-14,21.6125,27.3,17.9,0.0,24,24,2022,12,14,True,True,0.0
2022-12-15,22.570833333333336,31.0,16.3,0.0,24,24,2022,12,15,True,True,0.0
2022-12-16,24.083333333333332,31.2,17.9,0.0,24,24,2022,12,16,True,True,0.0
2022-12-17,24.275000000000002,32.1,17.6,0.0,24,24,2022,12,17,True,True,0.0
2022-12-18,23.40833333333333,32.2,18.2,1.4,24,24,2022,12,18,True,True,1.0
2022-12-19,21.354166666666668,25.4,19.1,0.4,24,24,2022,12,19,True,True,0.0
2022-12-20,22.804166666666664,30.0,18.2,1.4000000000000001,24,24,2022,12,20,True,True,1.0
2022-12-21,21.266666666666666,28.6,15.5,0.0,24,24,2022,12,21,True,True,0.0
2022-12-22,21.525000000000002,29.1,14.9,0.0,24,24,2022,12,22,True,True,0.0
2022-12-23,22.1375,31.9,16.4,72.4,24,24,2022,12,23,True,True,1.0
2022-12-24,22.483333333333334,31.6,17.2,25.2,24,24,2022,12,24,True,True,1.0
2022-12-25,22.65833333333333,31.7,18.3,2.2,24,24,2022,12,25,True,True,1.0
2022-12-26,22.3875,27.7,19.7,0.6000000000000001,24,24,2022,12,26,True,True,0.0
2022-12-27,23.462500000000002,30.2,20.5,6.6000000000000005,24,24,2022,12,27,True,True,1.0
2022-12-28,23.666666666666668,30.7,20.2,8.8,24,24,2022,12,28,True,True,1.0
2022-12-29,23.037499999999998,28.3,18.9,22.8,24,24,2022,12,29,True,True,1.0
2022-12-30,23.741666666666664,31.1,20.1,0.0,24,24,2022,12,30,True,True,0.0
2022-12-31,23.141666666666666,32.3,19.3,0.0,24,24,2022,12,31,True,True,0.0
2023-01-01,25.204166666666666,32.3,20.0,0.0,24,24,2023,1,1,True,True,0.0
2023-01-02,23.849999999999998,31.5,19.9,8.2,24,24,2023,1,2,True,True,1.0
2023-01-03,22.683333333333334,28.7,20.0,13.799999999999999,24,24,2023,1,3,True,True,1.0
2023-01-04,21.325,24.2,19.9,26.8,24,24,2023,1,4,True,True,1.0
2023-01-05,18.537499999999998,21.2,16.9,8.6,24,24,2023,1,5,True,True,1.0
2023-01-06,20.095833333333335,24.2,17.2,0.0,24,24,2023,1,6,True,True,0.0
2023-01-07,20.641666666666666,25.4,17.6,0.0,24,24,2023,1,7,True,True,0.0
2023-01-08,21.162499999999998,26.0,17.7,0.0,24,24,2023,1,8,True,True,0.0
2023-01-09,22.170833333333334,28.0,18.6,0.0,24,24,2023,1,9,True,True,0.0
2023-01-10,22.02916666666667,28.4,20.0,3.2,24,24,2023,1,10,True,True,1.0
2023-01-11,22.09583333333333,28.3,18.8,32.0,24,24,2023,1,11,True,True,1.0
2023-01-12,23.204166666666666,29.9,19.6,28.6,24,24,2023,1,12,True,True,1.0
2023-01-13,22.675,30.7,19.5,15.0,24,24,2023,1,13,True,True,1.0
2023-01-14,23.6375,29.1,20.2,0.2,24,24,2023,1,14,True,True,0.0
2023-01-15,25.633333333333336,31.7,21.4,1.0,24,24,2023,1,15,True,True,1.0
2023-01-16,24.620833333333334,32.8,19.5,22.6,24,24,2023,1,16,True,True,1.0
2023-01-17,24.0,31.5,18.9,3.4000000000000004,24,24,2023,1,17,True,True,1.0
2023-01-18,24.804166666666664,32.1,19.9,25.4,24,24,2023,1,18,True,True,1.0
2023-01-19,23.433333333333334,31.0,19.9,2.4000000000000004,24,24,2023,1,19,True,True,1.0
2023-01-20,23.608333333333334,29.4,20.1,2.8,24,24,2023,1,20,True,True,1.0
2023-01-21,22.78333333333333,28.3,20.1,8.6,24,24,2023,1,21,True,True,1.0
2023-01-22,23.65833333333333,30.5,19.6,15.2,24,24,2023,1,22,True,True,1.0
2023-01-23,24.047826086956523,30.1,20.2,0.0,23,23,2023,1,23,True,True,0.0
2023-01-24,24.224999999999998,31.3,19.5,0.0,24,24,2023,1,24,True,True,0.0
2023-01-25,25.166666666666668,32.3,19.7,0.0,24,24,2023,1,25,True,True,0.0
2023-01-26,25.683333333333334,33.2,19.6,0.0,24,24,2023,1,26,True,True,0.0
2023-01-27,25.05,32.4,18.7,0.0,24,24,2023,1,27,True,True,0.0
2023-01-28,24.241666666666664,29.9,21.0,0.4,24,24,2023,1,28,True,True,0.0
2023-01-29,24.941666666666666,31.2,20.1,6.6,24,24,2023,1,29,True,True,1.0
2023-01-30,22.075,28.7,19.1,23.599999999999998,24,24,2023,1,30,True,True,1.0
2023-01-31,22.78333333333333,29.2,19.9,4.6000000000000005,24,24,2023,1,31,True,True,1.0
2023-02-01,23.770833333333332,29.8,20.2,3.4,24,24,2023,2,1,True,True,1.0
2023-02-02,22.84583333333333,30.3,20.3,27.4,24,24,2023,2,2,True,True,1.0
2023-02-03,22.833333333333332,29.3,19.4,30.0,24,24,2023,2,3,True,True,1.0
2023-02-04,22.933333333333334,30.8,19.4,14.8,24,24,2023,2,4,True,True,1.0
2023-02-05,23.991666666666664,30.1,20.8,2.4,24,24,2023,2,5,True,True,1.0
2023-02-06,23.020833333333332,29.4,20.0,8.6,24,24,2023,2,6,True,True,1.0
2023-02-07,22.1875,29.7,20.2,14.2,24,24,2023,2,7,True,True,1.0
2023-02-08,24.254166666666666,32.2,19.0,0.0,24,24,2023,2,8,True,True,0.0
2023-02-09,24.5625,31.4,19.7,0.0,24,24,2023,2,9,True,True,0.0
2023-02-10,23.8625,29.6,18.9,9.6,24,24,2023,2,10,True,True,1.0
2023-02-11,21.816666666666666,26.0,18.8,19.6,24,24,2023,2,11,True,True,1.0
2023-02-12,22.0125,29.4,20.2,20.799999999999997,24,24,2023,2,12,True,True,1.0
2023-02-13,23.791666666666668,31.1,19.6,0.4,24,24,2023,2,13,True,True,0.0
2023-02-14,23.40833333333333,30.4,19.8,13.8,24,24,2023,2,14,True,True,1.0
2023-02-15,24.579166666666666,31.1,20.6,1.8,24,24,2023,2,15,True,True,1.0
2023-02-16,23.59166666666667,30.1,20.8,1.7999999999999998,24,24,2023,2,16,True,True,1.0
2023-02-17,22.375,28.9,20.5,7.2,24,24,2023,2,17,True,True,1.0
2023-02-18,23.1375,30.3,19.2,44.8,24,24,2023,2,18,True,True,1.0
2023-02-19,20.525000000000002,25.8,17.8,1.6,24,24,2023,2,19,True,True,1.0
2023-02-20,22.47083333333333,29.0,18.1,0.2,24,24,2023,2,20,True,True,0.0
2023-02-21,21.866666666666664,25.1,19.4,1.0,24,24,2023,2,21,True,True,1.0
2023-02-22,24.47083333333333,31.5,20.1,0.0,24,24,2023,2,22,True,True,0.0
2023-02-23,23.15833333333333,27.3,20.1,1.4,24,24,2023,2,23,True,True,1.0
2023-02-24,23.400000000000002,29.4,20.0,0.0,24,24,2023,2,24,True,True,0.0
2023-02-25,24.558333333333334,31.4,19.5,0.0,24,24,2023,2,25,True,True,0.0
2023-02-26,23.925,31.7,20.6,1.4,24,24,2023,2,26,True,True,1.0
2023-02-27,24.45,33.3,20.3,11.999999999999998,24,24,2023,2,27,True,True,1.0
2023-02-28,23.72083333333333,29.5,19.5,0.0,24,24,2023,2,28,True,True,0.0
2023-03-01,22.191666666666666,30.1,18.2,35.2,24,24,2023,3,1,True,True,1.0
2023-03-02,25.020833333333332,32.2,19.4,0.0,24,24,2023,3,2,True,True,0.0
2023-03-03,25.920833333333334,32.6,20.5,0.0,24,24,2023,3,3,True,True,0.0
2023-03-04,23.858333333333334,31.4,21.1,1.7999999999999998,24,24,2023,3,4,True,True,1.0
2023-03-05,23.041666666666668,29.7,18.2,7.6000000000000005,24,24,2023,3,5,True,True,1.0
2023-03-06,23.608333333333334,31.3,17.9,26.8,24,24,2023,3,6,True,True,1.0
2023-03-07,22.075,31.3,17.1,5.2,24,24,2023,3,7,True,True,1.0
2023-03-08,23.608333333333334,30.8,17.7,0.0,24,24,2023,3,8,True,True,0.0
2023-03-09,23.979166666666668,31.0,19.8,0.8,24,24,2023,3,9,True,True,0.0
2023-03-10,21.429166666666664,27.1,19.9,19.0,24,24,2023,3,10,True,True,1.0
2023-03-11,22.15833333333333,27.6,19.4,0.0,24,24,2023,3,11,True,True,0.0
2023-03-12,22.71666666666667,27.3,20.4,0.2,24,24,2023,3,12,True,True,0.0
2023-03-13,22.849999999999998,27.0,20.3,0.0,24,24,2023,3,13,True,True,0.0
2023-03-14,22.183333333333334,28.7,20.6,31.599999999999998,24,24,2023,3,14,True,True,1.0
2023-03-15,23.09583333333333,28.6,20.1,0.2,24,24,2023,3,15,True,True,0.0
2023-03-16,24.266666666666666,29.6,19.5,0.0,24,24,2023,3,16,True,True,0.0
2023-03-17,23.5125,28.7,19.4,0.0,24,24,2023,3,17,True,True,0.0
2023-03-18,23.724999999999998,31.1,18.5,0.0,24,24,2023,3,18,True,True,0.0
2023-03-19,23.90833333333333,31.7,19.4,15.0,24,24,2023,3,19,True,True,1.0
2023-03-20,23.9875,31.6,19.4,2.8,24,24,2023,3,20,True,True,1.0
2023-03-21,23.400000000000002,30.9,18.6,26.6,24,24,2023,3,21,True,True,1.0
2023-03-22,24.650000000000002,31.8,19.7,0.0,24,24,2023,3,22,True,True,0.0
2023-03-23,24.34583333333333,30.8,19.8,0.0,24,24,2023,3,23,True,True,0.0
2023-03-24,25.212500000000002,32.5,20.9,0.0,24,24,2023,3,24,True,True,0.0
2023-03-25,25.004166666666666,31.9,20.4,0.0,24,24,2023,3,25,True,True,0.0
2023-03-26,26.59583333333333,33.4,21.7,0.0,24,24,2023,3,26,True,True,0.0
2023-03-27,24.608333333333334,31.1,20.8,0.2,24,24,2023,3,27,True,True,0.0
2023-03-28,23.45,29.4,18.9,0.0,24,24,2023,3,28,True,True,0.0
2023-03-29,24.8625,32.3,19.7,0.0,24,24,2023,3,29,True,True,0.0
2023-03-30,24.858333333333334,32.1,19.4,0.0,24,24,2023,3,30,True,True,0.0
2023-03-31,25.587500000000002,33.1,20.2,0.0,24,24,2023,3,31,True,True,0.0
2023-04-01,25.03333333333333,32.3,19.1,0.0,24,24,2023,4,1,True,True,0.0
2023-04-02,23.224999999999998,28.8,18.5,0.0,24,24,2023,4,2,True,True,0.0
2023-04-03,22.383333333333336,30.5,16.3,0.0,24,24,2023,4,3,True,True,0.0
2023-04-04,23.016666666666666,30.8,17.7,0.0,24,24,2023,4,4,True,True,0.0
2023-04-05,23.270833333333332,31.6,16.3,0.0,24,24,2023,4,5,True,True,0.0
2023-04-06,23.454166666666666,30.6,19.0,0.0,24,24,2023,4,6,True,True,0.0
2023-04-07,21.020833333333332,24.2,18.7,18.799999999999997,24,24,2023,4,7,True,True,1.0
2023-04-08,21.233333333333334,25.7,18.4,1.6,24,24,2023,4,8,True,True,1.0
2023-04-09,21.366666666666664,26.0,18.4,0.0,24,24,2023,4,9,True,True,0.0
2023-04-10,21.712500000000002,28.4,16.9,0.0,24,24,2023,4,10,True,True,0.0
2023-04-11,21.34583333333333,28.7,15.7,0.0,24,24,2023,4,11,True,True,0.0
2023-04-12,22.650000000000002,29.0,18.6,0.0,24,24,2023,4,12,True,True,0.0
2023-04-13,23.166666666666668,30.4,19.4,0.0,24,24,2023,4,13,True,True,0.0
2023-04-14,21.158333333333335,24.1,18.7,10.0,24,24,2023,4,14,True,True,1.0
2023-04-15,22.3875,28.0,19.2,0.0,24,24,2023,4,15,True,True,0.0
2023-04-16,22.425,29.0,18.2,0.0,24,24,2023,4,16,True,True,0.0
2023-04-17,23.8,29.4,20.1,0.2,24,24,2023,4,17,True,True,0.0
2023-04-18,22.570833333333336,26.0,19.1,10.0,24,24,2023,4,18,True,True,1.0
2023-04-19,20.537499999999998,25.6,15.2,0.0,24,24,2023,4,19,True,True,0.0
2023-04-20,17.133333333333333,24.0,12.0,0.0,24,24,2023,4,20,True,True,0.0
2023-04-21,17.287499999999998,24.5,11.1,0.0,24,24,2023,4,21,True,True,0.0
2023-04-22,19.854166666666668,27.6,14.5,0.0,24,24,2023,4,22,True,True,0.0
2023-04-23,20.0,27.0,13.7,0.0,24,24,2023,4,23,True,True,0.0
2023-04-24,20.870833333333334,27.8,15.5,0.0,24,24,2023,4,24,True,True,0.0
2023-04-25,20.004166666666666,25.9,16.1,0.0,24,24,2023,4,25,True,True,0.0
2023-04-26,19.920833333333334,23.1,17.7,12.0,24,24,2023,4,26,True,True,1.0
2023-04-27,19.383333333333333,23.9,16.8,2.8000000000000003,24,24,2023,4,27,True,True,1.0
2023-04-28,19.787499999999998,24.8,16.8,0.2,24,24,2023,4,28,True,True,0.0
2023-04-29,18.95,26.8,13.6,0.0,24,24,2023,4,29,True,True,0.0
2023-04-30,20.008333333333333,28.0,15.3,0.0,24,24,2023,4,30,True,True,0.0
2023-05-01,20.216666666666665,27.3,16.0,0.0,24,24,2023,5,1,True,True,0.0
2023-05-02,20.495833333333334,27.6,16.5,0.0,24,24,2023,5,2,True,True,0.0
2023-05-03,21.34166666666667,28.2,16.7,0.0,24,24,2023,5,3,True,True,0.0
2023-05-04,22.204166666666666,29.4,17.9,0.0,24,24,2023,5,4,True,True,0.0
2023-05-05,22.77916666666667,30.5,18.1,0.0,24,24,2023,5,5,True,True,0.0
2023-05-06,22.59166666666667,28.9,18.7,0.0,24,24,2023,5,6,True,True,0.0
2023-05-07,21.995833333333334,28.3,18.4,0.0,24,24,2023,5,7,True,True,0.0
2023-05-08,22.675,29.1,18.4,0.0,24,24,2023,5,8,True,True,0.0
2023-05-09,22.9375,28.6,18.5,0.0,24,24,2023,5,9,True,True,0.0
2023-05-10,21.099999999999998,27.5,17.7,16.599999999999998,24,24,2023,5,10,True,True,1.0
2023-05-11,19.7375,26.1,15.9,0.0,24,24,2023,5,11,True,True,0.0
2023-05-12,17.583333333333332,24.4,13.1,0.2,24,24,2023,5,12,True,True,0.0
2023-05-13,16.166666666666668,23.3,11.5,0.0,24,24,2023,5,13,True,True,0.0
2023-05-14,16.741666666666667,24.9,12.0,0.0,24,24,2023,5,14,True,True,0.0
2023-05-15,17.591666666666665,25.3,12.1,0.0,24,24,2023,5,15,True,True,0.0
2023-05-16,17.483333333333334,25.8,11.0,0.0,24,24,2023,5,16,True,True,0.0
2023-05-17,16.925,24.0,12.2,0.0,24,24,2023,5,17,True,True,0.0
2023-05-18,16.970833333333335,24.8,11.5,0.0,24,24,2023,5,18,True,True,0.0
2023-05-19,17.041666666666668,24.8,11.2,0.0,24,24,2023,5,19,True,True,0.0
2023-05-20,17.224999999999998,25.4,11.8,0.0,24,24,2023,5,20,True,True,0.0
2023-05-21,18.275000000000002,25.7,12.8,0.0,24,24,2023,5,21,True,True,0.0
2023-05-22,18.345833333333335,25.1,14.4,0.0,24,24,2023,5,22,True,True,0.0
2023-05-23,19.175,26.2,13.9,0.0,24,24,2023,5,23,True,True,0.0
2023-05-24,19.466666666666665,26.0,14.3,0.0,24,24,2023,5,24,True,True,0.0
2023-05-25,19.941666666666666,27.0,15.4,0.0,24,24,2023,5,25,True,True,0.0
2023-05-26,20.599999999999998,27.5,15.7,0.0,24,24,2023,5,26,True,True,0.0
2023-05-27,21.108333333333334,28.1,15.2,0.0,24,24,2023,5,27,True,True,0.0
2023-05-28,19.55,21.9,16.8,0.4,24,24,2023,5,28,True,True,0.0
2023-05-29,18.400000000000002,23.6,14.8,0.0,24,24,2023,5,29,True,True,0.0
2023-05-30,16.625,20.2,15.3,28.599999999999994,24,24,2023,5,30,True,True,1.0
2023-05-31,17.695833333333333,21.7,15.6,3.4,24,24,2023,5,31,True,True,1.0
2023-06-01,16.283333333333335,21.1,13.9,0.0,24,24,2023,6,1,True,True,0.0
2023-06-02,17.295833333333334,23.5,13.3,0.2,24,24,2023,6,2,True,True,0.0
2023-06-03,18.224999999999998,25.8,13.5,0.0,24,24,2023,6,3,True,True,0.0
2023-06-04,19.133333333333333,26.7,14.3,0.0,24,24,2023,6,4,True,True,0.0
2023-06-05,18.595833333333335,25.5,14.0,0.0,24,24,2023,6,5,True,True,0.0
2023-06-06,17.6375,24.8,13.0,0.0,24,24,2023,6,6,True,True,0.0
2023-06-07,18.175,26.1,13.6,0.0,24,24,2023,6,7,True,True,0.0
2023-06-08,19.045833333333334,25.8,14.4,0.0,24,24,2023,6,8,True,True,0.0
2023-06-09,19.8875,27.5,15.0,0.0,24,24,2023,6,9,True,True,0.0
2023-06-10,20.933333333333334,28.0,15.1,0.0,24,24,2023,6,10,True,True,0.0
2023-06-11,21.474999999999998,28.8,15.2,0.0,24,24,2023,6,11,True,True,0.0
2023-06-12,21.84166666666667,29.7,16.4,0.0,24,24,2023,6,12,True,True,0.0
2023-06-13,16.904166666666665,19.0,15.2,2.2,24,24,2023,6,13,True,True,1.0
2023-06-14,15.579166666666666,16.5,14.7,44.8,24,24,2023,6,14,True,True,1.0
2023-06-15,15.100000000000001,17.2,11.5,18.4,24,24,2023,6,15,True,True,1.0
2023-06-16,11.6625,16.9,8.8,0.0,24,24,2023,6,16,True,True,0.0
2023-06-17,11.933333333333332,18.7,7.0,0.2,24,24,2023,6,17,True,True,0.0
2023-06-18,13.804166666666667,20.7,9.3,0.0,24,24,2023,6,18,True,True,0.0
2023-06-19,15.299999999999999,22.3,10.0,0.2,24,24,2023,6,19,True,True,0.0
2023-06-20,17.0125,24.7,11.7,0.0,24,24,2023,6,20,True,True,0.0
2023-06-21,18.345833333333335,25.6,13.4,0.0,24,24,2023,6,21,True,True,0.0
2023-06-22,19.3125,25.8,14.3,0.0,24,24,2023,6,22,True,True,0.0
2023-06-23,19.75,26.7,15.0,0.0,24,24,2023,6,23,True,True,0.0
2023-06-24,19.587500000000002,26.6,13.9,0.0,24,24,2023,6,24,True,True,0.0
2023-06-25,19.408333333333335,26.3,14.4,0.0,24,24,2023,6,25,True,True,0.0
2023-06-26,19.045833333333334,26.0,12.4,0.0,24,24,2023,6,26,True,True,0.0
2023-06-27,19.558333333333334,26.8,13.9,0.0,24,24,2023,6,27,True,True,0.0
2023-06-28,20.195833333333333,27.7,14.4,0.0,24,24,2023,6,28,True,True,0.0
2023-06-29,19.229166666666668,25.6,14.7,0.0,24,24,2023,6,29,True,True,0.0
2023-06-30,18.029166666666665,25.2,13.5,0.0,24,24,2023,6,30,True,True,0.0
2023-07-01,17.870833333333334,25.3,13.2,0.0,24,24,2023,7,1,True,True,0.0
2023-07-02,17.754166666666666,24.6,13.6,0.0,24,24,2023,7,2,True,True,0.0
2023-07-03,16.833333333333332,23.3,13.0,0.0,24,24,2023,7,3,True,True,0.0
2023-07-04,15.933333333333332,23.5,10.6,0.0,24,24,2023,7,4,True,True,0.0
2023-07-05,17.429166666666667,25.1,12.2,0.0,24,24,2023,7,5,True,True,0.0
2023-07-06,18.258333333333333,25.2,13.7,0.0,24,24,2023,7,6,True,True,0.0
2023-07-07,18.054166666666667,25.5,13.0,0.0,24,24,2023,7,7,True,True,0.0
2023-07-08,20.4625,27.8,14.6,0.0,24,24,2023,7,8,True,True,0.0
2023-07-09,18.383333333333333,21.6,16.8,0.4,24,24,2023,7,9,True,True,0.0
2023-07-10,20.595833333333335,28.1,16.0,0.0,24,24,2023,7,10,True,True,0.0
2023-07-11,22.2625,30.4,17.5,0.0,24,24,2023,7,11,True,True,0.0
2023-07-12,22.195833333333336,29.4,16.6,0.0,24,24,2023,7,12,True,True,0.0
2023-07-13,19.970833333333335,24.2,14.8,0.2,24,24,2023,7,13,True,True,0.0
2023-07-14,12.429166666666667,19.6,6.1,0.0,24,24,2023,7,14,True,True,0.0
2023-07-15,13.754166666666668,23.1,7.1,0.0,24,24,2023,7,15,True,True,0.0
2023-07-16,17.258333333333333,25.9,10.5,0.0,24,24,2023,7,16,True,True,0.0
2023-07-17,20.0625,25.9,16.6,0.0,24,24,2023,7,17,True,True,0.0
2023-07-18,20.604166666666668,26.8,15.9,0.0,24,24,2023,7,18,True,True,0.0
2023-07-19,18.208333333333332,23.8,15.1,0.0,24,24,2023,7,19,True,True,0.0
2023-07-20,19.070833333333333,25.0,15.7,0.0,24,24,2023,7,20,True,True,0.0
2023-07-21,19.537499999999998,26.6,14.2,0.0,24,24,2023,7,21,True,True,0.0
2023-07-22,19.579166666666666,26.9,14.4,0.0,24,24,2023,7,22,True,True,0.0
2023-07-23,20.45,28.0,15.4,0.0,24,24,2023,7,23,True,True,0.0
2023-07-24,21.0125,28.6,15.9,0.0,24,24,2023,7,24,True,True,0.0
2023-07-25,20.604166666666668,27.6,16.1,0.0,24,24,2023,7,25,True,True,0.0
2023-07-26,21.474999999999998,28.8,15.9,0.0,24,24,2023,7,26,True,True,0.0
2023-07-27,22.379166666666666,30.0,16.9,0.0,24,24,2023,7,27,True,True,0.0
2023-07-28,20.704166666666666,29.7,15.9,0.0,24,24,2023,7,28,True,True,0.0
2023-07-29,18.1125,23.5,13.5,0.0,24,24,2023,7,29,True,True,0.0
2023-07-30,17.05,25.3,11.2,0.0,24,24,2023,7,30,True,True,0.0
2023-07-31,16.650000000000002,25.3,11.6,0.0,24,24,2023,7,31,True,True,0.0
2023-08-01,18.4875,27.3,11.9,0.0,24,24,2023,8,1,True,True,0.0
2023-08-02,21.479166666666668,30.2,14.6,0.0,24,24,2023,8,2,True,True,0.0
2023-08-03,22.666666666666668,30.3,16.6,0.0,24,24,2023,8,3,True,True,0.0
2023-08-04,20.995833333333334,30.0,14.8,0.0,24,24,2023,8,4,True,True,0.0
2023-08-05,21.3,29.7,14.3,0.0,24,24,2023,8,5,True,True,0.0
2023-08-06,22.241666666666664,31.6,14.6,0.0,24,24,2023,8,6,True,True,0.0
2023-08-07,23.96666666666667,32.0,16.1,0.0,24,24,2023,8,7,True,True,0.0
2023-08-08,20.462500000000002,26.5,16.6,0.0,24,24,2023,8,8,True,True,0.0
2023-08-09,20.4875,29.4,15.5,0.0,24,24,2023,8,9,True,True,0.0
2023-08-10,22.445833333333336,31.9,15.5,0.0,24,24,2023,8,10,True,True,0.0
2023-08-11,23.575,33.3,17.6,0.0,24,24,2023,8,11,True,True,0.0
2023-08-12,22.025000000000002,32.8,16.9,0.0,24,24,2023,8,12,True,True,0.0
2023-08-13,18.891666666666666,23.5,15.0,0.0,24,24,2023,8,13,True,True,0.0
2023-08-14,18.695833333333333,25.3,13.5,0.0,24,24,2023,8,14,True,True,0.0
2023-08-15,21.008333333333333,28.5,15.3,0.0,24,24,2023,8,15,True,True,0.0
2023-08-16,22.712500000000002,29.7,17.8,0.0,24,24,2023,8,16,True,True,0.0
2023-08-17,23.066666666666666,30.7,17.3,0.0,24,24,2023,8,17,True,True,0.0
2023-08-18,24.0125,32.0,18.2,0.0,24,24,2023,8,18,True,True,0.0
2023-08-19,18.620833333333334,23.0,15.7,2.4000000000000004,24,24,2023,8,19,True,True,1.0
2023-08-20,20.45,28.7,14.4,0.0,24,24,2023,8,20,True,True,0.0
2023-08-21,21.558333333333334,29.2,14.6,0.0,24,24,2023,8,21,True,True,0.0
2023-08-22,23.8625,32.5,17.1,0.0,24,24,2023,8,22,True,True,0.0
2023-08-23,26.316666666666666,35.1,19.4,0.0,24,24,2023,8,23,True,True,0.0
2023-08-24,27.179166666666664,35.4,21.0,0.0,24,24,2023,8,24,True,True,0.0
2023-08-25,23.7375,33.7,17.1,0.0,24,24,2023,8,25,True,True,0.0
2023-08-26,15.612499999999999,18.8,12.8,15.2,24,24,2023,8,26,True,True,1.0
2023-08-27,13.720833333333333,16.0,12.0,0.0,24,24,2023,8,27,True,True,0.0
2023-08-28,16.366666666666667,23.0,12.5,0.0,24,24,2023,8,28,True,True,0.0
2023-08-29,18.25,24.7,13.3,0.0,24,24,2023,8,29,True,True,0.0
2023-08-30,20.045833333333334,29.1,12.6,0.0,24,24,2023,8,30,True,True,0.0
2023-08-31,20.625,28.0,15.5,0.0,24,24,2023,8,31,True,True,0.0
2023-09-01,22.712500000000002,31.7,15.2,0.0,24,24,2023,9,1,True,True,0.0
2023-09-02,24.849999999999998,33.6,17.8,0.0,24,24,2023,9,2,True,True,0.0
2023-09-03,25.895833333333332,33.6,19.1,0.0,24,24,2023,9,3,True,True,0.0
2023-09-04,26.695833333333336,34.0,20.7,0.0,24,24,2023,9,4,True,True,0.0
2023-09-05,23.395833333333332,30.1,18.2,8.2,24,24,2023,9,5,True,True,1.0
2023-09-06,20.55,27.1,16.6,0.0,24,24,2023,9,6,True,True,0.0
2023-09-07,22.366666666666664,29.7,16.3,0.0,24,24,2023,9,7,True,True,0.0
2023-09-08,24.212500000000002,32.8,16.5,0.0,24,24,2023,9,8,True,True,0.0
2023-09-09,19.6875,23.9,17.1,0.0,24,24,2023,9,9,True,True,0.0
2023-09-10,22.120833333333334,30.3,16.7,0.0,24,24,2023,9,10,True,True,0.0
2023-09-11,24.075,32.7,17.4,0.0,24,24,2023,9,11,True,True,0.0
2023-09-12,25.75,33.8,19.6,0.0,24,24,2023,9,12,True,True,0.0
2023-09-13,27.045833333333334,36.3,20.8,0.0,24,24,2023,9,13,True,True,0.0
2023-09-14,17.141666666666666,21.1,12.9,4.2,24,24,2023,9,14,True,True,1.0
2023-09-15,17.179166666666667,25.6,10.8,0.0,24,24,2023,9,15,True,True,0.0
2023-09-16,21.40833333333333,31.8,12.2,0.0,24,24,2023,9,16,True,True,0.0
2023-09-17,26.495833333333334,35.9,18.5,0.0,24,24,2023,9,17,True,True,0.0
2023-09-18,26.15416666666667,33.9,20.4,0.2,24,24,2023,9,18,True,True,0.0
2023-09-19,26.820833333333336,35.4,20.0,0.0,24,24,2023,9,19,True,True,0.0
2023-09-20,26.8625,35.8,19.8,0.0,24,24,2023,9,20,True,True,0.0
2023-09-21,26.808333333333334,36.1,19.4,0.0,24,24,2023,9,21,True,True,0.0
2023-09-22,28.287499999999998,36.9,21.1,0.0,24,24,2023,9,22,True,True,0.0
2023-09-23,28.4875,38.2,21.4,0.0,24,24,2023,9,23,True,True,0.0
2023-09-24,30.304166666666664,39.6,23.3,0.0,24,24,2023,9,24,True,True,0.0
2023-09-25,28.724999999999998,39.1,22.5,0.0,24,24,2023,9,25,True,True,0.0
2023-09-26,28.27916666666667,38.6,20.7,0.0,24,24,2023,9,26,True,True,0.0
2023-09-27,29.77916666666667,37.9,22.8,0.6000000000000001,24,24,2023,9,27,True,True,0.0
2023-09-28,21.537499999999998,28.3,16.6,0.0,24,24,2023,9,28,True,True,0.0
2023-09-29,22.3,31.1,16.1,0.0,24,24,2023,9,29,True,True,0.0
2023-09-30,24.945833333333336,34.5,17.4,0.0,24,24,2023,9,30,True,True,0.0
2023-10-01,24.979166666666668,32.3,19.4,0.0,24,24,2023,10,1,True,True,0.0
2023-10-02,22.333333333333332,31.0,19.0,3.4000000000000004,24,24,2023,10,2,True,True,1.0
2023-10-03,25.400000000000002,34.2,17.7,0.0,24,24,2023,10,3,True,True,0.0
2023-10-04,24.645833333333332,33.4,20.3,6.8,24,24,2023,10,4,True,True,1.0
2023-10-05,26.4875,34.4,20.3,0.8,24,24,2023,10,5,True,True,0.0
2023-10-06,26.783333333333335,35.2,19.0,0.0,24,24,2023,10,6,True,True,0.0
2023-10-07,26.150000000000002,34.7,21.7,10.200000000000001,24,24,2023,10,7,True,True,1.0
2023-10-08,22.59166666666667,29.4,19.8,29.0,24,24,2023,10,8,True,True,1.0
2023-10-09,21.954166666666666,28.3,19.3,6.6000000000000005,24,24,2023,10,9,True,True,1.0
2023-10-10,22.795833333333334,31.0,16.8,0.0,24,24,2023,10,10,True,True,0.0
2023-10-11,25.054166666666664,35.0,16.3,0.0,24,24,2023,10,11,True,True,0.0
2023-10-12,26.058333333333334,36.1,21.4,13.0,24,24,2023,10,12,True,True,1.0
2023-10-13,19.495833333333334,23.5,17.5,0.0,24,24,2023,10,13,True,True,0.0
2023-10-14,20.05,26.3,16.7,0.0,24,24,2023,10,14,True,True,0.0
2023-10-15,23.9375,33.2,16.8,0.0,24,24,2023,10,15,True,True,0.0
2023-10-16,26.245833333333334,35.3,18.4,0.0,24,24,2023,10,16,True,True,0.0
2023-10-17,22.325,26.6,20.1,1.4,24,24,2023,10,17,True,True,1.0
2023-10-18,23.150000000000002,28.8,19.7,0.0,24,24,2023,10,18,True,True,0.0
2023-10-19,21.766666666666666,30.5,17.5,0.0,24,24,2023,10,19,True,True,0.0
2023-10-20,21.016666666666666,28.5,16.6,0.0,24,24,2023,10,20,True,True,0.0
2023-10-21,22.741666666666664,31.4,16.2,0.0,24,24,2023,10,21,True,True,0.0
2023-10-22,24.075,34.6,16.5,0.0,24,24,2023,10,22,True,True,0.0
2023-10-23,26.349999999999998,35.9,18.0,0.0,24,24,2023,10,23,True,True,0.0
2023-10-24,27.054166666666664,36.8,21.5,1.4,24,24,2023,10,24,True,True,1.0
2023-10-25,25.504166666666666,31.7,19.7,0.0,24,24,2023,10,25,True,True,0.0
2023-10-26,24.662499999999998,32.5,20.5,1.8,24,24,2023,10,26,True,True,1.0
2023-10-27,23.679166666666664,30.1,18.9,0.0,24,24,2023,10,27,True,True,0.0
2023-10-28,22.5,29.0,19.1,7.6000000000000005,24,24,2023,10,28,True,True,1.0
2023-10-29,23.087500000000002,30.7,20.9,11.6,24,24,2023,10,29,True,True,1.0
2023-10-30,24.5625,30.5,21.7,0.6000000000000001,24,24,2023,10,30,True,True,0.0
2023-10-31,22.979166666666668,30.2,20.2,12.799999999999999,24,24,2023,10,31,True,True,1.0
2023-11-01,22.8625,29.0,19.0,0.0,24,24,2023,11,1,True,True,0.0
2023-11-02,23.787499999999998,31.3,17.8,0.0,24,24,2023,11,2,True,True,0.0
2023-11-03,24.1125,34.4,19.3,10.0,24,24,2023,11,3,True,True,1.0
2023-11-04,21.224999999999998,27.4,16.6,0.0,24,24,2023,11,4,True,True,0.0
2023-11-05,21.579166666666666,30.4,13.3,0.0,24,24,2023,11,5,True,True,0.0
2023-11-06,21.516666666666666,32.4,11.5,0.0,24,24,2023,11,6,True,True,0.0
2023-11-07,23.483333333333334,32.4,14.5,0.0,24,24,2023,11,7,True,True,0.0
2023-11-08,26.445833333333336,35.6,18.1,0.0,24,24,2023,11,8,True,True,0.0
2023-11-09,27.495833333333334,33.7,21.3,3.0,24,24,2023,11,9,True,True,1.0
2023-11-10,26.02916666666667,35.8,20.7,1.0,24,24,2023,11,10,True,True,1.0
2023-11-11,28.6375,37.7,21.1,0.0,24,24,2023,11,11,True,True,0.0
2023-11-12,30.383333333333336,39.4,22.4,0.0,24,24,2023,11,12,True,True,0.0
2023-11-13,31.212500000000002,39.5,24.2,0.0,24,24,2023,11,13,True,True,0.0
2023-11-14,30.2,39.3,22.4,0.0,24,24,2023,11,14,True,True,0.0
2023-11-15,28.087500000000002,38.3,20.7,1.4,24,24,2023,11,15,True,True,1.0
2023-11-16,28.3625,37.1,21.2,0.0,24,24,2023,11,16,True,True,0.0
2023-11-17,31.458333333333332,39.3,24.4,0.0,24,24,2023,11,17,True,True,0.0
2023-11-18,30.733333333333334,38.2,22.9,1.7999999999999998,24,24,2023,11,18,True,True,1.0
2023-11-19,23.712500000000002,30.7,20.8,5.000000000000001,24,24,2023,11,19,True,True,1.0
2023-11-20,24.099999999999998,30.5,19.2,0.0,24,24,2023,11,20,True,True,0.0
2023-11-21,26.354166666666668,34.7,19.8,5.4,24,24,2023,11,21,True,True,1.0
2023-11-22,26.045833333333334,33.4,21.3,14.8,24,24,2023,11,22,True,True,1.0
2023-11-23,23.45,29.6,20.2,9.600000000000001,24,24,2023,11,23,True,True,1.0
2023-11-24,21.2625,25.6,17.6,0.0,24,24,2023,11,24,True,True,0.0
2023-11-25,21.3,28.3,16.7,0.0,24,24,2023,11,25,True,True,0.0
2023-11-26,21.979166666666668,29.5,16.7,0.0,24,24,2023,11,26,True,True,0.0
2023-11-27,23.454166666666666,30.1,17.8,0.0,24,24,2023,11,27,True,True,0.0
2023-11-28,24.40416666666667,33.5,20.4,8.0,24,24,2023,11,28,True,True,1.0
2023-11-29,23.075,30.7,20.4,13.2,24,24,2023,11,29,True,True,1.0
2023-11-30,25.34166666666667,33.1,20.0,0.0,24,24,2023,11,30,True,True,0.0
2023-12-01,27.45,34.7,21.5,0.0,24,24,2023,12,1,True,True,0.0
2023-12-02,28.941666666666666,36.3,22.9,0.0,24,24,2023,12,2,True,True,0.0
2023-12-03,28.454166666666666,35.8,22.2,0.0,24,24,2023,12,3,True,True,0.0
2023-12-04,27.099999999999998,33.7,22.5,0.0,24,24,2023,12,4,True,True,0.0
2023-12-05,24.912499999999998,32.5,21.5,0.0,24,24,2023,12,5,True,True,0.0
2023-12-06,26.099999999999998,34.1,20.4,0.0,24,24,2023,12,6,True,True,0.0
2023-12-07,27.195833333333336,35.8,21.0,0.2,24,24,2023,12,7,True,True,0.0
2023-12-08,26.0,34.0,20.6,0.0,24,24,2023,12,8,True,True,0.0
2023-12-09,24.9375,32.0,20.0,0.0,24,24,2023,12,9,True,True,0.0
2023-12-10,23.916666666666668,32.9,18.3,6.6,24,24,2023,12,10,True,True,1.0
2023-12-11,24.608333333333334,32.6,19.2,0.8,24,24,2023,12,11,True,True,0.0
2023-12-12,24.566666666666666,33.0,17.6,0.0,24,24,2023,12,12,True,True,0.0
2023-12-13,24.7,34.8,15.3,0.0,24,24,2023,12,13,True,True,0.0
2023-12-14,26.954166666666666,37.3,19.1,0.0,24,24,2023,12,14,True,True,0.0
2023-12-15,27.570833333333336,38.4,21.1,10.6,24,24,2023,12,15,True,True,1.0
2023-12-16,28.370833333333334,37.5,20.8,0.0,24,24,2023,12,16,True,True,0.0
2023-12-17,27.016666666666666,36.5,21.8,7.3999999999999995,24,24,2023,12,17,True,True,1.0
2023-12-18,26.59583333333333,35.7,22.1,0.0,24,24,2023,12,18,True,True,0.0
2023-12-19,26.22083333333333,34.7,19.3,0.0,24,24,2023,12,19,True,True,0.0
2023-12-20,25.925,34.2,19.8,0.0,24,24,2023,12,20,True,True,0.0
2023-12-21,25.308333333333334,34.6,20.0,16.4,24,24,2023,12,21,True,True,1.0
2023-12-22,25.320833333333336,32.0,21.0,0.8,24,24,2023,12,22,True,True,0.0
2023-12-23,22.570833333333336,29.9,18.4,19.0,24,24,2023,12,23,True,True,1.0
2023-12-24,24.40416666666667,31.6,17.9,0.0,24,24,2023,12,24,True,True,0.0
2023-12-25,27.304166666666664,33.9,21.2,0.0,24,24,2023,12,25,True,True,0.0
2023-12-26,26.441666666666666,34.4,20.7,0.0,24,24,2023,12,26,True,True,0.0
2023-12-27,25.75,33.3,20.4,0.0,24,24,2023,12,27,True,True,0.0
2023-12-28,25.912499999999998,35.5,17.8,0.0,24,24,2023,12,28,True,True,0.0
2023-12-29,28.733333333333334,37.1,21.5,0.0,24,24,2023,12,29,True,True,0.0
2023-12-30,25.308333333333334,29.9,21.2,12.6,24,24,2023,12,30,True,True,1.0
2023-12-31,24.59166666666667,33.1,18.4,0.0,24,24,2023,12,31,True,True,0.0
2024-01-01,24.920833333333334,32.3,18.9,0.0,24,24,2024,1,1,True,True,0.0
2024-01-02,24.974999999999998,32.3,19.7,0.0,24,24,2024,1,2,True,True,0.0
2024-01-03,24.8,33.0,20.6,12.0,24,24,2024,1,3,True,True,1.0
2024-01-04,24.791666666666668,32.7,19.2,0.0,24,24,2024,1,4,True,True,0.0
2024-01-05,25.079166666666666,34.3,18.8,0.0,24,24,2024,1,5,True,True,0.0
2024-01-06,26.379166666666666,34.4,19.4,0.0,24,24,2024,1,6,True,True,0.0
2024-01-07,27.462500000000002,36.8,20.5,0.0,24,24,2024,1,7,True,True,0.0
2024-01-08,27.03333333333333,36.5,21.7,13.2,24,24,2024,1,8,True,True,1.0
2024-01-09,26.795833333333334,34.7,20.0,0.0,24,24,2024,1,9,True,True,0.0
2024-01-10,25.454166666666666,31.4,19.8,1.2,24,24,2024,1,10,True,True,1.0
2024-01-11,24.554166666666664,31.4,21.7,2.4,24,24,2024,1,11,True,True,1.0
2024-01-12,25.03333333333333,31.3,21.6,0.0,24,24,2024,1,12,True,True,0.0
2024-01-13,23.425,29.2,20.9,50.4,24,24,2024,1,13,True,True,1.0
2024-01-14,25.4875,33.2,19.1,0.0,24,24,2024,1,14,True,True,0.0
2024-01-15,25.054166666666664,30.9,22.1,0.0,24,24,2024,1,15,True,True,0.0
2024-01-16,27.037499999999998,33.2,21.5,0.0,24,24,2024,1,16,True,True,0.0
2024-01-17,27.9375,35.1,22.9,0.0,24,24,2024,1,17,True,True,0.0
2024-01-18,26.508333333333336,35.9,22.1,17.2,24,24,2024,1,18,True,True,1.0
2024-01-19,24.804166666666664,34.4,21.0,4.800000000000001,24,24,2024,1,19,True,True,1.0
2024-01-20,23.22083333333333,28.2,20.9,2.0,24,24,2024,1,20,True,True,1.0
2024-01-21,24.849999999999998,31.8,20.4,0.0,24,24,2024,1,21,True,True,0.0
2024-01-22,24.03333333333333,29.2,19.7,0.0,24,24,2024,1,22,True,True,0.0
2024-01-23,20.1375,22.5,17.8,4.0,24,24,2024,1,23,True,True,1.0
2024-01-24,21.291666666666668,28.7,15.3,0.0,24,24,2024,1,24,True,True,0.0
2024-01-25,20.479166666666668,27.6,15.6,0.0,24,24,2024,1,25,True,True,0.0
2024-01-26,20.929166666666667,29.3,14.6,0.0,24,24,2024,1,26,True,True,0.0
2024-01-27,22.724999999999998,32.1,15.7,0.0,24,24,2024,1,27,True,True,0.0
2024-01-28,24.020833333333332,32.2,18.3,0.0,24,24,2024,1,28,True,True,0.0
2024-01-29,22.883333333333336,30.2,19.6,3.8,24,24,2024,1,29,True,True,1.0
2024-01-30,25.900000000000002,33.9,20.0,0.0,24,24,2024,1,30,True,True,0.0
2024-01-31,22.483333333333334,32.8,17.6,40.199999999999996,24,24,2024,1,31,True,True,1.0
2024-02-01,23.333333333333332,32.1,17.5,0.4,24,24,2024,2,1,True,True,0.0
2024-02-02,22.991666666666664,32.7,18.5,7.6000000000000005,24,24,2024,2,2,True,True,1.0
2024-02-03,23.358333333333334,28.2,19.1,0.0,24,24,2024,2,3,True,True,0.0
2024-02-04,23.691666666666666,29.9,19.5,0.0,24,24,2024,2,4,True,True,0.0
2024-02-05,25.833333333333332,34.3,19.4,0.0,24,24,2024,2,5,True,True,0.0
2024-02-06,25.708333333333332,33.5,20.6,0.4,24,24,2024,2,6,True,True,0.0
2024-02-07,25.266666666666666,31.9,21.2,0.0,24,24,2024,2,7,True,True,0.0
2024-02-08,25.583333333333332,33.7,19.7,0.0,24,24,2024,2,8,True,True,0.0
2024-02-09,27.391666666666666,34.2,21.7,0.0,24,24,2024,2,9,True,True,0.0
2024-02-10,27.954166666666666,35.3,21.9,0.0,24,24,2024,2,10,True,True,0.0
2024-02-11,27.625,35.2,20.5,0.0,24,24,2024,2,11,True,True,0.0
2024-02-12,27.22083333333333,33.3,22.6,0.0,24,24,2024,2,12,True,True,0.0
2024-02-13,27.400000000000002,36.2,21.1,2.0,24,24,2024,2,13,True,True,1.0
2024-02-14,22.787499999999998,30.8,19.7,37.4,24,24,2024,2,14,True,True,1.0
2024-02-15,21.837500000000002,24.2,20.2,2.0,24,24,2024,2,15,True,True,1.0
2024-02-16,21.691666666666666,27.2,19.1,1.4,24,24,2024,2,16,True,True,1.0
2024-02-17,24.21666666666667,30.8,20.2,1.8,24,24,2024,2,17,True,True,1.0
2024-02-18,23.291666666666668,30.7,19.4,0.0,24,24,2024,2,18,True,True,0.0
2024-02-19,22.7,30.8,18.3,0.4,24,24,2024,2,19,True,True,0.0
2024-02-20,22.554166666666664,28.6,18.8,24.2,24,24,2024,2,20,True,True,1.0
2024-02-21,21.787499999999998,27.4,18.9,13.600000000000001,24,24,2024,2,21,True,True,1.0
2024-02-22,24.416666666666668,31.0,19.6,0.2,24,24,2024,2,22,True,True,0.0
2024-02-23,25.020833333333332,31.8,21.5,0.6000000000000001,24,24,2024,2,23,True,True,0.0
2024-02-24,26.433333333333334,32.4,21.9,0.0,24,24,2024,2,24,True,True,0.0
2024-02-25,27.395833333333332,34.8,22.0,0.0,24,24,2024,2,25,True,True,0.0
2024-02-26,27.099999999999998,34.1,22.6,0.0,24,24,2024,2,26,True,True,0.0
2024-02-27,27.045833333333334,33.7,21.9,0.0,24,24,2024,2,27,True,True,0.0
2024-02-28,28.825,35.6,23.2,0.0,24,24,2024,2,28,True,True,0.0
2024-02-29,27.254166666666666,36.1,21.6,12.8,24,24,2024,2,29,True,True,1.0
2024-03-01,25.325,34.5,20.9,0.8,24,24,2024,3,1,True,True,0.0
2024-03-02,24.8125,31.7,19.6,0.0,24,24,2024,3,2,True,True,0.0
2024-03-03,25.175,33.6,18.3,0.0,24,24,2024,3,3,True,True,0.0
2024-03-04,26.541666666666668,34.4,19.0,0.0,24,24,2024,3,4,True,True,0.0
2024-03-05,26.75,34.6,21.5,0.0,24,24,2024,3,5,True,True,0.0
2024-03-06,25.662499999999998,32.5,21.0,0.4,24,24,2024,3,6,True,True,0.0
2024-03-07,24.991666666666664,31.5,21.2,2.8000000000000003,24,24,2024,3,7,True,True,1.0
2024-03-08,25.558333333333334,32.7,21.9,4.6000000000000005,24,24,2024,3,8,True,True,1.0
2024-03-09,25.0125,32.7,22.2,28.400000000000002,24,24,2024,3,9,True,True,1.0
2024-03-10,24.208333333333332,29.4,22.0,18.8,24,24,2024,3,10,True,True,1.0
2024-03-11,24.704166666666666,31.5,20.0,0.0,24,24,2024,3,11,True,True,0.0
2024-03-12,24.90833333333333,33.7,18.6,0.0,24,24,2024,3,12,True,True,0.0
2024-03-13,26.275000000000002,34.1,20.4,0.0,24,24,2024,3,13,True,True,0.0
2024-03-14,27.625,33.8,22.9,0.0,24,24,2024,3,14,True,True,0.0
2024-03-15,28.370833333333334,36.2,22.9,0.0,24,24,2024,3,15,True,True,0.0
2024-03-16,28.416666666666668,35.6,22.7,0.0,24,24,2024,3,16,True,True,0.0
2024-03-17,26.8875,34.3,22.5,3.2,24,24,2024,3,17,True,True,1.0
2024-03-18,26.425,33.4,21.8,0.0,24,24,2024,3,18,True,True,0.0
2024-03-19,26.8875,35.7,22.1,12.200000000000001,24,24,2024,3,19,True,True,1.0
2024-03-20,26.254166666666666,32.7,22.0,0.4,24,24,2024,3,20,True,True,0.0
2024-03-21,26.245833333333334,34.0,21.7,29.2,24,24,2024,3,21,True,True,1.0
2024-03-22,23.087500000000002,27.4,20.5,0.0,24,24,2024,3,22,True,True,0.0
2024-03-23,20.349999999999998,22.5,19.2,0.0,24,24,2024,3,23,True,True,0.0
2024-03-24,19.004166666666666,20.0,17.3,23.4,24,24,2024,3,24,True,True,1.0
2024-03-25,22.97083333333333,29.9,18.6,0.0,24,24,2024,3,25,True,True,0.0
2024-03-26,21.962500000000002,25.5,19.1,13.2,24,24,2024,3,26,True,True,1.0
2024-03-27,21.033333333333335,24.4,18.6,0.2,24,24,2024,3,27,True,True,0.0
2024-03-28,21.695833333333336,27.4,19.1,0.4,24,24,2024,3,28,True,True,0.0
2024-03-29,22.141666666666666,25.8,19.1,0.0,24,24,2024,3,29,True,True,0.0
2024-03-30,23.329166666666666,30.1,19.0,0.6000000000000001,24,24,2024,3,30,True,True,0.0
2024-03-31,24.84583333333333,32.3,19.5,0.0,24,24,2024,3,31,True,True,0.0
2024-04-01,24.97083333333333,31.6,20.3,0.0,24,24,2024,4,1,True,True,0.0
2024-04-02,24.162499999999998,30.3,21.2,2.2,24,24,2024,4,2,True,True,1.0
2024-04-03,25.0125,31.7,20.1,0.0,24,24,2024,4,3,True,True,0.0
2024-04-04,26.070833333333336,33.9,21.0,0.0,24,24,2024,4,4,True,True,0.0
2024-04-05,26.045833333333334,33.9,21.9,1.6,24,24,2024,4,5,True,True,1.0
2024-04-06,24.241666666666664,31.0,19.8,0.0,24,24,2024,4,6,True,True,0.0
2024-04-07,23.933333333333334,31.4,18.8,0.0,24,24,2024,4,7,True,True,0.0
2024-04-08,22.962500000000002,26.9,21.0,35.6,24,24,2024,4,8,True,True,1.0
2024-04-09,22.645833333333332,29.2,19.7,5.6,24,24,2024,4,9,True,True,1.0
2024-04-10,23.412499999999998,29.0,20.2,4.4,24,24,2024,4,10,True,True,1.0
2024-04-11,24.712500000000002,31.6,20.6,0.2,24,24,2024,4,11,True,True,0.0
2024-04-12,24.541666666666668,30.6,20.6,0.0,24,24,2024,4,12,True,True,0.0
2024-04-13,24.599999999999998,30.0,20.3,0.0,24,24,2024,4,13,True,True,0.0
2024-04-14,22.641666666666666,25.3,21.3,4.200000000000001,24,24,2024,4,14,True,True,1.0
2024-04-15,24.004166666666666,29.7,21.1,0.4,24,24,2024,4,15,True,True,0.0
2024-04-16,25.09166666666667,30.2,21.8,0.0,24,24,2024,4,16,True,True,0.0
2024-04-17,23.729166666666668,29.4,21.2,28.8,24,24,2024,4,17,True,True,1.0
2024-04-18,21.454166666666666,26.0,17.7,0.2,24,24,2024,4,18,True,True,0.0
2024-04-19,19.745833333333334,27.2,13.4,0.0,24,24,2024,4,19,True,True,0.0
2024-04-20,21.095833333333335,28.9,14.7,0.0,24,24,2024,4,20,True,True,0.0
2024-04-21,22.083333333333332,29.6,16.7,0.0,24,24,2024,4,21,True,True,0.0
2024-04-22,23.537499999999998,31.0,18.5,0.0,24,24,2024,4,22,True,True,0.0
2024-04-23,24.0625,31.6,18.9,0.0,24,24,2024,4,23,True,True,0.0
2024-04-24,24.041666666666668,31.6,18.8,0.0,24,24,2024,4,24,True,True,0.0
2024-04-25,24.2375,31.8,19.3,0.0,24,24,2024,4,25,True,True,0.0
2024-04-26,24.304166666666664,31.6,19.6,0.0,24,24,2024,4,26,True,True,0.0
2024-04-27,25.483333333333334,32.3,20.6,0.0,24,24,2024,4,27,True,True,0.0
2024-04-28,25.775000000000002,32.4,21.2,0.0,24,24,2024,4,28,True,True,0.0
2024-04-29,25.229166666666668,33.2,20.6,0.0,24,24,2024,4,29,True,True,0.0
2024-04-30,25.070833333333336,32.9,18.8,0.0,24,24,2024,4,30,True,True,0.0
2024-05-01,25.895833333333332,33.1,19.5,0.0,24,24,2024,5,1,True,True,0.0
2024-05-02,25.59166666666667,33.0,19.3,0.0,24,24,2024,5,2,True,True,0.0
2024-05-03,25.59166666666667,33.2,19.6,0.0,24,24,2024,5,3,True,True,0.0
2024-05-04,25.241666666666664,33.1,19.6,0.0,24,24,2024,5,4,True,True,0.0
2024-05-05,24.958333333333332,32.5,17.6,0.0,24,24,2024,5,5,True,True,0.0
2024-05-06,24.008333333333336,31.7,18.1,0.0,24,24,2024,5,6,True,True,0.0
2024-05-07,25.03333333333333,32.4,20.6,0.0,24,24,2024,5,7,True,True,0.0
2024-05-08,25.3125,31.6,20.2,0.0,24,24,2024,5,8,True,True,0.0
2024-05-09,24.320833333333336,32.1,19.2,0.0,24,24,2024,5,9,True,True,0.0
2024-05-10,23.958333333333332,30.9,19.6,0.0,24,24,2024,5,10,True,True,0.0
2024-05-11,24.816666666666666,31.8,18.6,0.0,24,24,2024,5,11,True,True,0.0
2024-05-12,24.625,31.9,18.5,0.0,24,24,2024,5,12,True,True,0.0
2024-05-13,24.96666666666667,32.1,18.6,0.0,24,24,2024,5,13,True,True,0.0
2024-05-14,23.141666666666666,29.6,18.4,0.0,24,24,2024,5,14,True,True,0.0
2024-05-15,21.133333333333333,29.0,15.9,0.0,24,24,2024,5,15,True,True,0.0
2024-05-16,23.083333333333332,32.0,15.9,0.0,24,24,2024,5,16,True,True,0.0
2024-05-17,24.979166666666668,33.3,19.0,0.0,24,24,2024,5,17,True,True,0.0
2024-05-18,24.650000000000002,31.8,18.2,0.0,24,24,2024,5,18,True,True,0.0
2024-05-19,23.070833333333336,30.1,17.8,0.0,24,24,2024,5,19,True,True,0.0
2024-05-20,22.65833333333333,29.3,17.6,0.0,24,24,2024,5,20,True,True,0.0
2024-05-21,22.891666666666666,29.6,17.2,0.0,24,24,2024,5,21,True,True,0.0
2024-05-22,22.849999999999998,30.5,18.3,0.0,24,24,2024,5,22,True,True,0.0
2024-05-23,23.516666666666666,31.1,17.8,0.0,24,24,2024,5,23,True,True,0.0
2024-05-24,19.366666666666667,23.6,17.5,5.4,24,24,2024,5,24,True,True,1.0
2024-05-25,19.283333333333335,22.5,16.8,0.0,24,24,2024,5,25,True,True,0.0
2024-05-26,16.170833333333334,19.4,14.6,10.6,24,24,2024,5,26,True,True,1.0
2024-05-27,19.104166666666668,25.4,15.1,2.0,24,24,2024,5,27,True,True,1.0
2024-05-28,15.275,19.1,10.9,0.0,24,24,2024,5,28,True,True,0.0
2024-05-29,12.933333333333332,21.2,6.4,0.2,24,24,2024,5,29,True,True,0.0
2024-05-30,14.058333333333332,21.9,9.0,0.0,24,24,2024,5,30,True,True,0.0
2024-05-31,14.891666666666666,23.0,7.9,0.0,24,24,2024,5,31,True,True,0.0
2024-06-01,17.6875,26.3,12.1,0.0,24,24,2024,6,1,True,True,0.0
2024-06-02,19.849999999999998,27.8,14.3,0.0,24,24,2024,6,2,True,True,0.0
2024-06-03,21.40416666666667,28.3,17.2,0.0,24,24,2024,6,3,True,True,0.0
2024-06-04,19.666666666666668,25.3,15.8,0.0,24,24,2024,6,4,True,True,0.0
2024-06-05,19.125,27.1,14.0,0.0,24,24,2024,6,5,True,True,0.0
2024-06-06,20.9875,28.8,16.3,0.0,24,24,2024,6,6,True,True,0.0
2024-06-07,21.108333333333334,28.9,15.4,0.0,24,24,2024,6,7,True,True,0.0
2024-06-08,21.25,28.7,15.2,0.0,24,24,2024,6,8,True,True,0.0
2024-06-09,21.8875,29.2,16.6,0.0,24,24,2024,6,9,True,True,0.0
2024-06-10,22.337500000000002,29.9,17.4,0.0,24,24,2024,6,10,True,True,0.0
2024-06-11,21.962500000000002,29.6,16.4,0.0,24,24,2024,6,11,True,True,0.0
2024-06-12,21.666666666666668,29.6,16.0,0.0,24,24,2024,6,12,True,True,0.0
2024-06-13,21.8625,29.2,16.4,0.0,24,24,2024,6,13,True,True,0.0
2024-06-14,22.070833333333336,30.0,15.6,0.0,24,24,2024,6,14,True,True,0.0
2024-06-15,22.891666666666666,30.5,17.6,0.0,24,24,2024,6,15,True,True,0.0
2024-06-16,22.912499999999998,30.1,16.9,0.0,24,24,2024,6,16,True,True,0.0
2024-06-17,21.7375,29.1,15.7,0.0,24,24,2024,6,17,True,True,0.0
2024-06-18,20.870833333333334,28.7,15.5,0.0,24,24,2024,6,18,True,True,0.0
2024-06-19,21.645833333333332,29.7,16.3,0.0,24,24,2024,6,19,True,True,0.0
2024-06-20,21.895833333333332,29.8,16.4,0.0,24,24,2024,6,20,True,True,0.0
2024-06-21,20.666666666666668,28.4,14.9,0.0,24,24,2024,6,21,True,True,0.0
2024-06-22,21.679166666666664,29.7,16.1,0.0,24,24,2024,6,22,True,True,0.0
2024-06-23,22.995833333333334,30.6,15.6,0.0,24,24,2024,6,23,True,True,0.0
2024-06-24,23.929166666666664,31.2,18.3,0.0,24,24,2024,6,24,True,True,0.0
2024-06-25,22.587500000000002,28.6,17.5,0.0,24,24,2024,6,25,True,True,0.0
2024-06-26,22.0125,31.1,15.0,0.0,24,24,2024,6,26,True,True,0.0
2024-06-27,20.900000000000002,27.5,16.0,0.0,24,24,2024,6,27,True,True,0.0
2024-06-28,21.241666666666667,28.6,15.5,0.0,24,24,2024,6,28,True,True,0.0
2024-06-29,22.375,29.7,17.2,0.0,24,24,2024,6,29,True,True,0.0
2024-06-30,18.004166666666666,24.2,14.4,0.6,24,24,2024,6,30,True,True,0.0
2024-07-01,13.691666666666668,17.6,11.8,4.800000000000001,24,24,2024,7,1,True,True,1.0
2024-07-02,16.979166666666668,25.8,10.7,0.2,24,24,2024,7,2,True,True,0.0
2024-07-03,20.704166666666666,28.2,14.3,0.0,24,24,2024,7,3,True,True,0.0
2024-07-04,22.28333333333333,28.7,16.9,0.0,24,24,2024,7,4,True,True,0.0
2024-07-05,21.395833333333332,26.5,17.6,0.0,24,24,2024,7,5,True,True,0.0
2024-07-06,20.329166666666666,27.7,14.1,0.0,24,24,2024,7,6,True,True,0.0
2024-07-07,20.650000000000002,29.6,14.0,0.0,24,24,2024,7,7,True,True,0.0
2024-07-08,19.175,25.0,12.8,0.6000000000000001,24,24,2024,7,8,True,True,0.0
2024-07-09,13.920833333333334,16.7,13.3,12.0,24,24,2024,7,9,True,True,1.0
2024-07-10,16.166666666666668,20.4,13.8,0.2,24,24,2024,7,10,True,True,0.0
2024-07-11,20.587500000000002,28.5,15.1,0.0,24,24,2024,7,11,True,True,0.0
2024-07-12,20.25,24.7,16.1,0.0,24,24,2024,7,12,True,True,0.0
2024-07-13,18.654166666666665,24.9,14.9,0.0,24,24,2024,7,13,True,True,0.0
2024-07-14,20.016666666666666,28.4,14.5,0.0,24,24,2024,7,14,True,True,0.0
2024-07-15,19.108333333333334,26.0,14.6,0.0,24,24,2024,7,15,True,True,0.0
2024-07-16,18.670833333333334,26.5,12.7,0.0,24,24,2024,7,16,True,True,0.0
2024-07-17,19.566666666666666,28.1,14.2,0.0,24,24,2024,7,17,True,True,0.0
2024-07-18,20.695833333333333,28.4,14.7,0.0,24,24,2024,7,18,True,True,0.0
2024-07-19,19.345833333333335,28.1,12.5,0.0,24,24,2024,7,19,True,True,0.0
2024-07-20,18.733333333333334,27.9,10.7,0.0,24,24,2024,7,20,True,True,0.0
2024-07-21,18.8625,28.6,11.7,0.0,24,24,2024,7,21,True,True,0.0
2024-07-22,20.645833333333332,29.0,13.5,0.0,24,24,2024,7,22,True,True,0.0
2024-07-23,19.979166666666668,28.8,13.5,0.0,24,24,2024,7,23,True,True,0.0
2024-07-24,20.270833333333332,28.9,12.6,0.0,24,24,2024,7,24,True,True,0.0
2024-07-25,20.991666666666667,29.1,15.4,0.0,24,24,2024,7,25,True,True,0.0
2024-07-26,21.183333333333334,29.0,15.7,0.0,24,24,2024,7,26,True,True,0.0
2024-07-27,21.516666666666666,29.0,16.5,0.0,24,24,2024,7,27,True,True,0.0
2024-07-28,22.6875,31.5,16.2,0.0,24,24,2024,7,28,True,True,0.0
2024-07-29,22.933333333333334,31.5,17.8,0.0,24,24,2024,7,29,True,True,0.0
2024-07-30,16.108333333333334,18.9,14.6,0.8,24,24,2024,7,30,True,True,0.0
2024-07-31,19.704166666666666,27.9,13.7,0.0,24,24,2024,7,31,True,True,0.0
2024-08-01,20.7375,29.1,14.4,0.0,24,24,2024,8,1,True,True,0.0
2024-08-02,21.71666666666667,29.9,14.8,0.0,24,24,2024,8,2,True,True,0.0
2024-08-03,23.666666666666668,30.6,17.4,0.0,24,24,2024,8,3,True,True,0.0
2024-08-04,23.0625,30.8,17.1,0.0,24,24,2024,8,4,True,True,0.0
2024-08-05,23.8625,31.3,19.2,0.0,24,24,2024,8,5,True,True,0.0
2024-08-06,24.0625,31.7,18.1,0.0,24,24,2024,8,6,True,True,0.0
2024-08-07,25.099999999999998,32.2,20.0,0.0,24,24,2024,8,7,True,True,0.0
2024-08-08,23.958333333333332,32.1,16.6,0.0,24,24,2024,8,8,True,True,0.0
2024-08-09,17.491666666666667,21.5,11.6,16.6,24,24,2024,8,9,True,True,1.0
2024-08-10,12.549999999999999,19.2,8.9,7.0,24,24,2024,8,10,True,True,1.0
2024-08-11,13.954166666666666,21.9,8.5,0.0,24,24,2024,8,11,True,True,0.0
2024-08-12,14.174999999999999,22.2,8.0,0.0,24,24,2024,8,12,True,True,0.0
2024-08-13,13.9375,21.2,8.4,0.0,24,24,2024,8,13,True,True,0.0
2024-08-14,15.245833333333332,25.4,6.9,0.0,24,24,2024,8,14,True,True,0.0
2024-08-15,21.520833333333332,31.5,13.4,0.0,24,24,2024,8,15,True,True,0.0
2024-08-16,24.45,33.0,18.1,0.0,24,24,2024,8,16,True,True,0.0
2024-08-17,25.087500000000002,34.2,18.8,0.0,24,24,2024,8,17,True,True,0.0
2024-08-18,25.116666666666664,34.0,18.7,0.0,24,24,2024,8,18,True,True,0.0
2024-08-19,25.733333333333334,34.5,20.0,0.0,24,24,2024,8,19,True,True,0.0
2024-08-20,26.166666666666668,34.3,19.7,0.0,24,24,2024,8,20,True,True,0.0
2024-08-21,23.820833333333336,33.0,16.6,0.0,24,24,2024,8,21,True,True,0.0
2024-08-22,25.933333333333334,34.9,20.0,0.0,24,24,2024,8,22,True,True,0.0
2024-08-23,26.229166666666668,36.0,18.5,0.0,24,24,2024,8,23,True,True,0.0
2024-08-24,19.4375,28.8,16.0,4.0,24,24,2024,8,24,True,True,1.0
2024-08-25,14.049999999999999,16.1,11.3,0.2,24,24,2024,8,25,True,True,0.0
2024-08-26,13.229166666666666,21.8,6.9,0.2,24,24,2024,8,26,True,True,0.0
2024-08-27,15.4125,26.1,7.0,0.0,24,24,2024,8,27,True,True,0.0
2024-08-28,17.829166666666666,28.6,8.8,0.0,24,24,2024,8,28,True,True,0.0
2024-08-29,21.566666666666666,32.1,13.2,0.0,24,24,2024,8,29,True,True,0.0
2024-08-30,24.495833333333334,32.8,18.7,0.0,24,24,2024,8,30,True,True,0.0
2024-08-31,24.675,33.7,17.8,0.0,24,24,2024,8,31,True,True,0.0
2024-09-01,25.925,35.4,18.8,0.0,24,24,2024,9,1,True,True,0.0
2024-09-02,25.870833333333334,35.1,18.0,0.0,24,24,2024,9,2,True,True,0.0
2024-09-03,26.766666666666666,37.0,19.6,0.0,24,24,2024,9,3,True,True,0.0
2024-09-04,27.712500000000002,37.1,19.9,0.0,24,24,2024,9,4,True,True,0.0
2024-09-05,27.608333333333334,36.3,18.8,0.0,24,24,2024,9,5,True,True,0.0
2024-09-06,21.058333333333334,29.1,15.7,0.0,24,24,2024,9,6,True,True,0.0
2024-09-07,24.916666666666668,36.1,15.7,0.0,24,24,2024,9,7,True,True,0.0
2024-09-08,28.7375,36.1,23.5,0.0,24,24,2024,9,8,True,True,0.0
2024-09-09,28.537499999999998,35.3,23.2,0.0,24,24,2024,9,9,True,True,0.0
2024-09-10,27.045833333333334,34.9,20.4,0.0,24,24,2024,9,10,True,True,0.0
2024-09-11,28.0625,36.8,20.9,0.0,24,24,2024,9,11,True,True,0.0
2024-09-12,27.787499999999998,37.2,19.1,0.0,24,24,2024,9,12,True,True,0.0
2024-09-13,28.52916666666667,37.1,21.7,0.0,24,24,2024,9,13,True,True,0.0
2024-09-14,28.016666666666666,35.8,21.2,0.0,24,24,2024,9,14,True,True,0.0
2024-09-15,22.212500000000002,30.1,17.2,0.0,24,24,2024,9,15,True,True,0.0
2024-09-16,17.558333333333334,20.9,15.8,10.2,24,24,2024,9,16,True,True,1.0
2024-09-17,19.233333333333334,26.9,13.7,0.0,24,24,2024,9,17,True,True,0.0
2024-09-18,19.820833333333333,26.7,14.7,0.0,24,24,2024,9,18,True,True,0.0
2024-09-19,24.354166666666668,35.2,15.6,0.0,24,24,2024,9,19,True,True,0.0
2024-09-20,26.34166666666667,37.6,18.6,0.4,24,24,2024,9,20,True,True,0.0
2024-09-21,22.28333333333333,28.9,17.7,0.0,24,24,2024,9,21,True,True,0.0
2024-09-22,25.78333333333333,35.1,18.9,0.0,24,24,2024,9,22,True,True,0.0
2024-09-23,28.47083333333333,37.4,21.0,0.0,24,24,2024,9,23,True,True,0.0
2024-09-24,28.587500000000002,38.0,20.1,0.0,24,24,2024,9,24,True,True,0.0
2024-09-25,29.933333333333334,39.3,22.3,0.0,24,24,2024,9,25,True,True,0.0
2024-09-26,31.291666666666668,39.1,21.6,0.0,24,24,2024,9,26,True,True,0.0
2024-09-27,25.587500000000002,31.5,20.9,0.0,24,24,2024,9,27,True,True,0.0
2024-09-28,22.579166666666666,32.4,15.9,0.0,24,24,2024,9,28,True,True,0.0
2024-09-29,24.129166666666666,35.5,14.9,0.0,24,24,2024,9,29,True,True,0.0
2024-09-30,26.537499999999998,36.3,17.9,0.0,24,24,2024,9,30,True,True,0.0
2024-10-01,29.620833333333334,37.7,22.8,0.0,24,24,2024,10,1,True,True,0.0
2024-10-02,29.770833333333332,39.0,21.7,0.2,24,24,2024,10,2,True,True,0.0
2024-10-03,23.775000000000002,32.7,17.7,0.0,24,24,2024,10,3,True,True,0.0
2024-10-04,21.454166666666666,29.9,16.7,0.0,24,24,2024,10,4,True,True,0.0
2024-10-05,23.05,34.2,14.6,0.0,24,24,2024,10,5,True,True,0.0
2024-10-06,23.791666666666668,35.9,13.8,0.0,24,24,2024,10,6,True,True,0.0
2024-10-07,24.675,35.8,15.6,0.0,24,24,2024,10,7,True,True,0.0
2024-10-08,27.087500000000002,39.7,17.0,0.0,24,24,2024,10,8,True,True,0.0
2024-10-09,22.766666666666666,28.6,19.1,0.0,24,24,2024,10,9,True,True,0.0
2024-10-10,22.129166666666666,29.6,18.4,0.2,24,24,2024,10,10,True,True,0.0
2024-10-11,22.433333333333334,30.1,19.5,17.799999999999997,24,24,2024,10,11,True,True,1.0
2024-10-12,23.1125,29.8,18.5,0.0,24,24,2024,10,12,True,True,0.0
2024-10-13,24.254166666666666,34.1,18.3,0.0,24,24,2024,10,13,True,True,0.0
2024-10-14,23.995833333333334,33.9,17.7,0.0,24,24,2024,10,14,True,True,0.0
2024-10-15,25.0125,34.9,16.9,0.0,24,24,2024,10,15,True,True,0.0
2024-10-16,26.162499999999998,36.0,18.2,0.0,24,24,2024,10,16,True,True,0.0
2024-10-17,27.27916666666667,36.3,19.9,0.0,24,24,2024,10,17,True,True,0.0
2024-10-18,25.59583333333333,33.0,18.8,0.0,24,24,2024,10,18,True,True,0.0
2024-10-19,20.7375,25.5,17.0,0.4,24,24,2024,10,19,True,True,0.0
2024-10-20,19.345833333333335,25.6,15.6,1.2000000000000002,24,24,2024,10,20,True,True,1.0
2024-10-21,23.1125,30.9,18.9,0.0,24,24,2024,10,21,True,True,0.0
2024-10-22,25.329166666666666,33.6,20.8,0.0,24,24,2024,10,22,True,True,0.0
2024-10-23,24.504166666666666,32.8,19.6,45.2,24,24,2024,10,23,True,True,1.0
2024-10-24,24.474999999999998,33.3,19.9,3.6,24,24,2024,10,24,True,True,1.0
2024-10-25,24.245833333333334,29.7,20.0,22.4,24,24,2024,10,25,True,True,1.0
2024-10-26,25.650000000000002,31.1,21.8,2.0,24,24,2024,10,26,True,True,1.0
2024-10-27,22.108333333333334,27.4,19.6,0.0,24,24,2024,10,27,True,True,0.0
2024-10-28,22.704166666666666,30.0,17.6,0.0,24,24,2024,10,28,True,True,0.0
2024-10-29,24.458333333333332,34.3,17.5,0.0,24,24,2024,10,29,True,True,0.0
2024-10-30,24.620833333333334,33.6,17.2,0.0,24,24,2024,10,30,True,True,0.0
2024-10-31,23.34166666666667,32.8,17.8,0.0,24,24,2024,10,31,True,True,0.0
2024-11-01,24.504166666666666,32.3,18.7,0.0,24,24,2024,11,1,True,True,0.0
2024-11-02,21.704166666666666,24.2,19.9,10.2,24,24,2024,11,2,True,True,1.0
2024-11-03,22.28333333333333,27.8,19.7,15.600000000000001,24,24,2024,11,3,True,True,1.0
2024-11-04,21.0625,22.1,20.1,20.599999999999998,24,24,2024,11,4,True,True,1.0
2024-11-05,22.558333333333334,27.5,20.6,39.8,24,24,2024,11,5,True,True,1.0
2024-11-06,23.162499999999998,29.3,20.3,1.6,24,24,2024,11,6,True,True,1.0
2024-11-07,21.795833333333334,23.7,19.7,64.6,24,24,2024,11,7,True,True,1.0
2024-11-08,21.704166666666666,26.6,19.6,28.799999999999997,24,24,2024,11,8,True,True,1.0
2024-11-09,22.3875,29.0,18.2,0.0,24,24,2024,11,9,True,True,0.0
2024-11-10,22.75,30.7,16.2,0.0,24,24,2024,11,10,True,True,0.0
2024-11-11,24.2,33.1,15.8,0.0,24,24,2024,11,11,True,True,0.0
2024-11-12,27.59583333333333,35.2,20.7,0.0,24,24,2024,11,12,True,True,0.0
2024-11-13,21.52916666666667,26.8,18.2,1.0,24,24,2024,11,13,True,True,1.0
2024-11-14,22.5125,30.7,16.0,0.0,24,24,2024,11,14,True,True,0.0
2024-11-15,23.004166666666666,31.3,17.6,0.0,24,24,2024,11,15,True,True,0.0
2024-11-16,22.604166666666668,27.4,19.2,1.0,24,24,2024,11,16,True,True,1.0
2024-11-17,23.516666666666666,30.1,19.0,0.0,24,24,2024,11,17,True,True,0.0
2024-11-18,25.65833333333333,34.4,18.8,0.0,24,24,2024,11,18,True,True,0.0
2024-11-19,27.079166666666666,35.1,20.2,0.0,24,24,2024,11,19,True,True,0.0
2024-11-20,26.829166666666666,36.0,19.8,0.0,24,24,2024,11,20,True,True,0.0
2024-11-21,25.675,31.8,21.0,0.0,24,24,2024,11,21,True,True,0.0
2024-11-22,23.233333333333334,28.5,19.9,0.0,24,24,2024,11,22,True,True,0.0
2024-11-23,23.958333333333332,31.9,17.3,0.0,24,24,2024,11,23,True,True,0.0
2024-11-24,22.820833333333336,30.8,17.0,0.0,24,24,2024,11,24,True,True,0.0
2024-11-25,24.0,33.0,16.3,0.0,24,24,2024,11,25,True,True,0.0
2024-11-26,27.204166666666666,35.1,20.1,0.0,24,24,2024,11,26,True,True,0.0
2024-11-27,28.441666666666666,36.0,22.4,0.0,24,24,2024,11,27,True,True,0.0
2024-11-28,26.375,33.9,22.5,2.2,24,24,2024,11,28,True,True,1.0
2024-11-29,23.53333333333333,28.2,20.7,4.8,24,24,2024,11,29,True,True,1.0
2024-11-30,26.016666666666666,33.2,21.0,0.0,24,24,2024,11,30,True,True,0.0
2024-12-01,27.270833333333332,34.9,21.2,0.0,24,24,2024,12,1,True,True,0.0
2024-12-02,23.0125,27.4,21.0,39.8,24,24,2024,12,2,True,True,1.0
2024-12-03,22.945833333333336,28.6,20.9,32.2,24,24,2024,12,3,True,True,1.0
2024-12-04,21.704166666666666,26.6,19.1,2.4000000000000004,24,24,2024,12,4,True,True,1.0
2024-12-05,22.679166666666664,30.1,18.6,0.2,24,24,2024,12,5,True,True,0.0
2024-12-06,25.183333333333334,32.2,21.6,3.6000000000000005,24,24,2024,12,6,True,True,1.0
2024-12-07,27.204166666666666,33.8,22.5,0.0,24,24,2024,12,7,True,True,0.0
2024-12-08,23.22083333333333,28.5,20.1,13.2,24,24,2024,12,8,True,True,1.0
2024-12-09,23.916666666666668,30.8,21.2,2.0,24,24,2024,12,9,True,True,1.0
2024-12-10,23.808333333333334,30.0,19.8,10.599999999999998,24,24,2024,12,10,True,True,1.0
2024-12-11,23.041666666666668,30.0,17.6,0.0,24,24,2024,12,11,True,True,0.0
2024-12-12,23.495833333333334,31.5,16.9,0.0,24,24,2024,12,12,True,True,0.0
2024-12-13,23.97083333333333,32.0,18.1,0.0,24,24,2024,12,13,True,True,0.0
2024-12-14,21.708333333333332,24.1,20.3,1.4,24,24,2024,12,14,True,True,1.0
2024-12-15,24.675,30.4,20.8,1.8,24,24,2024,12,15,True,True,1.0
2024-12-16,24.037499999999998,30.7,19.5,0.0,24,24,2024,12,16,True,True,0.0
2024-12-17,24.208333333333332,32.0,17.0,0.0,24,24,2024,12,17,True,True,0.0
2024-12-18,24.775000000000002,33.1,18.3,0.0,24,24,2024,12,18,True,True,0.0
2024-12-19,25.46666666666667,32.7,19.0,0.0,24,24,2024,12,19,True,True,0.0
2024-12-20,23.925,31.8,20.6,11.8,24,24,2024,12,20,True,True,1.0
2024-12-21,22.754166666666666,29.8,19.7,29.999999999999996,24,24,2024,12,21,True,True,1.0
2024-12-22,23.525000000000002,29.4,20.4,0.4,24,24,2024,12,22,True,True,0.0
2024-12-23,24.412499999999998,30.8,19.7,0.0,24,24,2024,12,23,True,True,0.0
2024-12-24,24.745833333333334,32.3,18.3,0.0,24,24,2024,12,24,True,True,0.0
2024-12-25,23.858333333333334,32.0,19.5,20.8,24,24,2024,12,25,True,True,1.0
2024-12-26,21.962500000000002,28.6,20.1,28.6,24,24,2024,12,26,True,True,1.0
2024-12-27,24.40833333333333,30.7,20.8,0.4,24,24,2024,12,27,True,True,0.0
2024-12-28,25.0,32.4,20.0,14.4,24,24,2024,12,28,True,True,1.0
2024-12-29,22.974999999999998,31.2,19.3,2.4000000000000004,24,24,2024,12,29,True,True,1.0
2024-12-30,23.695833333333336,30.6,17.8,0.2,24,24,2024,12,30,True,True,0.0
2024-12-31,24.683333333333334,31.1,19.1,0.0,24,24,2024,12,31,True,True,0.0
2025-01-01,24.712500000000002,31.8,19.7,4.6,24,24,2025,1,1,True,True,1.0
2025-01-02,24.504166666666666,31.5,18.3,12.8,24,24,2025,1,2,True,True,1.0
2025-01-03,24.545833333333334,29.3,21.4,0.0,24,24,2025,1,3,True,True,0.0
2025-01-04,23.629166666666666,30.4,19.9,0.2,24,24,2025,1,4,True,True,0.0
2025-01-05,25.150000000000002,33.1,19.3,0.0,24,24,2025,1,5,True,True,0.0
2025-01-06,25.45,32.9,19.1,0.0,24,24,2025,1,6,True,True,0.0
2025-01-07,24.2625,31.6,19.9,0.0,24,24,2025,1,7,True,True,0.0
2025-01-08,24.416666666666668,32.0,18.7,0.0,24,24,2025,1,8,True,True,0.0
2025-01-09,23.8625,31.4,18.6,0.0,24,24,2025,1,9,True,True,0.0
2025-01-10,23.979166666666668,31.7,17.7,0.0,24,24,2025,1,10,True,True,0.0
2025-01-11,24.820833333333336,33.2,18.0,0.0,24,24,2025,1,11,True,True,0.0
2025-01-12,24.037499999999998,30.6,18.5,0.0,24,24,2025,1,12,True,True,0.0
2025-01-13,24.037499999999998,32.3,17.2,0.0,24,24,2025,1,13,True,True,0.0
2025-01-14,23.599999999999998,33.2,15.4,0.0,24,24,2025,1,14,True,True,0.0
2025-01-15,23.829166666666666,33.7,17.2,32.8,24,24,2025,1,15,True,True,1.0
2025-01-16,23.083333333333332,30.1,19.8,3.1999999999999997,24,24,2025,1,16,True,True,1.0
2025-01-17,22.84166666666667,29.5,20.8,31.2,24,24,2025,1,17,True,True,1.0
2025-01-18,25.34583333333333,31.8,20.9,0.0,24,24,2025,1,18,True,True,0.0
2025-01-19,27.604166666666668,33.7,22.1,0.0,24,24,2025,1,19,True,True,0.0
2025-01-20,25.962500000000002,32.5,21.9,0.4,24,24,2025,1,20,True,True,0.0
2025-01-21,26.704166666666666,33.6,21.8,0.0,24,24,2025,1,21,True,True,0.0
2025-01-22,26.775000000000002,34.3,20.7,10.4,24,24,2025,1,22,True,True,1.0
2025-01-23,25.120833333333334,33.0,19.9,41.4,24,24,2025,1,23,True,True,1.0
2025-01-24,25.02916666666667,33.0,19.8,4.6,24,24,2025,1,24,True,True,1.0
2025-01-25,27.016666666666666,34.0,21.2,0.0,24,24,2025,1,25,True,True,0.0
2025-01-26,26.087500000000002,32.7,21.5,0.0,24,24,2025,1,26,True,True,0.0
2025-01-27,24.575,30.3,20.2,0.0,24,24,2025,1,27,True,True,0.0
2025-01-28,23.52916666666667,28.2,21.4,4.0,24,24,2025,1,28,True,True,1.0
2025-01-29,24.349999999999998,30.6,20.6,6.4,24,24,2025,1,29,True,True,1.0
2025-01-30,23.96666666666667,30.5,21.0,10.0,24,24,2025,1,30,True,True,1.0
2025-01-31,23.370833333333334,29.2,20.8,3.4000000000000004,24,24,2025,1,31,True,True,1.0
2025-02-01,23.28333333333333,28.3,20.9,2.8000000000000003,24,24,2025,2,1,True,True,1.0
2025-02-02,23.920833333333334,30.1,20.7,1.8,24,24,2025,2,2,True,True,1.0
2025-02-03,23.099999999999998,26.7,21.4,2.0,24,24,2025,2,3,True,True,1.0
2025-02-04,23.037499999999998,27.2,20.8,11.6,24,24,2025,2,4,True,True,1.0
2025-02-05,23.775000000000002,29.2,21.0,0.8,24,24,2025,2,5,True,True,0.0
2025-02-06,24.616666666666664,31.9,21.0,0.0,24,24,2025,2,6,True,True,0.0
2025-02-07,24.941666666666666,34.1,19.5,2.6,24,24,2025,2,7,True,True,1.0
2025-02-08,24.8875,32.5,18.6,0.6,24,24,2025,2,8,True,True,0.0
2025-02-09,25.433333333333334,33.4,20.8,0.0,24,24,2025,2,9,True,True,0.0
2025-02-10,23.916666666666668,33.0,20.0,7.800000000000001,24,24,2025,2,10,True,True,1.0
2025-02-11,25.6125,32.8,20.0,0.2,24,24,2025,2,11,True,True,0.0
2025-02-12,23.5,30.1,20.3,0.2,24,24,2025,2,12,True,True,0.0
2025-02-13,24.441666666666666,31.4,20.5,0.2,24,24,2025,2,13,True,True,0.0
2025-02-14,23.974999999999998,31.6,20.1,2.0,24,24,2025,2,14,True,True,1.0
2025-02-15,25.900000000000002,32.0,21.2,0.0,24,24,2025,2,15,True,True,0.0
2025-02-16,27.495833333333334,34.6,22.9,0.0,24,24,2025,2,16,True,True,0.0
2025-02-17,27.545833333333334,35.4,20.9,0.0,24,24,2025,2,17,True,True,0.0
2025-02-18,24.425,31.8,21.6,15.4,24,24,2025,2,18,True,True,1.0
2025-02-19,25.6375,33.4,20.5,0.0,24,24,2025,2,19,True,True,0.0
2025-02-20,26.96666666666667,34.9,21.5,0.0,24,24,2025,2,20,True,True,0.0
2025-02-21,26.474999999999998,35.4,21.6,0.0,24,24,2025,2,21,True,True,0.0
2025-02-22,26.462500000000002,33.4,22.0,0.0,24,24,2025,2,22,True,True,0.0
2025-02-23,26.6375,33.6,21.7,0.0,24,24,2025,2,23,True,True,0.0
2025-02-24,26.825,33.4,21.6,0.0,24,24,2025,2,24,True,True,0.0
2025-02-25,25.6375,32.5,20.5,4.8,24,24,2025,2,25,True,True,1.0
2025-02-26,25.825,33.3,21.1,0.0,24,24,2025,2,26,True,True,0.0
2025-02-27,26.95,34.4,20.6,0.0,24,24,2025,2,27,True,True,0.0
2025-02-28,27.3,34.4,22.1,0.0,24,24,2025,2,28,True,True,0.0
2025-03-01,27.34166666666667,34.7,21.7,0.0,24,24,2025,3,1,True,True,0.0
2025-03-02,27.270833333333332,34.1,21.8,0.0,24,24,2025,3,2,True,True,0.0
2025-03-03,27.6875,35.1,21.7,0.0,24,24,2025,3,3,True,True,0.0
2025-03-04,25.433333333333334,33.9,21.9,0.0,24,24,2025,3,4,True,True,0.0
2025-03-05,25.8875,32.4,21.5,0.0,24,24,2025,3,5,True,True,0.0
2025-03-06,26.4875,33.7,20.8,0.0,24,24,2025,3,6,True,True,0.0
2025-03-07,25.925,33.7,20.2,0.0,24,24,2025,3,7,True,True,0.0
2025-03-08,26.379166666666666,34.0,20.5,0.0,24,24,2025,3,8,True,True,0.0
2025-03-09,27.775000000000002,35.9,20.4,0.0,24,24,2025,3,9,True,True,0.0
2025-03-10,26.233333333333334,33.0,21.9,0.0,24,24,2025,3,10,True,True,0.0
2025-03-11,24.5125,30.1,20.8,0.0,24,24,2025,3,11,True,True,0.0
2025-03-12,26.454166666666666,34.5,19.8,0.0,24,24,2025,3,12,True,True,0.0
2025-03-13,26.087500000000002,33.4,20.2,0.0,24,24,2025,3,13,True,True,0.0
2025-03-14,26.425,34.8,21.0,0.0,24,24,2025,3,14,True,True,0.0
2025-03-15,25.7625,34.6,20.6,17.599999999999998,24,24,2025,3,15,True,True,1.0
2025-03-16,24.616666666666664,31.4,20.1,0.0,24,24,2025,3,16,True,True,0.0
2025-03-17,24.0,32.1,18.8,0.8,24,24,2025,3,17,True,True,0.0
2025-03-18,24.233333333333334,31.0,20.0,3.2,24,24,2025,3,18,True,True,1.0
2025-03-19,22.854166666666668,29.0,19.7,9.4,24,24,2025,3,19,True,True,1.0
2025-03-20,22.775000000000002,30.1,17.4,0.0,24,24,2025,3,20,True,True,0.0
2025-03-21,22.583333333333332,30.7,16.1,0.0,24,24,2025,3,21,True,True,0.0
2025-03-22,24.441666666666666,32.4,18.5,0.0,24,24,2025,3,22,True,True,0.0
2025-03-23,22.833333333333332,29.0,20.7,6.8,24,24,2025,3,23,True,True,1.0
2025-03-24,23.45,30.8,18.7,0.0,24,24,2025,3,24,True,True,0.0
2025-03-25,25.820833333333336,33.5,20.4,0.0,24,24,2025,3,25,True,True,0.0
2025-03-26,23.287499999999998,28.7,19.2,23.999999999999996,24,24,2025,3,26,True,True,1.0
2025-03-27,23.9875,31.5,18.6,0.0,24,24,2025,3,27,True,True,0.0
2025-03-28,24.229166666666668,30.9,20.6,0.0,24,24,2025,3,28,True,True,0.0
2025-03-29,25.516666666666666,33.2,20.6,0.0,24,24,2025,3,29,True,True,0.0
2025-03-30,24.616666666666664,31.7,20.9,0.0,24,24,2025,3,30,True,True,0.0
2025-03-31,22.458333333333332,25.3,20.4,0.6000000000000001,24,24,2025,3,31,True,True,0.0
2025-04-01,24.037499999999998,30.4,19.9,0.0,24,24,2025,4,1,True,True,0.0
2025-04-02,26.070833333333336,33.7,20.7,0.0,24,24,2025,4,2,True,True,0.0
2025-04-03,25.479166666666668,32.0,21.5,1.2,24,24,2025,4,3,True,True,1.0
2025-04-04,25.03333333333333,31.6,20.5,0.0,24,24,2025,4,4,True,True,0.0
2025-04-05,21.358333333333334,26.5,18.1,0.0,24,24,2025,4,5,True,True,0.0
2025-04-06,21.191666666666666,27.6,17.1,0.0,24,24,2025,4,6,True,True,0.0
2025-04-07,21.96666666666667,28.6,17.4,0.0,24,24,2025,4,7,True,True,0.0
2025-04-08,23.016666666666666,31.1,16.4,0.0,24,24,2025,4,8,True,True,0.0
2025-04-09,24.099999999999998,31.4,19.2,0.2,24,24,2025,4,9,True,True,0.0
2025-04-10,24.1875,31.3,18.9,0.0,24,24,2025,4,10,True,True,0.0
2025-04-11,23.554166666666664,30.9,19.0,0.0,24,24,2025,4,11,True,True,0.0
2025-04-12,23.120833333333334,30.5,17.5,0.0,24,24,2025,4,12,True,True,0.0
2025-04-13,22.616666666666664,27.5,18.9,0.0,24,24,2025,4,13,True,True,0.0
2025-04-14,23.258333333333336,29.5,19.4,0.0,24,24,2025,4,14,True,True,0.0
2025-04-15,21.391666666666666,26.4,18.1,0.0,24,24,2025,4,15,True,True,0.0
2025-04-16,21.083333333333332,26.8,17.2,1.2,24,24,2025,4,16,True,True,1.0
2025-04-17,23.0,28.3,18.7,0.0,24,24,2025,4,17,True,True,0.0
2025-04-18,22.758333333333336,26.7,19.9,0.0,24,24,2025,4,18,True,True,0.0
2025-04-19,22.629166666666666,28.0,19.9,0.4,24,24,2025,4,19,True,True,0.0
2025-04-20,22.4375,28.0,19.1,0.0,24,24,2025,4,20,True,True,0.0
2025-04-21,21.629166666666666,28.8,16.5,0.0,24,24,2025,4,21,True,True,0.0
2025-04-22,20.620833333333334,28.3,15.0,0.0,24,24,2025,4,22,True,True,0.0
2025-04-23,21.3125,30.3,15.1,0.0,24,24,2025,4,23,True,True,0.0
2025-04-24,21.125,26.3,18.3,22.0,24,24,2025,4,24,True,True,1.0
2025-04-25,20.2625,23.6,18.3,6.2,24,24,2025,4,25,True,True,1.0
2025-04-26,21.84166666666667,28.2,18.7,0.0,24,24,2025,4,26,True,True,0.0
2025-04-27,21.72083333333333,28.4,18.4,0.0,24,24,2025,4,27,True,True,0.0
2025-04-28,21.770833333333332,26.2,18.5,15.2,24,24,2025,4,28,True,True,1.0
2025-04-29,20.995833333333334,25.9,18.0,1.2000000000000002,24,24,2025,4,29,True,True,1.0
2025-04-30,19.458333333333332,25.8,15.0,0.0,24,24,2025,4,30,True,True,0.0
2025-05-01,19.1375,26.4,14.0,0.0,24,24,2025,5,1,True,True,0.0
2025-05-02,20.120833333333334,27.7,14.4,0.0,24,24,2025,5,2,True,True,0.0
2025-05-03,20.816666666666666,28.4,15.6,0.0,24,24,2025,5,3,True,True,0.0
2025-05-04,20.595833333333335,27.3,16.0,0.0,24,24,2025,5,4,True,True,0.0
2025-05-05,20.849999999999998,27.3,16.6,0.0,24,24,2025,5,5,True,True,0.0
2025-05-06,20.491666666666667,27.3,15.4,0.0,24,24,2025,5,6,True,True,0.0
2025-05-07,21.53333333333333,28.7,16.3,0.0,24,24,2025,5,7,True,True,0.0
2025-05-08,23.3125,30.3,18.0,0.0,24,24,2025,5,8,True,True,0.0
2025-05-09,24.291666666666668,30.9,19.0,0.0,24,24,2025,5,9,True,True,0.0
2025-05-10,22.479166666666668,30.0,18.9,6.800000000000001,24,24,2025,5,10,True,True,1.0
2025-05-11,19.095833333333335,23.8,16.4,0.0,24,24,2025,5,11,True,True,0.0
2025-05-12,19.525000000000002,24.4,16.3,0.0,24,24,2025,5,12,True,True,0.0
2025-05-13,20.2625,25.3,16.7,3.0,24,24,2025,5,13,True,True,1.0
2025-05-14,19.829166666666666,26.1,15.6,0.0,24,24,2025,5,14,True,True,0.0
2025-05-15,18.791666666666668,26.2,13.9,0.0,24,24,2025,5,15,True,True,0.0
2025-05-16,19.579166666666666,27.0,14.9,0.0,24,24,2025,5,16,True,True,0.0
2025-05-17,20.866666666666667,27.8,15.6,0.0,24,24,2025,5,17,True,True,0.0
2025-05-18,21.420833333333334,28.4,17.2,0.0,24,24,2025,5,18,True,True,0.0
2025-05-19,21.724999999999998,28.6,16.0,0.0,24,24,2025,5,19,True,True,0.0
2025-05-20,21.866666666666664,28.2,16.5,0.0,24,24,2025,5,20,True,True,0.0
2025-05-21,21.587500000000002,28.1,16.0,0.0,24,24,2025,5,21,True,True,0.0
2025-05-22,21.5625,28.5,17.3,0.0,24,24,2025,5,22,True,True,0.0
2025-05-23,20.537499999999998,26.9,16.2,0.0,24,24,2025,5,23,True,True,0.0
2025-05-24,20.404166666666665,27.7,16.1,0.0,24,24,2025,5,24,True,True,0.0
2025-05-25,20.854166666666668,28.1,15.5,0.0,24,24,2025,5,25,True,True,0.0
2025-05-26,21.429166666666664,28.0,16.7,0.0,24,24,2025,5,26,True,True,0.0
2025-05-27,21.416666666666668,27.9,17.3,0.0,24,24,2025,5,27,True,True,0.0
2025-05-28,17.837500000000002,20.8,12.8,2.0,24,24,2025,5,28,True,True,1.0
2025-05-29,12.341666666666667,18.8,8.3,0.4,24,24,2025,5,29,True,True,0.0
2025-05-30,12.4125,20.6,6.1,0.0,24,24,2025,5,30,True,True,0.0
2025-05-31,15.879166666666668,24.8,9.5,0.0,24,24,2025,5,31,True,True,0.0
2025-06-01,18.3625,27.2,11.6,0.0,24,24,2025,6,1,True,True,0.0
2025-06-02,20.0,27.0,14.0,0.0,24,24,2025,6,2,True,True,0.0
2025-06-03,18.329166666666666,24.0,16.0,15.399999999999999,24,24,2025,6,3,True,True,1.0
2025-06-04,20.166666666666668,27.6,14.3,0.2,24,24,2025,6,4,True,True,0.0
2025-06-05,20.633333333333333,25.4,17.1,9.0,24,24,2025,6,5,True,True,1.0
2025-06-06,19.9875,27.2,16.8,5.4,24,24,2025,6,6,True,True,1.0
2025-06-07,17.462500000000002,19.5,15.5,4.6,24,24,2025,6,7,True,True,1.0
2025-06-08,16.875,18.9,15.9,7.6000000000000005,24,24,2025,6,8,True,True,1.0
2025-06-09,17.833333333333332,23.4,15.6,0.4,24,24,2025,6,9,True,True,0.0
2025-06-10,16.45,21.8,13.5,0.2,24,24,2025,6,10,True,True,0.0
2025-06-11,14.629166666666668,20.7,10.4,0.0,24,24,2025,6,11,True,True,0.0
2025-06-12,13.033333333333333,19.2,7.7,0.0,24,24,2025,6,12,True,True,0.0
2025-06-13,14.9125,22.1,9.5,0.0,24,24,2025,6,13,True,True,0.0
2025-06-14,16.125,22.7,11.2,0.0,24,24,2025,6,14,True,True,0.0
2025-06-15,15.756521739130434,18.9,14.2,6.4,23,23,2025,6,15,True,True,1.0
2025-06-16,18.658333333333335,26.0,13.5,0.0,24,24,2025,6,16,True,True,0.0
2025-06-17,19.345833333333335,25.8,15.0,0.0,24,24,2025,6,17,True,True,0.0
2025-06-18,18.545833333333334,25.7,14.0,0.0,24,24,2025,6,18,True,True,0.0
2025-06-19,20.075,27.7,15.1,0.0,24,24,2025,6,19,True,True,0.0
2025-06-20,20.895833333333332,27.6,16.0,0.0,24,24,2025,6,20,True,True,0.0
2025-06-21,19.891666666666666,25.1,15.3,0.0,24,24,2025,6,21,True,True,0.0
2025-06-22,18.808333333333334,22.4,16.9,0.4,24,24,2025,6,22,True,True,0.0
2025-06-23,17.245833333333334,19.4,13.8,26.8,24,24,2025,6,23,True,True,1.0
2025-06-24,11.166666666666666,16.3,6.7,0.8,24,24,2025,6,24,True,True,0.0
2025-06-25,11.929166666666667,20.7,4.3,0.0,24,24,2025,6,25,True,True,0.0
2025-06-26,20.108333333333334,28.5,12.5,0.0,24,24,2025,6,26,True,True,0.0
2025-06-27,20.570833333333333,26.7,18.5,14.600000000000001,24,24,2025,6,27,True,True,1.0
2025-06-28,19.900000000000002,27.1,15.5,0.2,24,24,2025,6,28,True,True,0.0
2025-06-29,21.220833333333335,27.8,15.2,0.0,24,24,2025,6,29,True,True,0.0
2025-06-30,20.008333333333333,24.5,17.6,0.0,24,24,2025,6,30,True,True,0.0
2025-07-01,17.858333333333334,23.7,14.0,0.0,24,24,2025,7,1,True,True,0.0
2025-07-02,14.883333333333333,22.0,10.8,0.0,24,24,2025,7,2,True,True,0.0
2025-07-03,14.31304347826087,20.3,11.2,0.0,23,23,2025,7,3,True,True,0.0
2025-07-04,15.145833333333334,22.1,9.9,0.0,24,24,2025,7,4,True,True,0.0
2025-07-05,15.608333333333334,23.4,10.3,0.0,24,24,2025,7,5,True,True,0.0
2025-07-06,15.975,23.8,10.7,0.0,24,24,2025,7,6,True,True,0.0
2025-07-07,15.770833333333334,23.3,11.2,0.0,24,24,2025,7,7,True,True,0.0
2025-07-08,15.362499999999999,23.2,9.9,0.0,24,24,2025,7,8,True,True,0.0
2025-07-09,15.670833333333334,22.3,10.7,0.0,24,24,2025,7,9,True,True,0.0
2025-07-10,17.170833333333334,24.3,13.2,0.0,24,24,2025,7,10,True,True,0.0
2025-07-11,18.162499999999998,26.1,12.6,0.0,24,24,2025,7,11,True,True,0.0
2025-07-12,19.354166666666668,25.8,14.7,0.0,24,24,2025,7,12,True,True,0.0
2025-07-13,19.279166666666665,23.9,16.0,0.0,24,24,2025,7,13,True,True,0.0
2025-07-14,18.695833333333333,23.9,15.8,0.0,24,24,2025,7,14,True,True,0.0
2025-07-15,18.341666666666665,25.9,13.1,0.0,24,24,2025,7,15,True,True,0.0
2025-07-16,18.191666666666666,26.7,11.9,0.0,24,24,2025,7,16,True,True,0.0
2025-07-17,19.616666666666667,27.2,12.8,0.0,24,24,2025,7,17,True,True,0.0
2025-07-18,18.345833333333335,25.7,12.5,0.0,24,24,2025,7,18,True,True,0.0
2025-07-19,16.179166666666667,24.9,9.8,0.0,24,24,2025,7,19,True,True,0.0
2025-07-20,15.762500000000001,23.6,10.2,0.0,24,24,2025,7,20,True,True,0.0
2025-07-21,18.154166666666665,27.5,11.4,0.0,24,24,2025,7,21,True,True,0.0
2025-07-22,19.533333333333335,27.6,13.6,0.0,24,24,2025,7,22,True,True,0.0
2025-07-23,19.462500000000002,26.9,13.1,0.0,24,24,2025,7,23,True,True,0.0
2025-07-24,17.9375,25.4,12.3,0.0,24,24,2025,7,24,True,True,0.0
2025-07-25,17.666666666666668,25.0,13.2,0.0,24,24,2025,7,25,True,True,0.0
2025-07-26,18.7625,27.3,12.5,0.0,24,24,2025,7,26,True,True,0.0
2025-07-27,22.379166666666666,30.4,15.7,0.0,24,24,2025,7,27,True,True,0.0
2025-07-28,18.849999999999998,23.7,15.2,10.0,24,24,2025,7,28,True,True,1.0
2025-07-29,13.775,21.1,8.9,0.2,24,24,2025,7,29,True,True,0.0
2025-07-30,13.4625,20.8,7.4,0.0,24,24,2025,7,30,True,True,0.0
2025-07-31,14.9125,24.0,7.4,0.0,24,24,2025,7,31,True,True,0.0
2025-08-01,18.425,27.8,11.0,0.0,24,24,2025,8,1,True,True,0.0
2025-08-02,20.329166666666666,28.4,14.0,0.0,24,24,2025,8,2,True,True,0.0
2025-08-03,20.658333333333335,28.5,15.3,0.0,24,24,2025,8,3,True,True,0.0
2025-08-04,18.6375,25.5,13.3,0.0,24,24,2025,8,4,True,True,0.0
2025-08-05,17.166666666666668,21.2,14.4,0.0,24,24,2025,8,5,True,True,0.0
2025-08-06,17.0625,24.9,11.6,0.0,24,24,2025,8,6,True,True,0.0
2025-08-07,18.645833333333332,27.8,12.1,0.0,24,24,2025,8,7,True,True,0.0
2025-08-08,18.441666666666666,26.3,14.5,0.0,24,24,2025,8,8,True,True,0.0
2025-08-09,13.795833333333334,20.2,8.1,0.0,24,24,2025,8,9,True,True,0.0
2025-08-10,12.4625,21.3,4.7,0.0,24,24,2025,8,10,True,True,0.0
2025-08-11,13.570833333333333,22.2,7.4,0.0,24,24,2025,8,11,True,True,0.0
2025-08-12,14.325000000000001,23.7,7.2,0.0,24,24,2025,8,12,True,True,0.0
2025-08-13,17.5,27.9,9.8,0.0,24,24,2025,8,13,True,True,0.0
2025-08-14,18.658333333333335,28.0,12.3,0.0,24,24,2025,8,14,True,True,0.0
2025-08-15,17.391666666666666,27.1,10.8,0.0,24,24,2025,8,15,True,True,0.0
2025-08-16,18.820833333333333,28.0,12.0,0.0,24,24,2025,8,16,True,True,0.0
2025-08-17,20.566666666666666,30.1,13.2,0.0,24,24,2025,8,17,True,True,0.0
2025-08-18,20.733333333333334,29.3,13.5,0.0,24,24,2025,8,18,True,True,0.0
2025-08-19,21.2,31.2,13.7,0.0,24,24,2025,8,19,True,True,0.0
2025-08-20,21.745833333333334,29.3,17.3,1.0,24,24,2025,8,20,True,True,1.0
2025-08-21,23.583333333333332,32.0,17.1,0.0,24,24,2025,8,21,True,True,0.0
2025-08-22,25.28333333333333,34.0,18.3,0.0,24,24,2025,8,22,True,True,0.0
2025-08-23,25.045833333333334,33.8,16.9,0.0,24,24,2025,8,23,True,True,0.0
2025-08-24,24.383333333333336,32.6,16.2,0.0,24,24,2025,8,24,True,True,0.0
2025-08-25,21.175,30.4,14.1,0.0,24,24,2025,8,25,True,True,0.0
2025-08-26,20.712500000000002,28.6,15.5,0.0,24,24,2025,8,26,True,True,0.0
2025-08-27,20.716666666666665,30.6,14.4,0.0,24,24,2025,8,27,True,True,0.0
2025-08-28,21.212500000000002,31.0,14.6,0.2,24,24,2025,8,28,True,True,0.0
2025-08-29,19.958333333333332,26.6,15.8,0.4,24,24,2025,8,29,True,True,0.0
2025-08-30,21.349999999999998,29.2,15.3,0.0,24,24,2025,8,30,True,True,0.0
2025-08-31,21.25,29.9,14.4,0.0,24,24,2025,8,31,True,True,0.0
2025-09-01,22.337500000000002,31.7,16.2,0.0,24,24,2025,9,1,True,True,0.0
2025-09-02,22.03333333333333,29.2,16.4,0.0,24,24,2025,9,2,True,True,0.0
2025-09-03,23.254166666666666,31.5,16.6,0.0,24,24,2025,9,3,True,True,0.0
2025-09-04,23.729166666666668,31.8,17.8,0.0,24,24,2025,9,4,True,True,0.0
2025-09-05,25.2625,33.4,18.7,0.0,24,24,2025,9,5,True,True,0.0
2025-09-06,20.075,27.6,15.2,0.0,24,24,2025,9,6,True,True,0.0
2025-09-07,20.974999999999998,28.6,15.3,0.0,24,24,2025,9,7,True,True,0.0
2025-09-08,25.112499999999997,35.0,17.4,0.0,24,24,2025,9,8,True,True,0.0
2025-09-09,23.083333333333332,27.0,19.1,0.0,24,24,2025,9,9,True,True,0.0
2025-09-10,22.991666666666664,32.8,14.5,0.0,24,24,2025,9,10,True,True,0.0
2025-09-11,24.15416666666667,35.3,15.1,0.0,24,24,2025,9,11,True,True,0.0
2025-09-12,22.400000000000002,30.8,16.2,0.0,24,24,2025,9,12,True,True,0.0
2025-09-13,20.808333333333334,30.5,14.1,0.0,24,24,2025,9,13,True,True,0.0
2025-09-14,21.474999999999998,32.4,13.9,0.0,24,24,2025,9,14,True,True,0.0
2025-09-15,22.954166666666666,33.7,15.1,0.0,24,24,2025,9,15,True,True,0.0
2025-09-16,22.8125,31.6,15.9,0.0,24,24,2025,9,16,True,True,0.0
2025-09-17,23.09583333333333,31.2,17.3,0.0,24,24,2025,9,17,True,True,0.0
2025-09-18,21.525000000000002,31.5,13.2,0.0,24,24,2025,9,18,True,True,0.0
2025-09-19,23.275000000000002,33.8,15.4,0.0,24,24,2025,9,19,True,True,0.0
2025-09-20,26.78333333333333,34.8,20.1,0.0,24,24,2025,9,20,True,True,0.0
2025-09-21,28.579166666666666,36.2,21.0,0.0,24,24,2025,9,21,True,True,0.0
2025-09-22,23.95,31.2,18.6,4.0,24,24,2025,9,22,True,True,1.0
2025-09-23,20.483333333333334,27.9,14.7,0.2,24,24,2025,9,23,True,True,0.0
2025-09-24,20.191666666666666,30.9,12.5,0.0,24,24,2025,9,24,True,True,0.0
2025-09-25,19.033333333333335,26.5,15.4,0.0,24,24,2025,9,25,True,True,0.0
2025-09-26,19.391666666666666,26.8,14.2,0.0,24,24,2025,9,26,True,True,0.0
2025-09-27,21.025,31.1,13.0,0.0,24,24,2025,9,27,True,True,0.0
2025-09-28,23.625,34.3,14.3,0.0,24,24,2025,9,28,True,True,0.0
2025-09-29,26.991666666666664,36.1,19.4,0.0,24,24,2025,9,29,True,True,0.0
2025-09-30,28.099999999999998,37.4,19.6,0.0,24,24,2025,9,30,True,True,0.0
2025-10-01,26.145833333333332,35.1,18.6,0.0,24,24,2025,10,1,True,True,0.0
2025-10-02,24.587500000000002,34.5,18.4,0.0,24,24,2025,10,2,True,True,0.0
2025-10-03,25.0125,33.5,18.5,0.0,24,24,2025,10,3,True,True,0.0
2025-10-04,21.754166666666666,25.6,18.4,0.4,24,24,2025,10,4,True,True,0.0
2025-10-05,26.962500000000002,36.8,19.3,0.0,24,24,2025,10,5,True,True,0.0
2025-10-06,29.333333333333332,37.9,21.2,0.0,24,24,2025,10,6,True,True,0.0
2025-10-07,23.291666666666668,27.7,17.2,0.0,24,24,2025,10,7,True,True,0.0
2025-10-08,19.837500000000002,25.2,16.8,0.0,24,24,2025,10,8,True,True,0.0
2025-10-09,21.516666666666666,29.7,15.5,0.6000000000000001,24,24,2025,10,9,True,True,0.0
2025-10-10,21.59166666666667,31.5,17.0,0.8,24,24,2025,10,10,True,True,0.0
2025-10-11,23.3625,32.7,16.8,0.0,24,24,2025,10,11,True,True,0.0
2025-10-12,20.633333333333333,24.2,18.0,2.2,24,24,2025,10,12,True,True,1.0
2025-10-13,19.1125,20.3,17.9,22.0,24,24,2025,10,13,True,True,1.0
2025-10-14,22.575,28.8,19.2,18.8,24,24,2025,10,14,True,True,1.0
2025-10-15,23.47083333333333,32.1,17.3,6.000000000000001,24,24,2025,10,15,True,True,1.0
2025-10-16,25.637500000000003,36.2,17.2,0.8,24,24,2025,10,16,True,True,0.0
2025-10-17,26.358333333333334,37.6,19.8,1.0,24,24,2025,10,17,True,True,1.0
2025-10-18,20.129166666666666,22.4,18.5,18.0,24,24,2025,10,18,True,True,1.0
2025-10-19,17.295833333333334,22.3,13.4,8.399999999999999,24,24,2025,10,19,True,True,1.0
2025-10-20,17.337500000000002,25.3,11.2,1.4,24,24,2025,10,20,True,True,1.0
2025-10-21,18.491666666666667,26.2,12.5,0.0,24,24,2025,10,21,True,True,0.0
2025-10-22,,,,,19,19,2025,10,22,False,False,
2025-10-23,20.395833333333332,28.5,12.8,0.0,24,24,2025,10,23,True,True,0.0
2025-10-24,22.2625,31.0,14.2,0.0,24,24,2025,10,24,True,True,0.0
2025-10-25,24.400000000000002,33.6,15.9,0.0,24,24,2025,10,25,True,True,0.0
2025-10-26,26.566666666666666,34.9,21.0,0.0,24,24,2025,10,26,True,True,0.0
2025-10-27,20.633333333333333,23.8,18.4,2.5999999999999996,24,24,2025,10,27,True,True,1.0
2025-10-28,22.679166666666664,28.9,18.6,0.2,24,24,2025,10,28,True,True,0.0
2025-10-29,23.104166666666668,31.5,19.1,3.2,24,24,2025,10,29,True,True,1.0
2025-10-30,20.091666666666665,23.8,16.1,0.6000000000000001,24,24,2025,10,30,True,True,0.0
2025-10-31,20.641666666666666,27.2,17.2,0.2,24,24,2025,10,31,True,True,0.0
2025-11-01,23.712500000000002,32.5,17.6,0.0,24,24,2025,11,1,True,True,0.0
2025-11-02,19.224999999999998,22.5,17.6,35.800000000000004,24,24,2025,11,2,True,True,1.0
2025-11-03,22.460869565217394,29.3,18.0,15.399999999999999,23,23,2025,11,3,True,True,1.0
2025-11-04,24.8625,32.9,19.1,1.0,24,24,2025,11,4,True,True,1.0
2025-11-05,21.945833333333336,28.0,19.2,1.6,24,24,2025,11,5,True,True,1.0
2025-11-06,22.09166666666667,29.1,18.3,0.0,24,24,2025,11,6,True,True,0.0
2025-11-07,23.9375,33.7,15.0,0.0,24,24,2025,11,7,True,True,0.0
2025-11-08,22.308333333333334,26.9,19.0,19.6,24,24,2025,11,8,True,True,1.0
2025-11-09,20.891666666666666,28.0,15.7,1.6,24,24,2025,11,9,True,True,1.0
2025-11-10,20.287499999999998,28.9,12.7,0.0,24,24,2025,11,10,True,True,0.0
2025-11-11,22.416666666666668,31.8,13.8,0.0,24,24,2025,11,11,True,True,0.0
2025-11-12,24.920833333333334,33.9,16.2,0.0,24,24,2025,11,12,True,True,0.0
2025-11-13,22.633333333333336,28.0,19.5,1.2000000000000002,24,24,2025,11,13,True,True,1.0
2025-11-14,21.795833333333334,25.7,19.3,0.8,24,24,2025,11,14,True,True,0.0
2025-11-15,22.608333333333334,28.4,18.4,0.2,24,24,2025,11,15,True,True,0.0
2025-11-16,21.849999999999998,25.8,19.4,2.4,24,24,2025,11,16,True,True,1.0
2025-11-17,21.962500000000002,26.5,19.0,5.800000000000001,24,24,2025,11,17,True,True,1.0
2025-11-18,21.233333333333334,25.9,18.4,3.6,24,24,2025,11,18,True,True,1.0
2025-11-19,21.020833333333332,29.5,12.9,0.0,24,24,2025,11,19,True,True,0.0
2025-11-20,22.370833333333334,29.3,15.6,0.0,24,24,2025,11,20,True,True,0.0
2025-11-21,24.21666666666667,33.5,15.7,0.0,24,24,2025,11,21,True,True,0.0
2025-11-22,26.429166666666664,35.3,20.0,0.0,24,24,2025,11,22,True,True,0.0
2025-11-23,24.166666666666668,32.0,18.6,4.8,24,24,2025,11,23,True,True,1.0
2025-11-24,19.429166666666667,24.7,16.9,9.4,24,24,2025,11,24,True,True,1.0
2025-11-25,20.945833333333333,28.6,14.5,0.0,24,24,2025,11,25,True,True,0.0
2025-11-26,21.90416666666667,29.1,15.0,0.0,24,24,2025,11,26,True,True,0.0
2025-11-27,21.849999999999998,30.4,13.8,0.0,24,24,2025,11,27,True,True,0.0
2025-11-28,22.8,32.0,14.1,0.0,24,24,2025,11,28,True,True,0.0
2025-11-29,26.104166666666668,35.0,17.9,0.0,24,24,2025,11,29,True,True,0.0
2025-11-30,27.766666666666666,36.6,20.6,0.0,24,24,2025,11,30,True,True,0.0
2025-12-01,26.425,34.9,20.4,0.0,24,24,2025,12,1,True,True,0.0
2025-12-02,25.5125,32.1,21.8,0.0,24,24,2025,12,2,True,True,0.0
2025-12-03,25.0125,34.0,19.4,12.6,24,24,2025,12,3,True,True,1.0
2025-12-04,23.77916666666667,32.2,18.7,0.0,24,24,2025,12,4,True,True,0.0
2025-12-05,24.566666666666666,33.0,17.3,0.0,24,24,2025,12,5,True,True,0.0
2025-12-06,26.120833333333334,33.8,19.2,0.0,24,24,2025,12,6,True,True,0.0
2025-12-07,23.962500000000002,31.3,21.5,3.8,24,24,2025,12,7,True,True,1.0
2025-12-08,24.7625,32.0,20.7,3.6,24,24,2025,12,8,True,True,1.0
2025-12-09,20.995833333333334,22.3,19.6,50.4,24,24,2025,12,9,True,True,1.0
2025-12-10,24.116666666666664,29.5,19.3,20.4,24,24,2025,12,10,True,True,1.0
2025-12-11,24.4375,32.0,18.7,9.2,24,24,2025,12,11,True,True,1.0
2025-12-12,21.8,24.2,19.9,4.800000000000001,24,24,2025,12,12,True,True,1.0
2025-12-13,21.104166666666668,25.5,18.8,4.2,24,24,2025,12,13,True,True,1.0
2025-12-14,20.6875,22.1,19.1,4.800000000000001,24,24,2025,12,14,True,True,1.0
2025-12-15,24.545833333333334,30.7,20.1,4.800000000000001,24,24,2025,12,15,True,True,1.0
2025-12-16,23.333333333333332,27.0,20.3,5.0,24,24,2025,12,16,True,True,1.0
2025-12-17,21.84166666666667,26.6,17.8,4.2,24,24,2025,12,17,True,True,1.0
2025-12-18,21.662499999999998,26.3,16.8,3.8,24,24,2025,12,18,True,True,1.0
2025-12-19,23.7625,30.4,18.1,4.000000000000001,24,24,2025,12,19,True,True,1.0
2025-12-20,24.645833333333332,31.7,20.0,1.2000000000000002,24,24,2025,12,20,True,True,1.0
2025-12-21,25.912499999999998,33.5,19.2,0.8,24,24,2025,12,21,True,True,0.0
2025-12-22,26.834782608695654,33.7,21.9,0.4,23,23,2025,12,22,True,True,0.0
2025-12-23,27.530434782608697,34.4,21.8,0.2,23,23,2025,12,23,True,True,0.0
2025-12-24,27.96666666666667,35.5,21.3,0.0,24,24,2025,12,24,True,True,0.0
2025-12-25,28.829166666666666,36.5,23.1,0.0,24,24,2025,12,25,True,True,0.0
2025-12-26,28.620833333333334,36.5,22.7,3.8000000000000003,24,24,2025,12,26,True,True,1.0
2025-12-27,26.645833333333332,35.2,21.3,2.5999999999999996,24,24,2025,12,27,True,True,1.0
2025-12-28,25.03333333333333,35.1,19.4,27.6,24,24,2025,12,28,True,True,1.0
2025-12-29,26.075,33.6,19.8,8.4,24,24,2025,12,29,True,True,1.0
2025-12-30,27.066666666666666,34.2,21.3,1.6,24,24,2025,12,30,True,True,1.0
2025-12-31,,,,,21,21,2025,12,31,False,False,
